pupils;classes;gpa;teacher_fan;bieber
1;1;2;0;1
2;1;3;0;0
3;1;3;0;0
4;1;3;0;1
5;1;2;0;1
6;1;3;0;0
7;1;3;0;0
8;1;3;0;1
9;1;3;0;1
10;1;3;0;1
11;1;2;0;1
12;1;3;0;0
13;1;3;0;0
14;1;3;0;1
15;1;3;0;0
16;1;2;0;1
17;1;3;0;1
18;1;3;0;0
19;1;3;0;0
20;1;3;0;1
21;1;3;0;0
22;1;3;0;1
23;2;1;1;1
24;2;1;1;0
25;2;2;1;1
26;2;2;1;1
27;2;1;1;0
28;2;1;1;0
29;2;1;1;1
30;2;1;1;1
31;2;1;1;0
32;2;1;1;1
33;2;1;1;0
34;2;3;1;1
35;2;1;1;0
36;2;1;1;1
37;2;1;1;1
38;2;1;1;0
39;2;1;1;1
40;2;3;1;1
41;2;2;1;1
42;2;1;1;0
43;3;2;0;1
44;3;2;0;1
45;3;2;0;0
46;3;3;0;0
47;3;2;0;1
48;3;2;0;1
49;3;2;0;0
50;3;3;0;1
51;3;3;0;0
52;3;2;0;0
53;3;3;0;0
54;3;3;0;0
55;3;3;0;0
56;3;3;0;1
57;3;3;0;0
58;3;3;0;0
59;3;3;0;0
60;3;2;0;0
61;4;3;0;0
62;4;2;0;1
63;4;2;0;0
64;4;3;0;0
65;4;2;0;0
66;4;3;0;0
67;4;3;0;1
68;4;3;0;0
69;4;2;0;1
70;4;2;0;0
71;4;2;0;0
72;4;3;0;0
73;4;3;0;0
74;4;2;0;0
75;4;2;0;0
76;4;2;0;0
77;4;2;0;0
78;5;3;0;0
79;5;2;0;1
80;5;3;0;1
81;5;3;0;1
82;5;2;0;1
83;5;3;0;0
84;5;2;0;1
85;5;3;0;1
86;5;3;0;1
87;5;3;0;1
88;5;3;0;0
89;5;3;0;1
90;5;3;0;1
91;5;2;0;1
92;5;3;0;0
93;5;3;0;0
94;5;1;0;0
95;5;3;0;0
96;5;2;0;0
97;5;3;0;0
98;5;2;0;0
99;5;3;0;1
100;5;3;0;1
101;6;1;1;1
102;6;3;1;1
103;6;2;1;0
104;6;3;1;1
105;6;1;1;0
106;6;2;1;0
107;6;1;1;1
108;6;2;1;0
109;6;1;1;0
110;6;3;1;1
111;6;1;1;1
112;6;1;1;0
113;6;1;1;0
114;6;2;1;0
115;6;3;1;1
116;6;2;1;1
117;6;2;1;1
118;6;3;1;1
119;6;4;1;1
120;6;1;1;0
121;6;1;1;0
122;7;2;0;0
123;7;3;0;0
124;7;3;0;0
125;7;3;0;1
126;7;3;0;0
127;7;3;0;0
128;7;2;0;1
129;7;2;0;1
130;7;2;0;0
131;7;3;0;0
132;7;2;0;1
133;7;2;0;0
134;7;3;0;1
135;7;2;0;0
136;7;3;0;0
137;7;3;0;0
138;7;3;0;0
139;7;3;0;0
140;7;2;0;1
141;7;2;0;0
142;8;3;0;0
143;8;3;0;0
144;8;2;0;0
145;8;3;0;0
146;8;3;0;0
147;8;2;0;0
148;8;3;0;1
149;8;3;0;0
150;8;2;0;0
151;8;3;0;1
152;8;3;0;1
153;8;2;0;0
154;8;2;0;0
155;8;3;0;1
156;8;2;0;0
157;8;3;0;0
158;8;3;0;0
159;8;3;0;1
160;8;2;0;0
161;8;3;0;1
162;8;3;0;1
163;9;3;0;1
164;9;3;0;0
165;9;3;0;0
166;9;3;0;1
167;9;2;0;0
168;9;2;0;0
169;9;3;0;0
170;9;3;0;1
171;9;3;0;1
172;9;3;0;0
173;9;3;0;0
174;9;2;0;1
175;9;2;0;0
176;9;2;0;0
177;9;3;0;0
178;9;3;0;1
179;9;3;0;0
180;9;2;0;0
181;9;2;0;0
182;10;3;0;0
183;10;2;0;0
184;10;3;0;0
185;10;2;0;1
186;10;3;0;1
187;10;3;0;1
188;10;3;0;1
189;10;3;0;1
190;10;3;0;0
191;10;3;0;1
192;10;2;0;0
193;10;3;0;0
194;10;3;0;1
195;10;3;0;1
196;10;3;0;0
197;10;2;0;1
198;10;3;0;0
199;10;3;0;0
200;10;3;0;0
201;10;3;0;1
202;10;3;0;0
203;10;2;0;1
204;11;2;0;0
205;11;3;0;0
206;11;3;0;1
207;11;3;0;1
208;11;3;0;1
209;11;2;0;1
210;11;2;0;1
211;11;3;0;1
212;11;3;0;1
213;11;3;0;1
214;11;2;0;1
215;11;2;0;1
216;11;3;0;0
217;11;2;0;1
218;11;2;0;0
219;11;2;0;1
220;11;2;0;1
221;11;3;0;1
222;12;2;0;0
223;12;3;0;0
224;12;3;0;0
225;12;3;0;0
226;12;2;0;1
227;12;2;0;0
228;12;2;0;0
229;12;3;0;0
230;12;3;0;0
231;12;2;0;0
232;12;2;0;1
233;12;3;0;0
234;12;3;0;0
235;12;3;0;0
236;12;3;0;0
237;12;2;0;0
238;12;3;0;0
239;12;2;0;0
240;12;3;0;0
241;12;3;0;0
242;13;1;1;1
243;13;1;1;0
244;13;4;1;1
245;13;1;1;0
246;13;3;1;1
247;13;2;1;1
248;13;2;1;0
249;13;1;1;0
250;13;2;1;1
251;13;4;1;1
252;13;1;1;1
253;13;4;1;1
254;13;3;1;1
255;13;4;1;1
256;13;2;1;1
257;13;4;1;1
258;13;3;1;1
259;13;1;1;0
260;13;2;1;1
261;14;2;1;1
262;14;2;1;1
263;14;1;1;1
264;14;1;1;1
265;14;2;1;1
266;14;3;1;1
267;14;4;1;1
268;14;1;1;0
269;14;2;1;1
270;14;1;1;1
271;14;2;1;1
272;14;2;1;1
273;14;3;1;1
274;14;1;1;0
275;14;2;1;1
276;14;2;1;1
277;14;3;1;1
278;14;1;1;0
279;14;3;1;1
280;14;3;1;1
281;14;2;1;1
282;15;3;0;0
283;15;3;0;0
284;15;3;0;0
285;15;2;0;0
286;15;2;0;0
287;15;3;0;1
288;15;3;0;0
289;15;2;0;0
290;15;3;0;0
291;15;3;0;0
292;15;1;0;1
293;15;3;0;0
294;15;2;0;1
295;15;3;0;1
296;15;3;0;0
297;15;3;0;0
298;15;3;0;1
299;15;3;0;0
300;15;2;0;0
301;16;3;0;0
302;16;3;0;0
303;16;3;0;0
304;16;3;0;1
305;16;3;0;0
306;16;3;0;0
307;16;3;0;1
308;16;3;0;0
309;16;3;0;0
310;16;2;0;0
311;16;3;0;0
312;16;3;0;1
313;16;3;0;0
314;16;3;0;0
315;16;3;0;0
316;16;3;0;0
317;16;3;0;1
318;16;3;0;0
319;16;3;0;0
320;16;3;0;0
321;16;3;0;0
322;17;1;1;1
323;17;3;1;1
324;17;3;1;1
325;17;1;1;0
326;17;3;1;1
327;17;2;1;1
328;17;1;1;1
329;17;1;1;1
330;17;4;1;1
331;17;3;1;1
332;17;1;1;0
333;17;3;1;1
334;17;1;1;1
335;17;3;1;1
336;17;2;1;1
337;17;1;1;1
338;17;2;1;1
339;17;1;1;0
340;17;3;1;1
341;17;3;1;1
342;18;2;0;0
343;18;3;0;0
344;18;3;0;0
345;18;3;0;0
346;18;3;0;0
347;18;3;0;0
348;18;3;0;0
349;18;2;0;0
350;18;3;0;1
351;18;3;0;1
352;18;2;0;1
353;18;3;0;0
354;18;3;0;1
355;18;3;0;1
356;18;2;0;1
357;18;2;0;0
358;18;2;0;0
359;18;3;0;0
360;18;3;0;0
361;18;3;0;0
362;18;2;0;0
363;18;2;0;0
364;18;2;0;0
365;19;2;0;0
366;19;2;0;0
367;19;3;0;1
368;19;3;0;0
369;19;3;0;0
370;19;3;0;0
371;19;3;0;0
372;19;2;0;0
373;19;2;0;0
374;19;3;0;0
375;19;3;0;0
376;19;3;0;0
377;19;2;0;1
378;19;2;0;0
379;19;3;0;0
380;19;2;0;1
381;19;2;0;0
382;20;2;1;1
383;20;2;1;1
384;20;2;1;1
385;20;3;1;1
386;20;1;1;0
387;20;1;1;1
388;20;1;1;1
389;20;3;1;1
390;20;2;1;1
391;20;3;1;1
392;20;1;1;1
393;20;1;1;1
394;20;3;1;1
395;20;2;1;1
396;20;2;1;1
397;20;2;1;1
398;20;3;1;1
399;20;3;1;1
400;20;3;1;1
401;20;2;1;0
402;21;2;0;0
403;21;3;0;0
404;21;2;0;0
405;21;3;0;1
406;21;3;0;0
407;21;2;0;0
408;21;3;0;0
409;21;2;0;1
410;21;3;0;0
411;21;3;0;0
412;21;3;0;0
413;21;3;0;1
414;21;2;0;0
415;21;2;0;1
416;21;2;0;0
417;21;3;0;0
418;21;3;0;0
419;21;3;0;1
420;21;3;0;1
421;21;3;0;0
422;22;1;1;0
423;22;2;1;0
424;22;2;1;1
425;22;2;1;0
426;22;2;1;0
427;22;1;1;1
428;22;2;1;0
429;22;1;1;0
430;22;3;1;1
431;22;3;1;1
432;22;2;1;1
433;22;1;1;0
434;22;2;1;0
435;22;3;1;1
436;22;4;1;1
437;22;1;1;0
438;22;3;1;1
439;22;2;1;1
440;22;1;1;0
441;23;3;0;0
442;23;2;0;0
443;23;3;0;1
444;23;3;0;0
445;23;3;0;0
446;23;3;0;0
447;23;3;0;0
448;23;3;0;0
449;23;2;0;0
450;23;3;0;1
451;23;3;0;0
452;23;3;0;1
453;23;3;0;0
454;23;3;0;0
455;23;3;0;1
456;23;3;0;1
457;23;3;0;0
458;23;3;0;0
459;23;3;0;0
460;23;2;0;0
461;24;3;0;0
462;24;3;0;1
463;24;3;0;0
464;24;2;0;0
465;24;2;0;0
466;24;3;0;1
467;24;3;0;0
468;24;2;0;0
469;24;3;0;0
470;24;2;0;0
471;24;3;0;0
472;24;2;0;0
473;24;3;0;0
474;24;3;0;0
475;24;3;0;0
476;24;2;0;0
477;24;3;0;0
478;24;3;0;0
479;24;2;0;0
480;25;3;1;1
481;25;2;1;1
482;25;2;1;0
483;25;3;1;1
484;25;3;1;1
485;25;1;1;0
486;25;2;1;0
487;25;3;1;1
488;25;2;1;1
489;25;1;1;0
490;25;2;1;0
491;25;2;1;1
492;25;1;1;0
493;25;3;1;1
494;25;3;1;1
495;25;2;1;1
496;25;3;1;1
497;25;2;1;1
498;25;1;1;0
499;25;1;1;0
500;25;3;1;1
501;25;1;1;1
502;25;2;1;1
503;26;1;1;0
504;26;2;1;0
505;26;2;1;1
506;26;1;1;1
507;26;3;1;1
508;26;1;1;0
509;26;1;1;0
510;26;1;1;0
511;26;3;1;1
512;26;4;1;1
513;26;2;1;1
514;26;1;1;1
515;26;2;1;0
516;26;1;1;0
517;26;2;1;0
518;26;2;1;0
519;26;2;1;1
520;26;1;1;0
521;27;3;0;0
522;27;3;0;0
523;27;3;0;1
524;27;3;0;0
525;27;3;0;0
526;27;3;0;1
527;27;2;0;0
528;27;3;0;0
529;27;2;0;0
530;27;3;0;1
531;27;3;0;0
532;27;3;0;0
533;27;3;0;1
534;27;3;0;0
535;27;3;0;0
536;27;3;0;0
537;27;3;0;0
538;27;3;0;1
539;27;3;0;0
540;27;3;0;0
541;27;3;0;0
542;28;3;0;0
543;28;3;0;0
544;28;3;0;0
545;28;2;0;0
546;28;3;0;0
547;28;2;0;0
548;28;3;0;0
549;28;3;0;0
550;28;3;0;1
551;28;3;0;0
552;28;2;0;0
553;28;3;0;0
554;28;3;0;0
555;28;3;0;0
556;28;2;0;1
557;28;3;0;0
558;28;3;0;1
559;28;3;0;1
560;28;2;0;0
561;28;3;0;0
562;29;3;0;0
563;29;3;0;0
564;29;2;0;1
565;29;2;0;1
566;29;2;0;1
567;29;3;0;0
568;29;3;0;1
569;29;3;0;1
570;29;2;0;1
571;29;2;0;1
572;29;2;0;1
573;29;2;0;1
574;29;3;0;0
575;29;2;0;1
576;29;2;0;1
577;29;3;0;0
578;29;2;0;1
579;29;2;0;1
580;30;3;1;1
581;30;2;1;1
582;30;2;1;1
583;30;1;1;0
584;30;4;1;1
585;30;2;1;1
586;30;3;1;1
587;30;4;1;1
588;30;1;1;1
589;30;2;1;0
590;30;1;1;1
591;30;1;1;1
592;30;1;1;1
593;30;2;1;0
594;30;2;1;1
595;30;4;1;1
596;30;1;1;1
597;30;2;1;0
598;30;1;1;1
599;31;3;0;1
600;31;2;0;1
601;31;3;0;0
602;31;3;0;0
603;31;3;0;1
604;31;3;0;0
605;31;3;0;0
606;31;3;0;0
607;31;3;0;1
608;31;2;0;1
609;31;3;0;0
610;31;3;0;0
611;31;3;0;1
612;31;3;0;1
613;31;2;0;1
614;31;2;0;1
615;31;3;0;1
616;31;3;0;1
617;31;2;0;1
618;31;3;0;1
619;31;2;0;0
620;31;2;0;0
621;32;3;1;1
622;32;3;1;1
623;32;3;1;1
624;32;2;1;0
625;32;2;1;1
626;32;2;1;1
627;32;2;1;1
628;32;2;1;0
629;32;3;1;1
630;32;1;1;1
631;32;1;1;1
632;32;1;1;1
633;32;2;1;0
634;32;3;1;0
635;32;2;1;1
636;32;3;1;1
637;32;1;1;1
638;32;3;1;1
639;32;3;1;1
640;32;2;1;0
641;33;3;0;1
642;33;3;0;0
643;33;3;0;1
644;33;3;0;0
645;33;3;0;0
646;33;3;0;0
647;33;2;0;0
648;33;3;0;0
649;33;3;0;0
650;33;1;0;1
651;33;3;0;0
652;33;3;0;1
653;33;2;0;1
654;33;2;0;0
655;33;3;0;0
656;33;2;0;0
657;33;2;0;0
658;33;1;0;1
659;33;3;0;0
660;34;3;0;0
661;34;3;0;1
662;34;2;0;1
663;34;3;0;0
664;34;3;0;1
665;34;3;0;0
666;34;3;0;1
667;34;3;0;0
668;34;3;0;1
669;34;3;0;1
670;34;3;0;1
671;34;2;0;1
672;34;3;0;1
673;34;2;0;1
674;34;2;0;1
675;34;2;0;1
676;34;2;0;1
677;34;3;0;1
678;34;3;0;1
679;34;3;0;0
680;34;3;0;0
681;35;1;1;1
682;35;2;1;1
683;35;1;1;0
684;35;1;1;0
685;35;1;1;0
686;35;2;1;1
687;35;3;1;1
688;35;2;1;1
689;35;1;1;0
690;35;1;1;1
691;35;1;1;1
692;35;1;1;0
693;35;1;1;1
694;35;3;1;1
695;35;3;1;1
696;35;1;1;1
697;35;1;1;1
698;35;2;1;1
699;35;1;1;0
700;35;1;1;1
701;36;3;0;1
702;36;1;0;1
703;36;3;0;1
704;36;3;0;0
705;36;1;0;0
706;36;3;0;0
707;36;1;0;0
708;36;4;0;0
709;36;3;0;0
710;36;3;0;1
711;36;3;0;0
712;36;3;0;0
713;36;2;0;0
714;36;3;0;1
715;36;3;0;0
716;36;2;0;0
717;36;1;0;0
718;36;3;0;0
719;36;3;0;0
720;36;3;0;1
721;36;1;0;1
722;37;1;0;0
723;37;1;0;0
724;37;1;0;1
725;37;2;0;0
726;37;2;0;0
727;37;1;0;0
728;37;1;0;0
729;37;1;0;1
730;37;1;0;0
731;37;1;0;1
732;37;1;0;0
733;37;2;0;0
734;37;1;0;0
735;37;1;0;1
736;37;1;0;0
737;37;1;0;0
738;37;1;0;0
739;37;1;0;0
740;37;1;0;0
741;38;3;1;1
742;38;1;1;1
743;38;1;1;0
744;38;2;1;1
745;38;2;1;1
746;38;2;1;0
747;38;2;1;1
748;38;1;1;1
749;38;3;1;0
750;38;2;1;0
751;38;2;1;1
752;38;1;1;1
753;38;2;1;1
754;38;1;1;1
755;38;1;1;0
756;38;1;1;0
757;38;1;1;0
758;38;2;1;1
759;38;2;1;1
760;38;1;1;0
761;38;2;1;1
762;39;1;0;0
763;39;1;0;0
764;39;1;0;1
765;39;1;0;0
766;39;2;0;0
767;39;2;0;0
768;39;1;0;0
769;39;1;0;0
770;39;2;0;0
771;39;1;0;1
772;39;1;0;0
773;39;2;0;0
774;39;1;0;1
775;39;1;0;0
776;39;1;0;0
777;39;2;0;0
778;39;2;0;0
779;39;1;0;1
780;39;1;0;1
781;39;1;0;0
782;40;1;1;1
783;40;1;1;0
784;40;1;1;1
785;40;1;1;1
786;40;2;1;0
787;40;1;1;1
788;40;1;1;1
789;40;1;1;1
790;40;1;1;1
791;40;1;1;1
792;40;1;1;1
793;40;3;1;1
794;40;1;1;0
795;40;1;1;0
796;40;1;1;0
797;40;1;1;1
798;40;1;1;1
799;40;1;1;1
800;40;1;1;1
801;41;1;0;0
802;41;3;0;1
803;41;1;0;0
804;41;2;0;1
805;41;2;0;1
806;41;2;0;1
807;41;1;0;0
808;41;1;0;1
809;41;3;0;0
810;41;3;0;1
811;41;1;0;1
812;41;1;0;0
813;41;1;0;1
814;41;2;0;1
815;41;1;0;0
816;41;1;0;1
817;41;2;0;0
818;41;1;0;0
819;41;1;0;0
820;41;1;0;0
821;42;2;1;0
822;42;1;1;0
823;42;2;1;0
824;42;3;1;1
825;42;1;1;1
826;42;2;1;0
827;42;2;1;1
828;42;2;1;1
829;42;1;1;1
830;42;1;1;0
831;42;1;1;0
832;42;2;1;0
833;42;1;1;0
834;42;3;1;1
835;42;2;1;0
836;42;3;1;1
837;42;1;1;1
838;42;1;1;1
839;42;1;1;0
840;42;3;1;1
841;42;1;1;1
842;43;3;0;0
843;43;1;0;0
844;43;2;0;0
845;43;2;0;1
846;43;1;0;0
847;43;1;0;0
848;43;1;0;0
849;43;2;0;1
850;43;1;0;0
851;43;1;0;1
852;43;1;0;0
853;43;2;0;0
854;43;1;0;0
855;43;1;0;0
856;43;2;0;0
857;43;2;0;0
858;43;2;0;0
859;43;1;0;0
860;43;2;0;1
861;43;3;0;0
862;43;1;0;0
863;43;1;0;1
864;43;1;0;0
865;44;1;0;0
866;44;2;0;1
867;44;2;0;1
868;44;2;0;0
869;44;2;0;0
870;44;3;0;0
871;44;2;0;1
872;44;1;0;0
873;44;2;0;1
874;44;1;0;0
875;44;2;0;0
876;44;1;0;0
877;44;2;0;1
878;44;2;0;1
879;44;1;0;0
880;44;3;0;0
881;44;1;0;0
882;45;2;1;1
883;45;1;1;1
884;45;1;1;1
885;45;1;1;1
886;45;2;1;1
887;45;1;1;0
888;45;1;1;1
889;45;2;1;1
890;45;1;1;1
891;45;2;1;1
892;45;1;1;1
893;45;1;1;1
894;45;1;1;0
895;45;2;1;1
896;45;2;1;1
897;45;1;1;1
898;45;1;1;0
899;45;2;1;1
900;45;1;1;1
901;46;1;1;1
902;46;1;1;0
903;46;1;1;0
904;46;3;1;1
905;46;2;1;1
906;46;1;1;0
907;46;1;1;1
908;46;2;1;0
909;46;2;1;0
910;46;1;1;0
911;46;1;1;0
912;46;1;1;0
913;46;1;1;1
914;46;1;1;1
915;46;1;1;1
916;46;1;1;0
917;46;1;1;0
918;46;1;1;0
919;46;1;1;0
920;46;1;1;0
921;46;1;1;1
922;46;1;1;0
923;46;1;1;1
924;47;1;0;0
925;47;1;0;0
926;47;1;0;0
927;47;2;0;1
928;47;1;0;0
929;47;1;0;1
930;47;1;0;1
931;47;1;0;0
932;47;1;0;1
933;47;1;0;0
934;47;1;0;1
935;47;1;0;1
936;47;2;0;1
937;47;1;0;0
938;47;1;0;0
939;47;1;0;0
940;47;1;0;0
941;47;2;0;0
942;47;1;0;0
943;47;1;0;0
944;47;2;0;0
945;47;1;0;0
946;47;1;0;0
947;47;1;0;0
948;48;1;1;0
949;48;3;1;1
950;48;3;1;1
951;48;2;1;1
952;48;1;1;1
953;48;1;1;1
954;48;1;1;1
955;48;1;1;1
956;48;3;1;1
957;48;1;1;1
958;48;1;1;1
959;48;1;1;1
960;48;3;1;1
961;48;2;1;1
962;48;3;1;1
963;48;1;1;1
964;48;1;1;1
965;48;3;1;1
966;48;1;1;1
967;49;2;0;0
968;49;2;0;1
969;49;1;0;0
970;49;1;0;0
971;49;2;0;0
972;49;1;0;1
973;49;1;0;1
974;49;1;0;0
975;49;1;0;1
976;49;1;0;1
977;49;1;0;0
978;49;1;0;0
979;49;2;0;0
980;49;1;0;1
981;49;2;0;1
982;49;1;0;0
983;50;2;1;1
984;50;2;1;1
985;50;1;1;0
986;50;3;1;1
987;50;3;1;1
988;50;1;1;0
989;50;2;1;0
990;50;3;1;1
991;50;2;1;0
992;50;3;1;1
993;50;2;1;1
994;50;1;1;0
995;50;2;1;1
996;50;1;1;0
997;50;1;1;0
998;50;2;1;1
999;50;3;1;1
1000;50;2;1;1
1001;51;1;0;0
1002;51;2;0;0
1003;51;1;0;0
1004;51;1;0;1
1005;51;2;0;0
1006;51;1;0;0
1007;51;2;0;0
1008;51;1;0;0
1009;51;1;0;1
1010;51;2;0;0
1011;51;2;0;0
1012;51;1;0;0
1013;51;1;0;0
1014;51;1;0;0
1015;51;1;0;0
1016;51;1;0;0
1017;51;2;0;0
1018;51;2;0;0
1019;51;1;0;1
1020;51;1;0;0
1021;51;2;0;0
1022;52;1;0;0
1023;52;1;0;0
1024;52;1;0;0
1025;52;1;0;1
1026;52;1;0;0
1027;52;2;0;0
1028;52;1;0;0
1029;52;1;0;1
1030;52;2;0;0
1031;52;1;0;0
1032;52;1;0;1
1033;52;1;0;0
1034;52;1;0;0
1035;52;1;0;0
1036;52;1;0;0
1037;52;1;0;0
1038;52;1;0;0
1039;52;1;0;1
1040;52;1;0;0
1041;53;1;1;1
1042;53;3;1;1
1043;53;2;1;1
1044;53;3;1;1
1045;53;2;1;1
1046;53;2;1;1
1047;53;2;1;1
1048;53;1;1;0
1049;53;3;1;1
1050;53;1;1;1
1051;53;2;1;1
1052;53;1;1;0
1053;53;2;1;1
1054;53;2;1;1
1055;53;3;1;1
1056;53;3;1;1
1057;53;2;1;1
1058;53;1;1;1
1059;53;1;1;0
1060;53;1;1;1
1061;54;1;1;1
1062;54;1;1;1
1063;54;2;1;1
1064;54;4;1;1
1065;54;2;1;0
1066;54;3;1;1
1067;54;1;1;0
1068;54;1;1;0
1069;54;1;1;1
1070;54;3;1;1
1071;54;3;1;1
1072;54;3;1;1
1073;54;1;1;0
1074;54;1;1;1
1075;54;3;1;1
1076;54;1;1;0
1077;54;2;1;0
1078;54;1;1;0
1079;54;3;1;1
1080;54;1;1;0
1081;54;2;1;0
1082;55;1;0;0
1083;55;1;0;1
1084;55;1;0;1
1085;55;2;0;1
1086;55;1;0;1
1087;55;1;0;0
1088;55;1;0;0
1089;55;1;0;1
1090;55;2;0;1
1091;55;2;0;1
1092;55;3;0;1
1093;55;1;0;1
1094;55;1;0;0
1095;55;3;0;1
1096;55;1;0;1
1097;55;2;0;1
1098;55;2;0;0
1099;55;2;0;0
1100;55;1;0;1
1101;55;1;0;0
1102;56;3;1;1
1103;56;3;1;1
1104;56;2;1;1
1105;56;2;1;1
1106;56;3;1;1
1107;56;2;1;1
1108;56;2;1;1
1109;56;3;1;1
1110;56;1;1;1
1111;56;2;1;1
1112;56;2;1;1
1113;56;3;1;1
1114;56;1;1;1
1115;56;3;1;1
1116;56;3;1;1
1117;56;2;1;1
1118;56;2;1;1
1119;56;3;1;1
1120;56;2;1;1
1121;57;1;0;0
1122;57;2;0;0
1123;57;2;0;0
1124;57;2;0;0
1125;57;1;0;1
1126;57;1;0;1
1127;57;1;0;1
1128;57;2;0;0
1129;57;1;0;1
1130;57;2;0;1
1131;57;2;0;1
1132;57;1;0;1
1133;57;2;0;1
1134;57;2;0;0
1135;57;2;0;0
1136;57;1;0;1
1137;57;1;0;1
1138;57;1;0;0
1139;57;1;0;0
1140;57;2;0;1
1141;58;1;0;0
1142;58;2;0;0
1143;58;1;0;0
1144;58;1;0;0
1145;58;1;0;0
1146;58;2;0;0
1147;58;3;0;1
1148;58;2;0;1
1149;58;1;0;0
1150;58;1;0;0
1151;58;1;0;0
1152;58;1;0;0
1153;58;1;0;0
1154;58;1;0;1
1155;58;2;0;0
1156;58;2;0;0
1157;58;1;0;0
1158;58;2;0;0
1159;58;1;0;0
1160;58;1;0;0
1161;58;1;0;0
1162;58;2;0;1
1163;59;2;0;1
1164;59;1;0;0
1165;59;1;0;0
1166;59;1;0;1
1167;59;2;0;0
1168;59;2;0;0
1169;59;2;0;0
1170;59;2;0;0
1171;59;2;0;1
1172;59;1;0;1
1173;59;1;0;1
1174;59;2;0;1
1175;59;2;0;1
1176;59;1;0;0
1177;59;2;0;1
1178;59;2;0;1
1179;59;2;0;0
1180;59;2;0;1
1181;60;1;1;1
1182;60;2;1;1
1183;60;3;1;1
1184;60;2;1;0
1185;60;3;1;1
1186;60;2;1;1
1187;60;2;1;0
1188;60;1;1;1
1189;60;1;1;1
1190;60;3;1;1
1191;60;1;1;1
1192;60;2;1;0
1193;60;1;1;1
1194;60;3;1;1
1195;60;1;1;1
1196;60;2;1;1
1197;60;3;1;1
1198;60;4;1;1
1199;60;2;1;1
1200;60;2;1;1
1201;60;3;1;1
1202;61;3;1;1
1203;61;2;1;1
1204;61;1;1;0
1205;61;2;1;1
1206;61;2;1;0
1207;61;1;1;0
1208;61;3;1;1
1209;61;2;1;1
1210;61;3;1;1
1211;61;2;1;0
1212;61;3;1;1
1213;61;1;1;1
1214;61;3;1;1
1215;61;1;1;0
1216;61;2;1;0
1217;61;2;1;1
1218;61;3;1;1
1219;61;1;1;1
1220;61;2;1;1
1221;61;2;1;1
1222;62;3;0;1
1223;62;1;0;1
1224;62;1;0;0
1225;62;1;0;0
1226;62;1;0;0
1227;62;2;0;1
1228;62;1;0;0
1229;62;1;0;0
1230;62;2;0;0
1231;62;2;0;1
1232;62;1;0;0
1233;62;3;0;1
1234;62;1;0;0
1235;62;2;0;0
1236;62;1;0;1
1237;62;2;0;0
1238;62;1;0;1
1239;62;3;0;1
1240;62;1;0;0
1241;62;1;0;0
1242;62;1;0;1
1243;63;1;0;1
1244;63;2;0;0
1245;63;1;0;0
1246;63;3;0;0
1247;63;1;0;0
1248;63;1;0;0
1249;63;2;0;1
1250;63;1;0;0
1251;63;2;0;1
1252;63;2;0;1
1253;63;1;0;0
1254;63;1;0;0
1255;63;1;0;0
1256;63;1;0;1
1257;63;1;0;0
1258;63;1;0;0
1259;63;1;0;0
1260;63;3;0;1
1261;63;3;0;1
1262;63;1;0;0
1263;64;1;1;1
1264;64;1;1;1
1265;64;3;1;1
1266;64;1;1;1
1267;64;3;1;1
1268;64;3;1;1
1269;64;3;1;1
1270;64;1;1;0
1271;64;3;1;1
1272;64;4;1;1
1273;64;2;1;1
1274;64;1;1;1
1275;64;3;1;1
1276;64;3;1;1
1277;64;2;1;0
1278;64;3;1;1
1279;64;2;1;0
1280;64;4;1;1
1281;64;2;1;1
1282;64;3;1;1
1283;65;1;0;1
1284;65;2;0;0
1285;65;1;0;0
1286;65;1;0;0
1287;65;1;0;0
1288;65;2;0;0
1289;65;1;0;1
1290;65;1;0;0
1291;65;2;0;0
1292;65;1;0;1
1293;65;2;0;0
1294;65;1;0;1
1295;65;1;0;0
1296;65;2;0;0
1297;65;1;0;0
1298;65;3;0;1
1299;65;1;0;0
1300;65;1;0;1
1301;65;2;0;0
1302;65;1;0;1
1303;66;1;0;0
1304;66;1;0;0
1305;66;1;0;0
1306;66;1;0;0
1307;66;1;0;1
1308;66;1;0;0
1309;66;2;0;0
1310;66;1;0;1
1311;66;1;0;0
1312;66;1;0;0
1313;66;1;0;0
1314;66;2;0;0
1315;66;1;0;0
1316;66;1;0;0
1317;66;1;0;1
1318;66;1;0;1
1319;66;1;0;0
1320;66;1;0;0
1321;66;2;0;0
1322;66;2;0;0
1323;67;2;0;0
1324;67;2;0;0
1325;67;3;0;1
1326;67;2;0;1
1327;67;1;0;0
1328;67;2;0;1
1329;67;1;0;0
1330;67;1;0;0
1331;67;2;0;0
1332;67;2;0;1
1333;67;1;0;0
1334;67;1;0;0
1335;67;2;0;1
1336;67;3;0;1
1337;67;2;0;1
1338;67;2;0;1
1339;67;1;0;0
1340;67;2;0;1
1341;67;2;0;0
1342;67;3;0;1
1343;68;2;1;1
1344;68;1;1;0
1345;68;2;1;0
1346;68;1;1;0
1347;68;2;1;0
1348;68;1;1;0
1349;68;1;1;1
1350;68;4;1;1
1351;68;2;1;1
1352;68;1;1;1
1353;68;2;1;1
1354;68;1;1;1
1355;68;1;1;1
1356;68;1;1;1
1357;68;2;1;1
1358;68;4;1;1
1359;68;4;1;1
1360;68;2;1;1
1361;68;3;1;1
1362;68;2;1;1
1363;69;3;0;1
1364;69;2;0;0
1365;69;1;0;0
1366;69;2;0;1
1367;69;1;0;0
1368;69;1;0;1
1369;69;1;0;1
1370;69;1;0;1
1371;69;2;0;1
1372;69;1;0;0
1373;69;1;0;0
1374;69;2;0;0
1375;69;1;0;1
1376;69;1;0;1
1377;69;2;0;0
1378;69;2;0;1
1379;69;1;0;1
1380;69;2;0;1
1381;69;2;0;1
1382;69;1;0;0
1383;69;2;0;0
1384;70;1;1;0
1385;70;3;1;1
1386;70;1;1;1
1387;70;1;1;0
1388;70;2;1;1
1389;70;1;1;0
1390;70;1;1;1
1391;70;3;1;1
1392;70;1;1;1
1393;70;1;1;0
1394;70;3;1;1
1395;70;2;1;1
1396;70;2;1;1
1397;70;1;1;0
1398;70;1;1;0
1399;70;1;1;0
1400;70;1;1;0
1401;70;1;1;0
1402;70;1;1;1
1403;70;1;1;1
1404;71;2;0;0
1405;71;1;0;0
1406;71;1;0;0
1407;71;2;0;0
1408;71;1;0;0
1409;71;1;0;0
1410;71;1;0;0
1411;71;1;0;0
1412;71;1;0;0
1413;71;2;0;0
1414;71;1;0;1
1415;71;1;0;0
1416;71;2;0;1
1417;71;2;0;0
1418;71;2;0;1
1419;71;1;0;0
1420;71;1;0;0
1421;71;1;0;0
1422;71;2;0;0
1423;72;3;1;1
1424;72;4;1;1
1425;72;3;1;1
1426;72;2;1;0
1427;72;1;1;1
1428;72;1;1;1
1429;72;1;1;1
1430;72;3;1;1
1431;72;2;1;0
1432;72;2;1;1
1433;72;1;1;1
1434;72;3;1;1
1435;72;1;1;1
1436;72;3;1;1
1437;72;3;1;1
1438;72;1;1;1
1439;72;1;1;1
1440;72;1;1;0
1441;72;4;1;1
1442;72;1;1;1
1443;73;1;0;1
1444;73;1;0;0
1445;73;3;0;1
1446;73;2;0;0
1447;73;2;0;0
1448;73;1;0;0
1449;73;1;0;0
1450;73;1;0;0
1451;73;2;0;1
1452;73;1;0;0
1453;73;1;0;0
1454;73;3;0;1
1455;73;1;0;0
1456;73;3;0;1
1457;73;2;0;1
1458;73;2;0;1
1459;73;2;0;0
1460;73;2;0;0
1461;73;2;0;0
1462;73;2;0;1
1463;74;1;1;0
1464;74;2;1;0
1465;74;3;1;1
1466;74;1;1;1
1467;74;1;1;1
1468;74;1;1;1
1469;74;3;1;1
1470;74;3;1;1
1471;74;2;1;1
1472;74;2;1;1
1473;74;3;1;1
1474;74;2;1;1
1475;74;1;1;1
1476;74;3;1;1
1477;74;1;1;0
1478;74;3;1;1
1479;74;1;1;0
1480;74;3;1;1
1481;74;3;1;1
1482;75;1;0;0
1483;75;1;0;1
1484;75;1;0;0
1485;75;1;0;0
1486;75;1;0;0
1487;75;2;0;0
1488;75;1;0;0
1489;75;1;0;0
1490;75;1;0;0
1491;75;1;0;0
1492;75;1;0;0
1493;75;3;0;1
1494;75;1;0;0
1495;75;1;0;0
1496;75;2;0;1
1497;75;1;0;0
1498;75;1;0;0
1499;75;2;0;0
1500;75;1;0;0
1501;75;3;0;1
1502;76;1;1;1
1503;76;1;1;1
1504;76;3;1;1
1505;76;2;1;1
1506;76;3;1;1
1507;76;2;1;1
1508;76;1;1;0
1509;76;1;1;1
1510;76;3;1;1
1511;76;1;1;0
1512;76;3;1;1
1513;76;2;1;1
1514;76;1;1;1
1515;76;3;1;1
1516;76;3;1;1
1517;76;3;1;1
1518;76;2;1;1
1519;76;1;1;1
1520;76;2;1;1
1521;76;2;1;1
1522;76;1;1;1
1523;77;1;0;1
1524;77;1;0;0
1525;77;1;0;0
1526;77;1;0;0
1527;77;1;0;0
1528;77;1;0;1
1529;77;1;0;0
1530;77;1;0;1
1531;77;1;0;1
1532;77;1;0;1
1533;77;1;0;0
1534;77;1;0;0
1535;77;1;0;1
1536;77;1;0;1
1537;77;2;0;0
1538;77;1;0;0
1539;77;1;0;1
1540;77;1;0;0
1541;77;1;0;0
1542;78;1;1;1
1543;78;3;1;1
1544;78;1;1;1
1545;78;1;1;1
1546;78;1;1;1
1547;78;1;1;0
1548;78;1;1;1
1549;78;1;1;1
1550;78;2;1;0
1551;78;1;1;1
1552;78;1;1;1
1553;78;1;1;1
1554;78;1;1;0
1555;78;3;1;1
1556;78;1;1;1
1557;78;2;1;0
1558;78;1;1;1
1559;78;3;1;1
1560;78;2;1;0
1561;79;2;1;1
1562;79;1;1;0
1563;79;1;1;1
1564;79;3;1;1
1565;79;2;1;1
1566;79;1;1;0
1567;79;3;1;1
1568;79;1;1;0
1569;79;1;1;1
1570;79;3;1;1
1571;79;1;1;0
1572;79;2;1;1
1573;79;1;1;0
1574;79;3;1;1
1575;79;3;1;1
1576;79;3;1;1
1577;79;1;1;0
1578;79;2;1;1
1579;79;2;1;1
1580;79;1;1;0
1581;80;3;1;1
1582;80;3;1;1
1583;80;2;1;1
1584;80;2;1;0
1585;80;1;1;0
1586;80;2;1;1
1587;80;2;1;1
1588;80;2;1;0
1589;80;3;1;1
1590;80;2;1;1
1591;80;1;1;0
1592;80;3;1;1
1593;80;1;1;1
1594;80;3;1;1
1595;80;3;1;1
1596;80;2;1;0
1597;80;2;1;0
1598;80;2;1;1
1599;80;3;1;1
1600;80;1;1;0
1601;80;3;1;1
1602;81;1;0;0
1603;81;2;0;1
1604;81;1;0;1
1605;81;2;0;1
1606;81;1;0;1
1607;81;1;0;0
1608;81;2;0;0
1609;81;1;0;0
1610;81;2;0;0
1611;81;1;0;0
1612;81;1;0;0
1613;81;2;0;0
1614;81;1;0;0
1615;81;1;0;0
1616;81;1;0;0
1617;81;1;0;1
1618;81;1;0;1
1619;81;2;0;0
1620;81;2;0;0
1621;81;2;0;0
1622;81;3;0;0
1623;82;1;1;1
1624;82;2;1;1
1625;82;1;1;1
1626;82;2;1;1
1627;82;1;1;1
1628;82;3;1;1
1629;82;3;1;1
1630;82;3;1;1
1631;82;1;1;0
1632;82;2;1;1
1633;82;2;1;0
1634;82;3;1;1
1635;82;3;1;1
1636;82;1;1;1
1637;82;1;1;0
1638;82;1;1;1
1639;82;2;1;1
1640;82;2;1;1
1641;82;2;1;1
1642;82;2;1;0
1643;83;2;0;1
1644;83;2;0;1
1645;83;3;0;0
1646;83;1;0;1
1647;83;1;0;0
1648;83;3;0;1
1649;83;1;0;0
1650;83;2;0;1
1651;83;3;0;0
1652;83;2;0;0
1653;83;3;0;1
1654;83;1;0;0
1655;83;3;0;1
1656;83;3;0;1
1657;83;1;0;0
1658;83;2;0;0
1659;83;2;0;1
1660;83;1;0;0
1661;83;1;0;0
1662;84;1;0;0
1663;84;1;0;0
1664;84;1;0;0
1665;84;2;0;0
1666;84;1;0;0
1667;84;1;0;0
1668;84;1;0;0
1669;84;1;0;0
1670;84;1;0;0
1671;84;2;0;0
1672;84;1;0;0
1673;84;3;0;1
1674;84;2;0;1
1675;84;1;0;0
1676;84;1;0;0
1677;84;1;0;1
1678;84;1;0;0
1679;84;2;0;0
1680;84;1;0;0
1681;84;1;0;0
1682;84;1;0;0
1683;85;3;0;1
1684;85;1;0;1
1685;85;2;0;0
1686;85;2;0;0
1687;85;1;0;1
1688;85;2;0;0
1689;85;1;0;1
1690;85;1;0;0
1691;85;1;0;0
1692;85;1;0;0
1693;85;2;0;0
1694;85;3;0;1
1695;85;3;0;1
1696;85;3;0;1
1697;85;1;0;0
1698;85;2;0;0
1699;85;1;0;0
1700;85;1;0;0
1701;85;1;0;0
1702;85;1;0;1
1703;86;2;1;1
1704;86;2;1;1
1705;86;1;1;1
1706;86;3;1;1
1707;86;3;1;1
1708;86;3;1;1
1709;86;1;1;1
1710;86;3;1;1
1711;86;2;1;1
1712;86;1;1;1
1713;86;3;1;1
1714;86;1;1;1
1715;86;1;1;0
1716;86;1;1;1
1717;86;2;1;1
1718;86;2;1;1
1719;86;2;1;1
1720;86;2;1;1
1721;86;3;1;1
1722;86;3;1;1
1723;87;3;1;1
1724;87;3;1;1
1725;87;1;1;0
1726;87;2;1;1
1727;87;1;1;1
1728;87;1;1;1
1729;87;2;1;1
1730;87;3;1;1
1731;87;1;1;1
1732;87;2;1;1
1733;87;3;1;1
1734;87;2;1;1
1735;87;3;1;1
1736;87;1;1;1
1737;87;2;1;1
1738;87;3;1;1
1739;87;3;1;1
1740;87;2;1;1
1741;87;2;1;1
1742;87;3;1;1
1743;88;2;0;1
1744;88;4;0;0
1745;88;4;0;0
1746;88;4;0;1
1747;88;2;0;1
1748;88;4;0;1
1749;88;4;0;0
1750;88;3;0;1
1751;88;2;0;1
1752;88;3;0;1
1753;88;4;0;0
1754;88;3;0;1
1755;88;4;0;1
1756;88;4;0;0
1757;88;4;0;1
1758;88;4;0;0
1759;88;4;0;0
1760;88;2;0;1
1761;88;4;0;1
1762;89;1;1;0
1763;89;4;1;1
1764;89;3;1;1
1765;89;4;1;1
1766;89;1;1;1
1767;89;2;1;0
1768;89;3;1;1
1769;89;2;1;1
1770;89;2;1;0
1771;89;2;1;1
1772;89;2;1;0
1773;89;2;1;0
1774;89;1;1;1
1775;89;2;1;1
1776;89;4;1;1
1777;89;2;1;1
1778;89;4;1;1
1779;89;4;1;1
1780;89;2;1;1
1781;89;4;1;1
1782;90;2;1;0
1783;90;1;1;1
1784;90;3;1;1
1785;90;3;1;1
1786;90;3;1;1
1787;90;1;1;1
1788;90;1;1;1
1789;90;2;1;1
1790;90;3;1;1
1791;90;2;1;1
1792;90;2;1;0
1793;90;3;1;1
1794;90;2;1;1
1795;90;3;1;1
1796;90;1;1;1
1797;90;3;1;1
1798;90;2;1;1
1799;90;1;1;1
1800;90;1;1;0
1801;90;2;1;0
1802;91;2;0;0
1803;91;4;0;1
1804;91;1;0;0
1805;91;4;0;0
1806;91;2;0;0
1807;91;2;0;0
1808;91;2;0;1
1809;91;4;0;0
1810;91;2;0;0
1811;91;2;0;1
1812;91;4;0;1
1813;91;1;0;0
1814;91;2;0;1
1815;91;2;0;0
1816;91;2;0;0
1817;91;2;0;0
1818;91;4;0;0
1819;91;1;0;0
1820;91;4;0;0
1821;91;4;0;1
1822;91;2;0;0
1823;92;1;1;1
1824;92;2;1;0
1825;92;2;1;1
1826;92;1;1;1
1827;92;2;1;1
1828;92;3;1;1
1829;92;1;1;0
1830;92;1;1;1
1831;92;1;1;1
1832;92;1;1;1
1833;92;3;1;1
1834;92;3;1;1
1835;92;1;1;1
1836;92;1;1;1
1837;92;1;1;1
1838;92;1;1;1
1839;92;1;1;1
1840;92;1;1;1
1841;92;3;1;1
1842;93;1;1;0
1843;93;2;1;0
1844;93;1;1;0
1845;93;2;1;0
1846;93;2;1;0
1847;93;2;1;0
1848;93;2;1;0
1849;93;2;1;0
1850;93;3;1;1
1851;93;1;1;1
1852;93;2;1;1
1853;93;2;1;0
1854;93;1;1;1
1855;93;1;1;0
1856;93;2;1;0
1857;93;2;1;0
1858;93;3;1;0
1859;93;4;1;1
1860;93;2;1;1
1861;93;3;1;1
1862;94;4;0;0
1863;94;3;0;0
1864;94;2;0;0
1865;94;2;0;0
1866;94;4;0;0
1867;94;2;0;0
1868;94;2;0;1
1869;94;4;0;1
1870;94;4;0;0
1871;94;4;0;1
1872;94;2;0;1
1873;94;4;0;0
1874;94;2;0;1
1875;94;4;0;0
1876;94;2;0;0
1877;94;4;0;1
1878;94;2;0;1
1879;94;2;0;0
1880;94;4;0;0
1881;94;4;0;0
1882;95;4;0;0
1883;95;3;0;1
1884;95;4;0;0
1885;95;4;0;0
1886;95;3;0;0
1887;95;3;0;1
1888;95;1;0;0
1889;95;1;0;0
1890;95;3;0;0
1891;95;2;0;0
1892;95;2;0;0
1893;95;1;0;0
1894;95;1;0;0
1895;95;1;0;0
1896;95;2;0;1
1897;95;1;0;0
1898;95;1;0;0
1899;95;2;0;1
1900;95;1;0;1
1901;96;1;1;1
1902;96;1;1;1
1903;96;2;1;1
1904;96;1;1;1
1905;96;1;1;1
1906;96;3;1;1
1907;96;1;1;1
1908;96;1;1;1
1909;96;1;1;1
1910;96;1;1;1
1911;96;3;1;1
1912;96;1;1;1
1913;96;3;1;1
1914;96;3;1;1
1915;96;1;1;1
1916;96;1;1;1
1917;96;1;1;1
1918;96;2;1;1
1919;96;1;1;1
1920;96;1;1;1
1921;96;3;1;1
1922;97;1;0;1
1923;97;2;0;1
1924;97;2;0;1
1925;97;2;0;1
1926;97;1;0;0
1927;97;2;0;1
1928;97;2;0;1
1929;97;3;0;1
1930;97;3;0;1
1931;97;1;0;1
1932;97;2;0;1
1933;97;2;0;1
1934;97;2;0;1
1935;97;1;0;1
1936;97;1;0;0
1937;97;2;0;1
1938;97;2;0;1
1939;97;2;0;1
1940;97;1;0;1
1941;97;1;0;0
1942;98;1;0;0
1943;98;2;0;0
1944;98;2;0;1
1945;98;1;0;1
1946;98;1;0;0
1947;98;1;0;0
1948;98;1;0;1
1949;98;1;0;0
1950;98;2;0;0
1951;98;2;0;0
1952;98;1;0;0
1953;98;2;0;1
1954;98;2;0;1
1955;98;1;0;0
1956;98;1;0;1
1957;98;3;0;1
1958;98;1;0;1
1959;98;1;0;0
1960;98;2;0;0
1961;98;3;0;1
1962;99;1;1;0
1963;99;1;1;1
1964;99;1;1;0
1965;99;2;1;1
1966;99;1;1;0
1967;99;1;1;0
1968;99;2;1;0
1969;99;1;1;0
1970;99;1;1;0
1971;100;1;0;0
1972;100;1;0;0
1973;100;1;0;0
1974;100;2;0;0
1975;100;1;0;0
1976;100;1;0;0
1977;100;2;0;0
1978;100;1;0;1
1979;100;2;0;0
1980;100;2;0;1
1981;100;1;0;0
1982;100;2;0;1
1983;100;2;0;1
1984;100;1;0;0
1985;100;1;0;0
1986;100;1;0;0
1987;100;1;0;1
1988;100;3;0;1
1989;100;1;0;1
1990;100;1;0;1
1991;100;1;0;0
1992;100;2;0;0
1993;100;2;0;0
1994;100;2;0;0
1995;100;2;0;0
1996;100;1;0;0
1997;100;1;0;0
1998;100;1;0;1
1999;100;1;0;0
2000;100;2;0;0
