Subject,Time,Instructor,Coordination,ASD
1,0,0,0.222088011,26.0748635
1,1,0,0.278059475,26.0748635
1,2,0,0.270174071,26.0748635
1,3,0,0.143191312,26.0748635
1,4,0,0.40379567,26.0748635
1,5,0,0.326177217,26.0748635
2,0,0,0.120273579,27.97059002
2,1,0,0.205037466,27.97059002
2,2,0,0,27.97059002
2,3,0,0.10910019,27.97059002
2,4,0,0.261833695,27.97059002
2,5,0,0.159863669,27.97059002
3,0,0,0.371762018,25.449091
3,1,0,0.457095515,25.449091
3,2,0,0.484910637,25.449091
3,3,0,0.589924187,25.449091
3,4,0,0.620525289,25.449091
3,5,0,0.655087885,25.449091
4,0,0,0.158421178,27.08832746
4,1,0,0.320793063,27.08832746
4,2,0,0.277242666,27.08832746
4,3,0,0.31043416,27.08832746
4,4,0,0.50146599,27.08832746
4,5,0,0.450338579,27.08832746
5,0,0,0.143352041,26.404286
5,1,0,0.441173697,26.404286
5,2,0,0.441846225,26.404286
5,3,0,0.432372739,26.404286
5,4,0,0.541412773,26.404286
5,5,0,0.482784223,26.404286
6,0,0,0.252416453,26.30542958
6,1,0,0.287323977,26.30542958
6,2,0,0.308667299,26.30542958
6,3,0,0.295478154,26.30542958
6,4,0,0.241268963,26.30542958
6,5,0,0.412579614,26.30542958
7,0,1,0.272054907,23.77789169
7,1,1,0.318528969,23.77789169
7,2,1,0.451578499,23.77789169
7,3,1,0.523539497,23.77789169
7,4,1,0.428891411,23.77789169
7,5,1,0.357057284,23.77789169
8,0,1,0.258123071,25.62885177
8,1,1,0.407135961,25.62885177
8,2,1,0.388571849,25.62885177
8,3,1,0.319533237,25.62885177
8,4,1,0.4535873,25.62885177
8,5,1,0.435889809,25.62885177
9,0,1,0.534727642,23.89114686
9,1,1,0.359277562,23.89114686
9,2,1,0.59499367,23.89114686
9,3,1,0.686370737,23.89114686
9,4,1,0.756535876,23.89114686
9,5,1,0.738071664,23.89114686
10,0,1,0.315614322,26.78943315
10,1,1,0.388612792,26.78943315
10,2,1,0.571734332,26.78943315
10,3,1,0.644965541,26.78943315
10,4,1,0.781402079,26.78943315
10,5,1,0.871267041,26.78943315
11,0,1,0.300772941,26.1318134
11,1,1,0.281840498,26.1318134
11,2,1,0.323726207,26.1318134
11,3,1,0.630824187,26.1318134
11,4,1,0.568846575,26.1318134
11,5,1,0.742619872,26.1318134
12,0,1,0.261475124,26.56672566
12,1,1,0.37388824,26.56672566
12,2,1,0.48729225,26.56672566
12,3,1,0.658411549,26.56672566
12,4,1,0.802546232,26.56672566
12,5,1,1,26.56672566
