id,b0,b1,dip,tfg_ver_36,tfg_ver_0
1,31.916,-3.219,-3,19.258,31.916
2,27.655,-2.679,-3,16.62,27.655
3,35.616,-1.771,-3,27.303,35.616
4,37.628,-5.263,-3,18.839,37.628
5,45.456,1.052,-3,45.611,45.456
6,39.585,-2.537,-3,28.975,39.585
7,23.073,-4.639,-3,6.157,23.073
8,30.526,-3.295,-0,20.64,30.526
9,17.511,-2.891,-0,8.839,17.511
10,42.944,-1.851,-3,34.391,42.944
11,34.352,-4.313,-0,21.413,34.352
12,37.182,-3.529,-3,23.595,37.182
13,32.94,-1.36,-3,25.859,32.94
14,33.606,-5.95,-0,15.757,33.606
15,25.591,-8.547,-0,-0.05,25.591
16,44.934,-6.135,-0,26.528,44.934
17,28.327,-1.025,-3,22.251,28.327
18,40.412,-1.567,-3,32.712,40.412
19,43.363,-5.748,-0,26.119,43.363
20,44.546,-3.248,-0,34.801,44.546
21,24.734,-2.394,-0,17.552,24.734
22,43.367,-7.721,-0,20.204,43.367
23,34.807,-5.288,-0,18.943,34.807
24,26.184,-0.975,-3,20.259,26.184
25,28.446,-2.781,-3,17.102,28.446
26,51.728,-4.859,-3,34.153,51.728
27,30.524,-1.639,-3,22.608,30.524
28,29.5,-1.513,-3,21.961,29.5
29,41.035,-2.058,-3,31.861,41.035
30,36.386,-5.676,-0,19.357,36.386
31,45.226,0.888,-0,47.889,45.226
32,46.721,-6.204,-0,28.109,46.721
33,20.189,-3.749,-3,5.942,20.189
34,17.794,-2.877,-3,6.162,17.794
35,37.05,-0.621,-0,35.186,37.05
36,24.915,-3.689,-3,10.849,24.915
37,24.194,1.263,-0,27.984,24.194
38,39.023,-3.8,-0,27.622,39.023
39,43.385,-8.278,-0,18.552,43.385
40,36.726,1.21,-3,37.356,36.726
41,35.919,-4.113,-0,23.58,35.919
42,39.22,-2.583,-0,31.47,39.22
43,50.375,-2.38,-0,43.235,50.375
44,18.785,1.18,-0,22.325,18.785
45,45.654,-4.244,-3,29.923,45.654
46,32.998,-1.981,-3,24.053,32.998
47,35.764,-3.153,-0,26.305,35.764
48,29.86,-1.642,-0,24.933,29.86
49,32.169,-1.356,-3,25.101,32.169
50,52.358,-4.76,-3,35.078,52.358
51,45.474,-4.195,-0,32.888,45.474
52,36.929,-4.433,-0,23.632,36.929
53,43.25,-2.293,-0,36.372,43.25
54,42.489,-4.304,-3,26.576,42.489
55,25.852,-1.967,-3,16.951,25.852
56,51.174,-0.86,-0,48.594,51.174
57,39.616,-4.944,-3,21.784,39.616
58,40.432,-3.218,-3,27.778,40.432
59,34.22,-2.398,-3,24.025,34.22
60,27.259,-4.257,-0,14.487,27.259
61,27.934,-3.678,-3,13.9,27.934
62,41.216,-1.386,-3,34.058,41.216
63,45.633,-3.28,-3,32.793,45.633
64,42.002,-5.26,-0,26.221,42.002
65,40.911,-2.003,-3,31.901,40.911
66,23.733,-2.295,-3,13.848,23.733
67,22.953,-1.476,-3,15.526,22.953
68,24.378,-3.138,-3,11.963,24.378
69,32.655,-5.461,-0,16.271,32.655
70,46.505,-4.804,-0,32.094,46.505
71,28.366,-2.138,-3,18.953,28.366
72,45.171,-3.818,-0,33.718,45.171
73,44.37,-7.614,-0,21.529,44.37
74,29.631,-4.158,-3,14.156,29.631
75,26.496,-4.084,-3,11.244,26.496
76,23.671,-2.882,-3,12.025,23.671
77,48.138,-0.918,-0,45.385,48.138
78,30.752,-4.186,-3,15.195,30.752
79,41.915,-3.776,-0,30.589,41.915
80,41.695,-4.616,-3,24.847,41.695
81,12.794,-4.245,-0,0.06,12.794
82,41.075,-1.485,-3,33.62,41.075
83,37,-3.396,-0,26.812,37
84,43.305,-6.615,-0,23.46,43.305
85,31.016,-3.001,-0,22.012,31.016
86,33.751,-6.582,-3,11.005,33.751
87,43.823,-4.49,-0,30.352,43.823
88,42.848,-6.13,-0,24.457,42.848
89,45.385,-2.061,-3,36.202,45.385
90,38.57,0.231,-3,36.262,38.57
91,42.538,-2.042,-3,33.41,42.538
92,38.77,-0.991,-0,35.798,38.77
93,37.573,-2.982,-3,25.626,37.573
94,48.202,-4.797,-0,33.812,48.202
95,33.249,-0.606,-3,28.432,33.249
96,38.634,-0.247,-3,34.894,38.634
97,30.003,-2.54,-3,19.384,30.003
98,42.373,-2.463,-3,31.984,42.373
99,36.626,-0.95,-0,33.775,36.626
100,42.542,-1.453,-3,35.184,42.542
101,37.965,-2.35,-0,30.914,37.965
102,40.107,0.544,-0,41.738,40.107
103,36.259,-0.198,-0,35.666,36.259
104,39.615,-2.545,-3,28.979,39.615
105,22.953,-1.231,-3,16.259,22.953
106,39.193,-0.896,-3,33.505,39.193
107,20.882,-1.757,-0,15.611,20.882
108,30.237,2.649,-3,35.185,30.237
109,42.623,-3.934,-0,30.821,42.623
110,35.735,-5.048,-3,17.59,35.735
111,43.534,-1.489,-3,36.066,43.534
112,44.751,-3.305,-3,31.837,44.751
113,38.07,-1.506,-3,30.552,38.07
114,38.652,-1.806,-0,33.235,38.652
115,35.054,-3.93,-0,23.265,35.054
116,43.482,-4.385,-0,30.326,43.482
117,28.239,-3.108,-3,15.914,28.239
118,29.032,0.756,-3,28.299,29.032
119,27.938,-2.405,-0,20.723,27.938
120,45.358,-3.467,-0,34.957,45.358
121,38.821,-5.064,-3,20.628,38.821
122,45.867,-2.682,-3,34.82,45.867
123,27.261,0.555,-3,25.926,27.261
124,28.685,-1.365,-0,24.59,28.685
125,35.458,-1.099,-3,29.161,35.458
126,38.097,-1.571,-3,30.384,38.097
127,31.022,-2.646,-3,20.085,31.022
128,54.255,-2.581,-0,46.51,54.255
129,25.577,0.401,-0,26.781,25.577
130,36.01,-3.917,-0,24.258,36.01
131,56.901,-3.374,-0,46.779,56.901
132,54.913,-0.478,-3,50.478,54.913
133,37.341,-2.384,-0,30.189,37.341
134,32.434,-1.217,-0,28.783,32.434
135,31.781,-0.425,-3,27.507,31.781
136,34.852,-2.648,-0,26.908,34.852
137,32.736,-3.349,-3,19.688,32.736
138,39.972,-4.297,-0,27.081,39.972
139,28.808,-0.998,-0,25.814,28.808
140,20.994,-0.721,-3,15.83,20.994
141,36.527,-4.148,-0,24.084,36.527
142,37.407,-3.444,-0,27.076,37.407
143,28.453,-2.331,-0,21.46,28.453
144,35.533,-4.652,-0,21.576,35.533
145,20.983,-1.488,-0,16.519,20.983
146,29.93,-1.733,-3,21.731,29.93
147,22.543,-2.982,-0,13.596,22.543
148,37.754,-0.492,-0,36.279,37.754
149,26.703,-2.852,-0,18.147,26.703
150,37.641,-1.602,-3,29.834,37.641
151,38.787,-3.632,-3,24.891,38.787
152,23.451,-0.798,-3,18.057,23.451
153,40.733,-2.509,-0,33.206,40.733
154,32.977,-4.252,-0,20.221,32.977
155,43.833,-3.781,-3,29.489,43.833
156,42.372,-2.87,-3,30.761,42.372
157,43.575,0.356,-0,44.643,43.575
158,30.094,0.263,-0,30.884,30.094
159,26.07,-2.211,-3,16.437,26.07
160,26.499,-3.48,-0,16.06,26.499
161,32.287,-3.271,-3,19.474,32.287
162,47.528,-4.897,-0,32.837,47.528
163,40.012,-3.299,-0,30.115,40.012
164,49.182,-7.983,-0,25.233,49.182
165,26.944,-1.018,-3,20.89,26.944
166,28.777,-1.517,-0,24.225,28.777
167,31.684,-6.125,-0,13.31,31.684
168,46.589,-3.848,-0,35.045,46.589
169,25.119,0.326,-0,26.096,25.119
170,31.979,-4.356,-0,18.911,31.979
171,51.705,-5.378,-0,35.571,51.705
172,37.017,-4.29,-3,21.147,37.017
173,47.585,-5.344,-3,28.552,47.585
174,33.206,-1.958,-0,27.33,33.206
175,32.716,-2.216,-3,23.067,32.716
176,41.091,-3.127,-3,28.711,41.091
177,37.944,-3.913,-3,23.206,37.944
178,36.654,-3.698,-3,22.561,36.654
179,40.158,-3.941,-0,28.335,40.158
180,24.73,-3.004,-0,15.718,24.73
181,37.884,-4.847,-0,23.344,37.884
182,36.631,-6.205,-0,18.017,36.631
183,37.221,-4.277,-0,24.391,37.221
184,34.515,-2.199,-0,27.919,34.515
185,28.331,-3.371,-3,15.218,28.331
186,19.49,-3.456,-3,6.121,19.49
187,56.88,-1.484,-3,49.427,56.88
188,35.67,-0.149,-0,35.223,35.67
189,42.074,-1.164,-3,35.582,42.074
190,45.541,-1.122,-0,42.174,45.541
191,53.037,-4.1,-0,40.737,53.037
192,38.262,-0.864,-0,35.67,38.262
193,24.6,-7.233,-0,2.902,24.6
194,45.167,-2.143,-0,38.738,45.167
195,30.572,-0.069,-3,27.365,30.572
196,47.639,-5.711,-0,30.506,47.639
197,46.568,-2.346,-3,36.53,46.568
198,24.747,-1.144,-3,18.314,24.747
199,39.55,-1.549,-3,31.904,39.55
200,40.975,-3.689,-0,29.907,40.975
201,33.926,-3.595,-3,20.142,33.926
202,37.747,-5.299,-0,21.851,37.747
203,41.256,-4.909,-3,23.529,41.256
204,42.091,-1.207,-3,35.47,42.091
205,32.924,-2.468,-3,22.52,32.924
206,27,-4.46,-3,10.62,27
207,41.333,-6.967,-0,20.433,41.333
208,34.058,-4.976,-3,16.13,34.058
209,29.589,-3.713,-0,18.449,29.589
210,38.186,-3.728,-0,27.002,38.186
211,40.395,-4.542,-0,26.769,40.395
212,25.1,-1.947,-0,19.259,25.1
213,41.558,-6.487,-3,19.096,41.558
214,35.455,-4.445,-3,19.121,35.455
215,28.166,-4.644,-3,11.236,28.166
216,45.62,-5.174,-0,30.097,45.62
217,23.39,-5.937,-3,2.578,23.39
218,35.717,-4.291,-3,19.843,35.717
219,45.797,-4.117,-0,33.444,45.797
220,19.257,-2.968,-3,7.352,19.257
221,39.23,-6.216,-3,17.583,39.23
222,49.492,-7.14,-0,28.073,49.492
223,50.283,-2.007,-3,41.262,50.283
224,42.465,-2.034,-0,36.362,42.465
225,34.978,-3.078,-0,25.745,34.978
226,44.785,-3.256,-0,35.018,44.785
227,30.286,-1.54,-3,22.666,30.286
228,46.984,-7.437,-0,24.673,46.984
229,42.955,-4.599,-0,29.157,42.955
230,34.769,-0.566,-3,30.07,34.769
231,34.617,-2.693,-3,23.538,34.617
232,40.629,-1.524,-3,33.057,40.629
233,28.707,-4.201,-3,13.106,28.707
234,45.914,-6.096,-0,27.627,45.914
235,39.533,-3.051,-3,27.381,39.533
236,30.359,-4.467,-0,16.957,30.359
237,43.584,-2.865,-0,34.988,43.584
238,50.141,-2.529,-3,39.555,50.141
239,24.731,-2.48,-0,17.29,24.731
240,36.631,-2.535,-0,29.026,36.631
241,33.501,-4.17,-3,17.99,33.501
242,37.898,-5.841,-3,17.374,37.898
243,46.772,-5.954,-0,28.91,46.772
244,40.039,-5.442,-0,23.712,40.039
245,29.904,-4.251,-3,14.152,29.904
246,22.771,-5.17,-3,4.261,22.771
247,34.266,-5.761,-0,16.983,34.266
248,42.87,-5.93,-3,22.079,42.87
249,18.548,-0.324,-3,14.575,18.548
250,25.826,1.4,-3,27.025,25.826
251,32.142,-1.917,-3,23.393,32.142
252,47.879,-4.522,-0,34.312,47.879
253,42.298,-1.834,-0,36.796,42.298
254,40.089,-2.279,-3,30.253,40.089
255,42.994,-3.541,-0,32.37,42.994
256,45.533,2.757,-3,50.804,45.533
257,23.912,-1.879,-3,15.276,23.912
258,40.284,-4.882,-0,25.639,40.284
259,37.382,-2.352,-0,30.327,37.382
260,33.358,-2.344,-3,23.325,33.358
261,45.843,-1.4,-0,41.643,45.843
262,43.721,-3.665,-0,32.725,43.721
263,42.401,-3.627,-3,28.521,42.401
264,36.855,-1.255,-0,33.089,36.855
265,29.04,1.149,-0,32.486,29.04
266,38.806,-2.344,-0,31.775,38.806
267,32.259,-2.043,-0,26.129,32.259
268,23.591,-2.692,-3,12.515,23.591
269,51.436,-2.809,-0,43.01,51.436
270,42.326,-0.573,-0,40.607,42.326
271,36.65,-3.2,-3,24.049,36.65
272,43.041,-2.853,-0,34.483,43.041
273,32.672,-1.806,-0,27.254,32.672
274,36.642,-4.534,-0,23.041,36.642
275,37.284,2.491,-3,41.757,37.284
276,32.33,-1.155,-3,25.864,32.33
277,31.037,-1.867,-3,22.437,31.037
278,38.435,-5.595,-0,21.651,38.435
279,45.676,-2.373,-3,35.558,45.676
280,41.378,-2.732,-3,30.182,41.378
281,36.545,-4.305,-3,20.631,36.545
282,28.384,-4.033,-0,16.285,28.384
283,37.685,-2.271,-0,30.871,37.685
284,31.732,-4.861,-3,14.148,31.732
285,38.455,-3.939,-0,26.638,38.455
286,17.78,-1.972,-0,11.865,17.78
287,38.919,-1.794,-0,33.538,38.919
288,23.652,-5.51,-3,4.122,23.652
289,41.166,-3,-3,29.165,41.166
290,38.395,-3.654,-3,24.432,38.395
291,38.531,-1.359,-3,31.453,38.531
292,43.825,-2.104,-0,37.513,43.825
293,35.405,-5.759,-0,18.129,35.405
294,39.827,-3.232,-0,30.13,39.827
295,29.559,-4.476,-0,16.13,29.559
296,42.277,-1.626,-3,34.398,42.277
297,23.28,-5.364,-0,7.188,23.28
298,27.898,-1.695,-0,22.814,27.898
299,41.834,-2.373,-0,34.715,41.834
300,57.432,-3.937,-0,45.62,57.432
301,26.88,-5.209,-0,11.255,26.88
302,43.677,-4.396,-3,27.49,43.677
303,27.195,-0.345,-0,26.159,27.195
304,48.417,-4.143,-3,32.989,48.417
305,24.416,-3.086,-0,15.158,24.416
306,35.979,-5.795,-0,18.593,35.979
307,44.83,-4.149,-3,29.384,44.83
308,35.507,0.752,-3,34.763,35.507
309,34.054,0.063,-3,31.242,34.054
310,45.585,-3.095,-0,36.301,45.585
311,38.396,-6.283,-0,19.548,38.396
312,32.993,-4.44,-0,19.672,32.993
313,37.715,-2.614,-3,26.873,37.715
314,28.13,-3.577,-3,14.398,28.13
315,35.94,-4.018,-3,20.885,35.94
316,40.843,-0.877,-0,38.211,40.843
317,44.029,-4.798,-0,29.635,44.029
318,23.062,1.039,-0,26.18,23.062
319,32.823,-1.071,-3,26.609,32.823
320,48.366,-1.676,-3,40.338,48.366
321,29.089,-4.477,-3,12.657,29.089
322,18.718,-3.122,-3,6.353,18.718
323,43.339,-1.38,-3,36.2,43.339
324,33.35,-4.031,-0,21.256,33.35
325,35.857,-0.793,-0,33.479,35.857
326,37.711,-4.192,-3,22.133,37.711
327,38.333,-6.563,-0,18.643,38.333
328,38.916,-1.472,-0,34.499,38.916
329,38.625,-2.265,-3,28.828,38.625
330,43.903,-5.091,-3,25.629,43.903
331,33.065,-2.174,-0,26.544,33.065
332,37.732,-3.61,-3,23.902,37.732
333,44.2,-6.248,-0,25.456,44.2
334,33.506,-7.033,-3,9.408,33.506
335,40.366,-2.646,-3,29.427,40.366
336,40.433,-2.514,-0,32.891,40.433
337,42.815,-3.537,-0,32.204,42.815
338,33.9,-2.333,-3,23.901,33.9
339,30.556,-2.699,-0,22.459,30.556
340,30.202,-5.99,-0,12.232,30.202
341,40.588,-1.976,-3,31.66,40.588
342,43.184,-3.743,-0,31.955,43.184
343,25.418,-1.175,-3,18.893,25.418
344,30.08,-6.215,-0,11.436,30.08
345,27.973,0.757,-0,30.244,27.973
346,24.928,-2.047,-0,18.786,24.928
347,39.065,-5.262,-3,20.278,39.065
348,39.598,-7.53,-0,17.009,39.598
349,31.206,-1.921,-3,22.442,31.206
350,26.206,-4.175,-3,10.683,26.206
351,46.151,-7.336,-0,24.143,46.151
352,35.182,-1.095,-0,31.897,35.182
353,31.644,-1.386,-3,24.486,31.644
354,24.137,-2.274,-0,17.315,24.137
355,30.908,-1.038,-0,27.794,30.908
356,35.691,0.016,-3,32.74,35.691
357,40.024,-4.794,-0,25.644,40.024
358,28.535,-0.43,-3,24.244,28.535
359,26.071,-3.603,-0,15.261,26.071
360,18.227,-1.888,-3,9.562,18.227
361,33.457,-3.799,-3,19.059,33.457
362,33.333,-1.688,-3,25.269,33.333
363,40.772,-0.404,-0,39.559,40.772
364,32.33,-0.057,-3,29.16,32.33
365,31.874,2.749,-0,40.121,31.874
366,41.225,-7.677,-0,18.194,41.225
367,31.493,-5.781,-0,14.148,31.493
368,41.881,-1.747,-0,36.641,41.881
369,31.018,0.328,-3,29.002,31.018
370,28.208,-3.486,-0,17.749,28.208
371,35.102,-1.056,-3,28.935,35.102
372,26.367,-2.48,-0,18.927,26.367
373,44.931,-1.256,-0,41.162,44.931
374,33.176,0.103,-3,30.485,33.176
375,35.929,-4.434,-3,19.626,35.929
376,51.479,-4.781,-3,34.135,51.479
377,33.725,-0.426,-3,29.448,33.725
378,24.992,-4.802,-3,7.585,24.992
379,38.445,-6.55,-3,15.794,38.445
380,35.844,1.497,-3,37.334,35.844
381,24.736,-1.868,-3,16.132,24.736
382,31.965,-2.675,-3,20.942,31.965
383,35.759,-3.913,-3,21.018,35.759
384,13.695,-2.961,-0,4.813,13.695
385,35.325,-4.48,-0,21.884,35.325
386,37.732,-5.269,-3,18.924,37.732
387,36.24,-7.579,-3,10.502,36.24
388,46.189,-2.159,-0,39.711,46.189
389,45.788,-3.4,-3,32.589,45.788
390,35.652,-4.26,-0,22.874,35.652
391,41.969,-1.364,-3,34.875,41.969
392,39.009,-5.565,-3,19.314,39.009
393,36.334,-2.033,-3,27.233,36.334
394,30.527,-2.356,-0,23.459,30.527
395,49.694,-5.68,-0,32.654,49.694
396,48.121,-4.291,-3,32.249,48.121
397,41.879,-5.375,-0,25.754,41.879
398,42.952,-4.718,-3,25.799,42.952
399,40.685,-2.163,-0,34.195,40.685
400,36.493,-4.98,-0,21.552,36.493
401,32.181,-2.271,-3,22.37,32.181
402,42.521,-6.22,-0,23.861,42.521
403,30.283,-5.274,-0,14.46,30.283
404,39.783,-2.645,-0,31.848,39.783
405,43.973,-3.802,-0,32.566,43.973
406,45.995,-1.07,-0,42.787,45.995
407,45.049,-1.357,-3,37.978,45.049
408,40.291,-3.302,-0,30.384,40.291
409,40.466,2.623,-0,48.334,40.466
410,33.325,-5.063,-0,18.136,33.325
411,38.197,-3.102,-0,28.892,38.197
412,31.929,-2.1,-3,22.631,31.929
413,44.829,1.213,-3,45.467,44.829
414,34.473,-4.027,-0,22.391,34.473
415,39.975,-8.451,-0,14.623,39.975
416,24.932,-0.236,-3,21.223,24.932
417,30.038,-1.225,-0,26.361,30.038
418,33.146,-1.459,-0,28.768,33.146
419,42.526,2.701,-3,47.628,42.526
420,47.169,-1.719,-0,42.012,47.169
421,24.2,-5.88,-0,6.561,24.2
422,37.233,-1.08,-0,33.992,37.233
423,37.029,-3.493,-0,26.552,37.029
424,32.642,-3.727,-3,18.46,32.642
425,27.181,-5.359,-0,11.103,27.181
426,43.568,-4.08,-0,31.329,43.568
427,41.688,-2.313,-3,31.748,41.688
428,33.951,-1.308,-0,30.028,33.951
429,30.838,-1.313,-0,26.898,30.838
430,31.897,-0.956,-0,29.03,31.897
431,30.382,0.022,-3,27.447,30.382
432,38.017,0.925,-3,37.794,38.017
433,49.7,-4.19,-3,34.131,49.7
434,35.758,-1.183,-0,32.21,35.758
435,26.25,-2.387,-0,19.089,26.25
436,42.74,-1.548,-3,35.095,42.74
437,32.961,-0.33,-0,31.971,32.961
438,40.366,-3.381,-3,27.222,40.366
439,46.189,-0.259,-0,45.412,46.189
440,37.732,0.207,-0,38.353,37.732
441,36.342,-5.888,-0,18.678,36.342
442,35.136,-2.744,-0,26.902,35.136
443,44.918,-2.723,-0,36.749,44.918
444,42.818,-1.88,-3,34.179,42.818
445,30.176,-2.575,-0,22.452,30.176
446,36.109,-1.883,-3,27.46,36.109
447,32.81,0.543,-3,31.44,32.81
448,29.443,-3.32,-0,19.483,29.443
449,46.944,-5.622,-0,30.079,46.944
450,35.333,-5.135,-3,16.928,35.333
451,44.171,1.206,-3,44.788,44.171
452,39.875,2.853,-3,45.435,39.875
453,42.572,-3.856,-3,28.004,42.572
454,33.924,-2.316,-3,23.977,33.924
455,36.283,-3.568,-3,22.578,36.283
456,33.617,-3.264,-3,20.826,33.617
457,43.031,-4.356,-3,26.963,43.031
458,32.518,-2.961,-3,20.634,32.518
459,30.619,-4.493,-3,14.142,30.619
460,24.589,-3.091,-3,12.315,24.589
461,40.822,-1.915,-3,32.077,40.822
462,49.726,-3.006,-3,37.707,49.726
463,23.613,-5.83,-0,6.124,23.613
464,42.069,-7.578,-3,16.335,42.069
465,47.08,-5.262,-0,31.295,47.08
466,33.915,-3.855,-0,22.35,33.915
467,31.894,-3.958,-0,20.021,31.894
468,39.536,-2.54,-3,28.915,39.536
469,44.244,-3.883,-3,29.597,44.244
470,38.159,-5.218,-0,22.506,38.159
471,34.95,-6.304,-3,13.037,34.95
472,33.488,-4.737,-0,19.279,33.488
473,29.171,1.699,-3,31.267,29.171
474,40.353,-4.549,-0,26.705,40.353
475,41.04,-0.614,-3,36.197,41.04
476,37.25,-2.336,-3,27.243,37.25
477,31.289,-2.569,-0,23.582,31.289
478,50.121,-2.556,-3,39.452,50.121
479,28.301,-0.927,-3,22.521,28.301
480,29.963,-6.365,-0,10.867,29.963
481,50.665,-6.419,-0,31.409,50.665
482,53.72,-5.374,-0,37.597,53.72
483,29.918,-5.391,-0,13.746,29.918
484,22.687,-0.553,-0,21.026,22.687
485,39.397,-5.651,-0,22.444,39.397
486,37.528,-5.553,-0,20.869,37.528
487,42.621,-4.711,-0,28.488,42.621
488,31.721,-0.184,-3,28.168,31.721
489,30.791,-4.934,-0,15.99,30.791
490,34.086,-4.545,-0,20.451,34.086
491,35.763,-8.474,-0,10.34,35.763
492,31.61,-6.497,-3,9.118,31.61
493,42.276,-2.647,-0,34.335,42.276
494,32.583,-2.094,-0,26.3,32.583
495,24.6,-3.925,-3,9.825,24.6
496,27.896,0.399,-3,26.093,27.896
497,24.672,-2.654,-0,16.71,24.672
498,29.692,-4.826,-0,15.214,29.692
499,22.717,-1.509,-0,18.19,22.717
500,19.556,-0.502,-3,15.049,19.556
501,26.788,-6.771,-3,3.475,26.788
502,17.656,-3.438,-3,4.343,17.656
503,29.156,1.382,-0,33.302,29.156
504,24.012,-5.683,-3,3.963,24.012
505,44.907,-2.259,-3,35.131,44.907
506,32.539,-1.022,-3,26.474,32.539
507,49.992,-5.521,-3,30.429,49.992
508,36.856,-2.473,-3,26.436,36.856
509,25.489,-2.805,-3,14.073,25.489
510,32.389,-1.745,-0,27.155,32.389
511,23.179,-4.721,-0,9.015,23.179
512,42.777,-1.171,-0,39.265,42.777
513,36.16,-0.73,-3,30.969,36.16
514,44.242,-2.104,-3,34.931,44.242
515,38.091,-3.635,-3,24.185,38.091
516,52.773,-1.695,-0,47.686,52.773
517,39.938,-1.95,-3,31.089,39.938
518,39.908,-1.612,-0,35.071,39.908
519,46.342,-6.844,-0,25.81,46.342
520,46.014,-2.924,-3,34.241,46.014
521,31.382,-4.497,-0,17.891,31.382
522,41.68,-4.037,-3,26.569,41.68
523,43.683,-3.767,-0,32.382,43.683
524,39.569,-3.308,-3,26.645,39.569
525,19.339,-7.295,-3,-5.545,19.339
526,27.049,-0.811,-3,21.617,27.049
527,35.987,-2.413,-0,28.748,35.987
528,53.888,-2.693,-0,45.808,53.888
529,27.089,0.895,-3,26.774,27.089
530,48.478,-6.462,-3,26.091,48.478
531,37.643,1.035,-3,37.749,37.643
532,37.376,-5.122,-0,22.01,37.376
533,31.727,-1.103,-3,25.417,31.727
534,26.403,-4.474,-0,12.981,26.403
535,28.305,-4.596,-0,14.518,28.305
536,36.775,-2.177,-3,27.245,36.775
537,30.216,-4.019,-3,15.16,30.216
538,32.806,-2.871,-0,24.193,32.806
539,37.906,-2.66,-3,26.927,37.906
540,35.08,-5.212,-3,16.443,35.08
541,33.853,-1.408,-0,29.629,33.853
542,47.005,-4.263,-3,31.217,47.005
543,39.112,-2.157,-3,29.639,39.112
544,26.715,0.826,-0,29.194,26.715
545,50.337,-1.525,-3,42.761,50.337
546,37.081,0.191,-3,34.655,37.081
547,31.178,-4.179,-3,15.641,31.178
548,36.174,-3.53,-0,25.583,36.174
549,55.329,-6.728,-0,35.145,55.329
550,28.776,-2.463,-0,21.385,28.776
551,36.057,-4.359,-0,22.98,36.057
552,40.146,-2.892,-0,31.47,40.146
553,46.959,-6.122,-0,28.592,46.959
554,42.606,-0.246,-0,41.868,42.606
555,42.205,0.431,-0,43.498,42.205
556,48.881,-5.545,-0,32.247,48.881
557,31.978,1.195,-3,32.561,31.978
558,50.013,-3.569,-0,39.307,50.013
559,35.935,-7.093,-0,14.658,35.935
560,34.968,0.579,-0,36.704,34.968
561,42.167,-3.114,-0,32.823,42.167
562,37.76,-1.315,-3,30.815,37.76
563,43.698,-0.863,-3,38.108,43.698
564,36.049,-4.039,-0,23.932,36.049
565,38.895,-4.96,-0,24.016,38.895
566,58.118,-2.721,-0,49.956,58.118
567,37.432,-1.032,-0,34.336,37.432
568,33.887,-1.934,-0,28.085,33.887
569,16.127,-1.879,-3,7.49,16.127
570,41.835,-2.243,-0,35.105,41.835
571,31.176,-7.645,-0,8.241,31.176
572,37.893,-2.488,-3,27.428,37.893
573,45.403,-6.174,-3,23.881,45.403
574,46.105,-1.884,-0,40.453,46.105
575,32.897,-1.424,-3,25.624,32.897
576,35.208,-4.52,-0,21.649,35.208
577,33.544,-5.053,-3,15.384,33.544
578,51.934,-3.428,-3,38.649,51.934
579,37.212,-3.788,-3,22.847,37.212
580,41.887,-0.791,-3,36.513,41.887
581,26.932,-2.938,-0,18.118,26.932
582,40.342,-1.84,-3,31.822,40.342
583,38.919,-4.228,-0,26.235,38.919
584,44.042,-5.803,-0,26.634,44.042
585,33.173,-1.868,-0,27.57,33.173
586,43.67,-3.454,-3,30.307,43.67
587,41.727,-2.093,-3,32.45,41.727
588,27.325,-4.936,-3,9.518,27.325
589,25.248,-5.293,-3,6.369,25.248
590,37.01,-3.77,-3,22.701,37.01
591,32.48,2.607,-0,40.3,32.48
592,37.407,-0.416,-3,33.158,37.407
593,35.369,-6.555,-0,15.706,35.369
594,46.234,-4.96,-0,31.355,46.234
595,33.283,-3.222,-0,23.618,33.283
596,39.135,-4.944,-0,24.303,39.135
597,39.125,-0.062,-0,38.939,39.125
598,30.734,-2.225,-0,24.059,30.734
599,33.483,-1.425,-0,29.207,33.483
600,28.352,-4.471,-0,14.938,28.352
