id,edad,sexo,dm,uacr,tratamiento,tiempo_seg_meses,krt,salida,n_visitas
1,49,Hombre,1,818,1,36,0,Fin del estudio,12
2,45,Mujer,1,141,1,36,0,Fin del estudio,11
3,62,Mujer,1,79,1,36,0,Fin del estudio,12
4,63,Mujer,1,457,1,26.5,1,KRT,8
5,69,Hombre,0,156,1,36,0,Fin del estudio,12
6,76,Mujer,1,211,1,2,1,KRT,1
7,80,Hombre,0,1489,1,9.5,1,KRT,3
8,73,Mujer,0,43,0,36,0,Fin del estudio,9
9,77,Hombre,1,335,0,4.5,1,KRT,2
10,77,Mujer,0,143,1,36,0,Fin del estudio,11
11,58,Hombre,0,362,0,27.86,0,Abandono,9
12,59,Mujer,0,312,1,36,0,Fin del estudio,11
13,65,Mujer,1,664,1,36,0,Fin del estudio,9
14,33,Mujer,1,2172,0,15.5,1,KRT,6
15,54,Hombre,0,3954,0,29,1,KRT,9
16,68,Mujer,0,32,0,36,0,Fin del estudio,10
17,79,Hombre,1,1453,1,12.1,0,Abandono,4
18,69,Mujer,0,55,1,31.58,0,Abandono,9
19,78,Mujer,0,1706,0,27.2,0,Abandono,9
20,51,Mujer,0,43,0,36,0,Fin del estudio,12
21,64,Hombre,1,1069,0,33.08,0,Abandono,8
22,57,Hombre,1,141,0,17.5,1,KRT,4
23,78,Mujer,0,1123,0,24.29,0,Abandono,5
24,71,Mujer,0,2447,1,29.81,0,Abandono,9
25,64,Mujer,1,430,1,36,0,Fin del estudio,11
26,67,Mujer,0,390,1,36,0,Fin del estudio,12
27,67,Mujer,0,783,1,28,1,KRT,8
28,72,Hombre,1,175,1,1.7,0,Abandono,2
29,54,Mujer,0,189,1,36,0,Fin del estudio,10
30,52,Hombre,0,297,0,21.36,0,Abandono,8
31,60,Mujer,0,58,0,36,0,Fin del estudio,10
32,42,Hombre,1,202,0,36,0,Fin del estudio,11
33,70,Hombre,1,775,1,22.93,0,Abandono,6
34,69,Mujer,1,871,1,36,0,Fin del estudio,11
35,30,Hombre,1,182,0,27,1,KRT,8
36,69,Hombre,1,521,1,8,1,KRT,3
37,59,Hombre,1,211,0,36,0,Fin del estudio,11
38,88,Mujer,0,30,0,36,0,Fin del estudio,10
39,74,Hombre,0,325,0,36,0,Fin del estudio,10
40,63,Mujer,0,28,1,36,0,Fin del estudio,11
41,71,Mujer,1,292,0,36,0,Fin del estudio,9
42,51,Hombre,0,126,0,36,0,Fin del estudio,8
43,51,Hombre,0,104,0,36,0,Fin del estudio,10
44,88,Mujer,1,247,0,36,0,Fin del estudio,8
45,56,Hombre,0,934,1,36,0,Fin del estudio,11
46,49,Mujer,0,196,1,29.5,1,KRT,6
47,68,Hombre,0,115,0,36,0,Fin del estudio,12
48,47,Hombre,0,87,0,29.64,0,Abandono,9
49,68,Hombre,1,244,1,12.18,0,Abandono,5
50,65,Hombre,0,92,1,21.1,0,Abandono,8
51,63,Hombre,0,245,0,33.5,1,KRT,9
52,69,Mujer,1,785,0,24.1,0,Abandono,8
53,58,Mujer,0,59,0,36,0,Fin del estudio,13
54,70,Mujer,0,51,1,36,0,Fin del estudio,12
55,69,Hombre,1,345,1,21.51,0,Abandono,7
56,41,Hombre,0,39,0,36,0,Fin del estudio,12
57,85,Hombre,0,101,1,21.12,0,Abandono,8
58,58,Mujer,0,352,1,36,0,Fin del estudio,12
59,61,Hombre,1,128,1,36,0,Fin del estudio,11
60,58,Mujer,0,573,0,3,1,KRT,1
61,72,Mujer,1,721,1,16,1,KRT,6
62,64,Mujer,0,74,1,36,0,Fin del estudio,11
63,60,Hombre,0,32,1,36,0,Fin del estudio,10
64,69,Hombre,0,60,0,36,0,Fin del estudio,12
65,62,Hombre,1,188,1,6.6,0,Abandono,3
66,75,Hombre,1,3344,1,23.5,1,KRT,7
67,74,Hombre,0,156,1,20.5,1,KRT,5
68,69,Hombre,1,206,1,11.5,1,KRT,3
69,84,Mujer,1,130,0,36,0,Fin del estudio,13
70,75,Hombre,1,185,0,36,0,Fin del estudio,12
71,65,Mujer,1,76,1,26.54,0,Abandono,9
72,49,Hombre,0,35,0,36,0,Fin del estudio,11
73,70,Mujer,0,292,0,36,0,Fin del estudio,13
74,68,Hombre,1,1711,1,6.5,0,Abandono,3
75,71,Hombre,1,736,1,36,0,Fin del estudio,9
76,73,Hombre,1,398,1,36,0,Fin del estudio,10
77,53,Hombre,0,115,0,21.58,0,Abandono,6
78,60,Hombre,0,124,1,3.5,1,KRT,1
79,44,Hombre,0,92,0,36,0,Fin del estudio,10
80,73,Mujer,1,239,1,0.5,1,KRT,1
81,86,Hombre,0,721,0,12.62,0,Abandono,5
82,63,Hombre,1,279,1,36,0,Fin del estudio,12
83,50,Mujer,0,225,0,36,0,Fin del estudio,12
84,76,Hombre,1,218,0,36,0,Fin del estudio,11
85,77,Hombre,1,479,0,21.55,0,Abandono,7
86,59,Hombre,1,2877,1,14.49,0,Abandono,6
87,39,Hombre,0,189,0,36,0,Fin del estudio,12
88,61,Hombre,0,220,0,36,0,Fin del estudio,7
89,55,Hombre,0,472,1,35.8,0,Abandono,12
90,71,Mujer,1,863,1,36,0,Fin del estudio,10
91,48,Hombre,0,115,1,36,0,Fin del estudio,9
92,72,Hombre,1,46,0,36,0,Fin del estudio,10
93,53,Hombre,0,360,1,36,0,Fin del estudio,10
94,47,Mujer,0,144,0,36,0,Fin del estudio,10
95,64,Mujer,0,890,1,36,0,Fin del estudio,11
96,76,Hombre,0,44,1,32,1,KRT,7
97,85,Hombre,1,534,1,27.83,0,Abandono,9
98,80,Hombre,0,93,1,36,0,Fin del estudio,12
99,68,Mujer,1,207,0,36,0,Fin del estudio,11
100,41,Mujer,0,286,1,36,0,Fin del estudio,13
101,54,Mujer,0,93,0,36,0,Fin del estudio,12
102,70,Hombre,0,79,0,22.39,0,Abandono,7
103,66,Mujer,0,522,0,36,0,Fin del estudio,8
104,56,Mujer,1,236,1,36,0,Fin del estudio,10
105,60,Hombre,1,1505,1,17,1,KRT,5
106,54,Mujer,0,138,1,10,1,KRT,3
107,85,Hombre,1,267,0,4.08,0,Abandono,2
108,61,Hombre,1,1661,1,3.04,0,Abandono,2
109,43,Mujer,0,494,0,36,0,Fin del estudio,12
110,59,Mujer,1,1403,1,36,0,Fin del estudio,11
111,56,Hombre,0,29,1,23.77,0,Abandono,6
112,69,Mujer,1,319,1,36,0,Fin del estudio,11
113,67,Hombre,0,419,1,36,0,Fin del estudio,10
114,55,Hombre,0,296,0,36,0,Fin del estudio,11
115,72,Hombre,0,356,0,36,0,Fin del estudio,9
116,44,Hombre,0,500,0,36,0,Fin del estudio,9
117,49,Mujer,1,863,1,2.8,0,Abandono,2
118,43,Mujer,1,89,1,6.42,0,Abandono,3
119,69,Mujer,0,436,0,23.63,0,Abandono,6
120,55,Hombre,0,104,0,19.5,1,KRT,5
121,56,Hombre,1,932,1,23,1,KRT,6
122,52,Hombre,1,40,1,36,0,Fin del estudio,8
123,70,Hombre,0,40,1,32.9,0,Abandono,10
124,76,Mujer,0,235,0,7,1,KRT,3
125,51,Mujer,0,131,1,36,0,Fin del estudio,9
126,54,Hombre,0,276,1,36,0,Fin del estudio,10
127,65,Hombre,1,167,1,2.93,0,Abandono,2
128,54,Hombre,0,114,0,36,0,Fin del estudio,12
129,66,Hombre,0,183,0,11,1,KRT,3
130,52,Hombre,1,238,0,36,0,Fin del estudio,10
131,63,Hombre,0,25,0,36,0,Fin del estudio,10
132,45,Hombre,0,120,1,36,0,Fin del estudio,10
133,70,Mujer,0,372,0,36,0,Fin del estudio,8
134,74,Mujer,0,139,0,3.4,0,Abandono,2
135,72,Mujer,0,726,1,36,0,Fin del estudio,10
136,63,Mujer,1,307,0,27,1,KRT,8
137,69,Hombre,1,2134,1,36,0,Fin del estudio,7
138,72,Mujer,1,234,0,18.57,0,Abandono,7
139,74,Hombre,0,380,0,2.46,0,Abandono,2
140,81,Mujer,1,1656,1,12,1,KRT,5
141,69,Hombre,0,459,0,36,0,Fin del estudio,11
142,69,Mujer,0,57,0,36,0,Fin del estudio,12
143,59,Mujer,1,266,0,36,0,Fin del estudio,9
144,78,Hombre,0,370,0,3.68,0,Abandono,2
145,74,Hombre,1,317,0,36,0,Fin del estudio,11
146,52,Hombre,1,2468,1,33,1,KRT,8
147,80,Hombre,1,167,0,26.75,0,Abandono,9
148,84,Hombre,0,108,0,15.1,0,Abandono,5
149,70,Hombre,0,208,0,36,0,Fin del estudio,10
150,73,Mujer,0,407,1,36,0,Fin del estudio,11
151,61,Hombre,1,225,1,36,0,Fin del estudio,9
152,73,Mujer,1,1100,1,14.5,0,Abandono,6
153,65,Mujer,0,67,0,36,0,Fin del estudio,13
154,77,Hombre,1,717,0,12.42,0,Abandono,5
155,67,Hombre,0,268,1,32.87,0,Abandono,8
156,57,Hombre,0,435,1,36,0,Fin del estudio,8
157,52,Hombre,0,5,0,36,0,Fin del estudio,10
158,57,Mujer,0,27,0,29.71,0,Abandono,8
159,80,Hombre,1,724,1,36,0,Fin del estudio,12
160,61,Mujer,0,197,0,6.08,0,Abandono,3
161,76,Mujer,1,55,1,23.89,0,Abandono,7
162,67,Hombre,0,39,0,36,0,Fin del estudio,12
163,65,Mujer,1,477,0,29.24,0,Abandono,10
164,87,Hombre,1,581,0,30.01,0,Abandono,11
165,70,Hombre,0,382,1,36,0,Fin del estudio,10
166,69,Hombre,0,70,0,8.84,0,Abandono,4
167,61,Hombre,0,431,0,27.65,0,Abandono,8
168,67,Mujer,0,102,0,36,0,Fin del estudio,8
169,75,Mujer,0,220,0,21.5,0,Abandono,5
170,44,Mujer,1,249,0,30.5,1,KRT,7
171,47,Hombre,0,449,0,30.72,0,Abandono,7
172,67,Mujer,0,227,1,5.8,0,Abandono,3
173,60,Mujer,1,435,1,36,0,Fin del estudio,10
174,71,Mujer,0,348,0,36,0,Fin del estudio,10
175,76,Mujer,0,223,1,29.91,0,Abandono,8
176,43,Mujer,1,115,1,36,0,Fin del estudio,8
177,78,Hombre,1,1250,1,36,0,Fin del estudio,10
178,56,Hombre,1,550,1,36,0,Fin del estudio,11
179,77,Mujer,0,20,0,36,0,Fin del estudio,11
180,70,Hombre,1,412,0,36,0,Fin del estudio,8
181,66,Mujer,0,120,0,36,0,Fin del estudio,10
182,63,Hombre,1,141,0,36,0,Fin del estudio,10
183,59,Mujer,0,114,0,36,0,Fin del estudio,11
184,71,Mujer,0,44,0,36,0,Fin del estudio,13
185,62,Hombre,1,1363,1,29,1,KRT,8
186,79,Hombre,1,851,1,9.47,0,Abandono,3
187,58,Mujer,0,34,1,36,0,Fin del estudio,13
188,79,Hombre,0,27,0,36,0,Fin del estudio,11
189,65,Mujer,0,122,1,36,0,Fin del estudio,8
190,41,Hombre,0,153,0,29.5,1,KRT,9
191,66,Hombre,0,242,0,36,0,Fin del estudio,9
192,61,Mujer,0,16,0,36,0,Fin del estudio,9
193,66,Mujer,1,929,0,36,0,Fin del estudio,11
194,59,Mujer,0,21,0,36,0,Fin del estudio,9
195,57,Hombre,0,76,1,20.86,0,Abandono,7
196,41,Hombre,1,129,0,33,1,KRT,11
197,72,Mujer,0,67,1,36,0,Fin del estudio,11
198,56,Mujer,1,285,1,36,0,Fin del estudio,12
199,59,Hombre,1,96,1,36,0,Fin del estudio,10
200,56,Hombre,1,893,0,36,0,Fin del estudio,12
201,55,Mujer,0,1425,1,36,0,Fin del estudio,11
202,67,Mujer,1,177,0,11.91,0,Abandono,5
203,63,Hombre,0,593,1,15.6,0,Abandono,6
204,64,Mujer,1,92,1,30.09,0,Abandono,10
205,64,Hombre,1,396,1,14.84,0,Abandono,6
206,76,Mujer,1,287,1,36,0,Fin del estudio,12
207,62,Hombre,0,423,0,36,0,Fin del estudio,11
208,63,Mujer,0,212,1,12.54,0,Abandono,5
209,53,Hombre,1,730,0,6.5,0,Abandono,3
210,69,Hombre,1,193,0,36,0,Fin del estudio,9
211,43,Mujer,0,51,0,36,0,Fin del estudio,12
212,62,Mujer,1,144,0,36,0,Fin del estudio,12
213,47,Hombre,0,1012,1,36,0,Fin del estudio,9
214,66,Mujer,1,344,1,18.08,0,Abandono,6
215,50,Hombre,1,748,1,33.36,0,Abandono,11
216,65,Hombre,0,187,0,36,0,Fin del estudio,11
217,77,Mujer,1,769,1,20.5,1,KRT,5
218,75,Mujer,1,131,1,36,0,Fin del estudio,9
219,60,Hombre,0,198,0,36,0,Fin del estudio,13
220,60,Mujer,1,221,1,21.64,0,Abandono,7
221,83,Hombre,0,697,1,33.55,0,Abandono,11
222,58,Mujer,1,34,0,36,0,Fin del estudio,13
223,63,Hombre,1,143,1,36,0,Fin del estudio,11
224,48,Hombre,0,201,0,36,0,Fin del estudio,9
225,62,Mujer,1,862,0,36,0,Fin del estudio,11
226,51,Mujer,0,163,0,36,0,Fin del estudio,11
227,78,Mujer,1,749,1,3.78,0,Abandono,2
228,65,Mujer,1,150,0,35.45,0,Abandono,8
229,67,Hombre,0,104,0,36,0,Fin del estudio,10
230,56,Mujer,0,402,1,36,0,Fin del estudio,12
231,66,Hombre,1,146,1,15.54,0,Abandono,5
232,60,Mujer,1,10,1,36,0,Fin del estudio,9
233,88,Mujer,1,41,1,3.02,0,Abandono,2
234,58,Mujer,1,109,0,31.5,1,KRT,10
235,64,Hombre,0,321,1,36,0,Fin del estudio,9
236,62,Hombre,0,1287,0,6,1,KRT,3
237,61,Mujer,1,129,0,36,0,Fin del estudio,11
238,63,Mujer,1,34,1,36,0,Fin del estudio,12
239,68,Mujer,0,1780,0,36,0,Fin del estudio,12
240,74,Mujer,0,172,0,23.5,1,KRT,8
241,63,Hombre,0,772,1,36,0,Fin del estudio,10
242,67,Mujer,1,389,1,17.5,1,KRT,5
243,58,Hombre,0,84,0,36,0,Fin del estudio,10
244,70,Mujer,1,145,0,36,0,Fin del estudio,10
245,57,Mujer,1,625,1,17.03,0,Abandono,7
246,64,Hombre,1,1339,1,9.46,0,Abandono,4
247,62,Mujer,1,631,0,32.98,0,Abandono,9
248,78,Mujer,1,77,1,36,0,Fin del estudio,11
249,76,Hombre,1,525,1,2.81,0,Abandono,2
250,75,Hombre,0,121,1,36,0,Fin del estudio,13
251,78,Mujer,0,185,1,36,0,Fin del estudio,10
252,44,Hombre,0,565,0,36,0,Fin del estudio,12
253,76,Hombre,0,166,0,37.41,0,Abandono,11
254,62,Hombre,1,316,1,36,0,Fin del estudio,12
255,57,Mujer,0,3122,0,36,0,Fin del estudio,10
256,60,Hombre,0,39,1,3.13,0,Abandono,2
257,67,Hombre,1,328,1,21.5,1,KRT,6
258,65,Hombre,0,609,0,36,0,Fin del estudio,11
259,62,Hombre,1,228,0,36,0,Fin del estudio,9
260,66,Mujer,0,113,1,36,0,Fin del estudio,12
261,54,Mujer,0,85,0,5.11,0,Abandono,3
262,57,Hombre,0,62,0,24.56,0,Abandono,8
263,64,Hombre,1,52,1,5,1,KRT,2
264,54,Mujer,1,212,0,36,0,Fin del estudio,9
265,44,Hombre,0,143,0,36,0,Fin del estudio,12
266,52,Hombre,0,33,0,36,0,Fin del estudio,13
267,74,Hombre,0,230,0,8.9,0,Abandono,2
268,82,Mujer,1,128,1,2.73,0,Abandono,2
269,54,Mujer,0,70,0,36,0,Fin del estudio,12
270,59,Hombre,1,131,0,15.59,0,Abandono,5
271,67,Mujer,1,221,1,36,0,Fin del estudio,11
272,70,Hombre,0,30,0,36,0,Fin del estudio,10
273,77,Mujer,0,153,0,36,0,Fin del estudio,12
274,62,Mujer,1,176,0,36,0,Fin del estudio,12
275,55,Mujer,0,223,1,36,0,Fin del estudio,12
276,56,Hombre,0,311,1,36,0,Fin del estudio,11
277,65,Mujer,1,99,1,9.52,0,Abandono,4
278,67,Hombre,1,226,0,36,0,Fin del estudio,10
279,56,Hombre,1,253,1,36,0,Fin del estudio,10
280,63,Hombre,0,267,1,23.5,1,KRT,6
281,52,Hombre,1,144,1,22.31,0,Abandono,9
282,73,Hombre,1,42,0,36,0,Fin del estudio,12
283,49,Mujer,0,232,0,36,0,Fin del estudio,11
284,76,Mujer,1,193,1,17,1,KRT,6
285,69,Mujer,1,616,0,20.36,0,Abandono,6
286,71,Hombre,1,254,0,7,1,KRT,2
287,63,Mujer,1,10,0,11.5,1,KRT,3
288,62,Mujer,1,1977,1,8.96,0,Abandono,3
289,51,Mujer,0,529,1,36,0,Fin del estudio,9
290,49,Hombre,1,986,1,36,0,Fin del estudio,10
291,60,Mujer,0,87,1,36,0,Fin del estudio,9
292,56,Hombre,0,54,0,23.17,0,Abandono,9
293,74,Hombre,1,145,0,28,1,KRT,10
294,67,Mujer,0,64,0,30.5,1,KRT,7
295,74,Hombre,0,1071,0,14,1,KRT,5
296,62,Hombre,1,135,1,36,0,Fin del estudio,10
297,77,Mujer,1,543,0,21.72,0,Abandono,8
298,69,Mujer,0,189,0,36,0,Fin del estudio,11
299,50,Mujer,0,688,0,36,0,Fin del estudio,13
300,53,Hombre,0,97,0,36,0,Fin del estudio,9
301,66,Mujer,1,119,0,36,0,Fin del estudio,13
302,69,Hombre,0,318,1,24.24,0,Abandono,7
303,63,Hombre,1,585,0,35.57,0,Abandono,11
304,80,Hombre,1,206,1,3.9,0,Abandono,2
305,75,Hombre,1,451,0,10,1,KRT,3
306,73,Mujer,1,1542,0,36,0,Fin del estudio,11
307,53,Hombre,1,451,1,36,0,Fin del estudio,11
308,65,Hombre,1,47,1,36,0,Fin del estudio,10
309,80,Mujer,1,37,1,36,0,Fin del estudio,7
310,56,Hombre,0,403,0,36,0,Fin del estudio,9
311,70,Hombre,1,253,0,36,0,Fin del estudio,9
312,47,Hombre,1,338,0,36,0,Fin del estudio,11
313,55,Mujer,1,240,1,36,0,Fin del estudio,11
314,62,Hombre,1,731,1,36,0,Fin del estudio,12
315,65,Hombre,0,27,1,24.67,0,Abandono,7
316,70,Hombre,0,58,0,29.6,0,Abandono,9
317,43,Hombre,0,64,0,36,0,Fin del estudio,12
318,72,Mujer,0,335,0,3.25,0,Abandono,2
319,55,Hombre,1,72,1,2.66,0,Abandono,2
320,79,Hombre,0,139,1,36,0,Fin del estudio,12
321,83,Hombre,1,709,1,32.76,0,Abandono,8
322,68,Mujer,1,445,1,18.42,0,Abandono,7
323,74,Hombre,0,523,1,36,0,Fin del estudio,7
324,58,Hombre,0,423,0,20.5,1,KRT,7
325,58,Mujer,0,101,0,36,0,Fin del estudio,11
326,73,Hombre,1,1362,1,5.81,0,Abandono,3
327,66,Mujer,0,496,0,36,0,Fin del estudio,7
328,73,Mujer,0,19,0,15.5,1,KRT,5
329,88,Mujer,1,250,1,36,0,Fin del estudio,9
330,60,Mujer,0,96,1,36,0,Fin del estudio,10
331,63,Hombre,1,827,0,36,0,Fin del estudio,12
332,64,Mujer,0,195,1,26.41,0,Abandono,8
333,64,Hombre,0,124,0,23.02,0,Abandono,7
334,78,Hombre,1,843,1,1,1,KRT,1
335,70,Mujer,1,44,1,36,0,Fin del estudio,12
336,45,Hombre,0,235,0,36,0,Fin del estudio,11
337,70,Mujer,0,68,0,36,0,Fin del estudio,11
338,78,Mujer,0,328,1,21.35,0,Abandono,6
339,58,Hombre,0,26,0,36,0,Fin del estudio,11
340,76,Hombre,0,1025,0,7.78,0,Abandono,4
341,38,Mujer,0,977,1,36,0,Fin del estudio,11
342,48,Mujer,0,173,0,13.73,0,Abandono,5
343,81,Mujer,1,641,1,36,0,Fin del estudio,8
344,55,Mujer,1,349,0,36,0,Fin del estudio,10
345,59,Hombre,1,77,0,36,0,Fin del estudio,10
346,73,Mujer,1,89,0,5.67,0,Abandono,2
347,59,Hombre,0,196,1,21.4,0,Abandono,8
348,54,Hombre,0,205,0,13.56,0,Abandono,6
349,70,Hombre,1,515,1,36,0,Fin del estudio,11
350,56,Hombre,0,1931,1,19,1,KRT,6
351,75,Mujer,1,189,0,36,0,Fin del estudio,10
352,52,Hombre,0,1052,0,25,1,KRT,8
353,78,Mujer,1,193,1,25.89,0,Abandono,8
354,63,Hombre,1,441,0,35.61,0,Abandono,8
355,78,Hombre,0,63,0,3.21,0,Abandono,2
356,48,Mujer,1,288,1,21.01,0,Abandono,7
357,65,Hombre,1,204,0,14.76,0,Abandono,6
358,82,Hombre,0,1941,1,3.26,0,Abandono,2
359,79,Mujer,1,105,0,36,0,Fin del estudio,9
360,68,Hombre,1,196,1,12.06,0,Abandono,5
361,63,Hombre,1,41,1,36,0,Fin del estudio,6
362,67,Hombre,1,43,1,23.7,0,Abandono,9
363,68,Hombre,0,21,0,36,0,Fin del estudio,13
364,60,Hombre,0,76,1,36,0,Fin del estudio,12
365,77,Mujer,0,22,0,14.54,0,Abandono,5
366,42,Hombre,1,720,0,36,0,Fin del estudio,11
367,87,Hombre,0,579,0,15,1,KRT,5
368,49,Mujer,0,39,0,36,0,Fin del estudio,10
369,67,Mujer,0,299,1,12.24,0,Abandono,3
370,67,Mujer,1,128,0,3.02,0,Abandono,2
371,72,Mujer,0,52,1,36,0,Fin del estudio,12
372,68,Mujer,1,693,0,8.71,0,Abandono,4
373,77,Mujer,0,55,0,36,0,Fin del estudio,10
374,67,Hombre,1,64,1,23,1,KRT,8
375,67,Hombre,1,1616,1,36,0,Fin del estudio,11
376,74,Mujer,0,86,1,36,0,Fin del estudio,12
377,77,Mujer,0,259,1,36,0,Fin del estudio,13
378,63,Hombre,1,306,1,32.23,0,Abandono,8
379,47,Hombre,1,680,1,36,0,Fin del estudio,11
380,70,Hombre,0,392,1,36,0,Fin del estudio,9
381,63,Hombre,1,316,1,22.5,1,KRT,6
382,71,Mujer,0,203,1,36,0,Fin del estudio,9
383,64,Hombre,0,1521,1,36,0,Fin del estudio,10
384,53,Mujer,1,1405,0,20.5,1,KRT,4
385,58,Hombre,0,540,0,17.2,0,Abandono,7
386,53,Mujer,1,1020,1,36,0,Fin del estudio,7
387,49,Mujer,1,2289,1,27,1,KRT,8
388,48,Mujer,0,44,0,36,0,Fin del estudio,11
389,63,Hombre,0,178,1,36,0,Fin del estudio,10
390,82,Hombre,0,361,0,36,0,Fin del estudio,10
391,69,Hombre,0,61,1,36,0,Fin del estudio,10
392,54,Hombre,1,302,1,36,0,Fin del estudio,12
393,76,Hombre,0,315,1,36,0,Fin del estudio,12
394,52,Mujer,1,18,0,36,0,Fin del estudio,10
395,65,Hombre,1,67,0,36,0,Fin del estudio,10
396,55,Mujer,0,362,1,36,0,Fin del estudio,11
397,66,Mujer,0,38,0,36,0,Fin del estudio,12
398,51,Hombre,1,215,1,8.9,0,Abandono,3
399,62,Mujer,0,706,0,36,0,Fin del estudio,11
400,71,Mujer,1,72,0,36,0,Fin del estudio,12
401,68,Hombre,1,126,1,27.23,0,Abandono,8
402,72,Mujer,0,84,0,36,0,Fin del estudio,12
403,83,Hombre,0,2621,0,35.5,1,KRT,8
404,63,Hombre,1,54,0,36,0,Fin del estudio,9
405,43,Mujer,0,173,0,36,0,Fin del estudio,12
406,62,Mujer,0,299,0,30.01,0,Abandono,10
407,56,Mujer,0,63,1,36,0,Fin del estudio,12
408,76,Hombre,0,31,0,36,0,Fin del estudio,11
409,55,Mujer,0,60,0,36,0,Fin del estudio,10
410,80,Hombre,1,1222,0,10.23,0,Abandono,4
411,62,Mujer,0,37,0,36,0,Fin del estudio,11
412,88,Hombre,0,584,1,26.72,0,Abandono,8
413,55,Hombre,0,120,1,36,0,Fin del estudio,12
414,71,Hombre,0,88,0,36,0,Fin del estudio,11
415,66,Hombre,0,607,0,12.44,0,Abandono,4
416,70,Mujer,1,1931,1,19.04,0,Abandono,7
417,48,Mujer,1,688,0,36,0,Fin del estudio,13
418,60,Hombre,0,67,0,36,0,Fin del estudio,9
419,73,Hombre,0,21,1,25.77,0,Abandono,9
420,59,Mujer,0,31,0,36,0,Fin del estudio,12
421,74,Mujer,1,376,0,3,1,KRT,1
422,55,Hombre,1,70,0,36,0,Fin del estudio,12
423,80,Hombre,1,188,0,36,1,KRT,10
424,65,Hombre,1,134,1,36,0,Fin del estudio,12
425,63,Mujer,0,138,0,15,1,KRT,5
426,72,Mujer,0,1089,0,36,0,Fin del estudio,8
427,54,Mujer,0,914,1,32.5,1,KRT,7
428,63,Hombre,1,159,0,8.25,0,Abandono,3
429,67,Mujer,0,123,0,36,0,Fin del estudio,11
430,67,Hombre,1,213,0,24.26,0,Abandono,7
431,57,Mujer,1,856,1,36,0,Fin del estudio,9
432,64,Mujer,0,48,1,22.65,0,Abandono,6
433,86,Hombre,0,56,1,36,0,Fin del estudio,11
434,58,Hombre,1,233,0,36,0,Fin del estudio,12
435,50,Mujer,1,866,0,36,0,Fin del estudio,10
436,51,Hombre,0,456,1,36,0,Fin del estudio,11
437,51,Mujer,1,423,0,36,0,Fin del estudio,13
438,77,Mujer,0,739,1,36,0,Fin del estudio,11
439,47,Mujer,0,69,0,36,0,Fin del estudio,12
440,76,Hombre,0,7,0,36,0,Fin del estudio,13
441,53,Hombre,1,314,0,36.11,0,Abandono,12
442,79,Mujer,1,442,0,7.2,0,Abandono,3
443,67,Mujer,0,24,0,21.39,0,Abandono,6
444,48,Mujer,0,120,1,23.11,0,Abandono,9
445,86,Mujer,0,427,0,36,0,Fin del estudio,10
446,51,Mujer,1,485,1,36,0,Fin del estudio,11
447,59,Mujer,0,496,1,36,0,Fin del estudio,11
448,85,Mujer,0,325,0,23,1,KRT,6
449,40,Mujer,1,495,0,36,0,Fin del estudio,11
450,70,Mujer,0,634,1,15.61,0,Abandono,4
451,62,Hombre,0,15,1,36,0,Fin del estudio,9
452,77,Hombre,0,152,1,36,0,Fin del estudio,9
453,59,Hombre,0,21,1,11.1,0,Abandono,5
454,64,Mujer,1,158,1,36,0,Fin del estudio,9
455,46,Hombre,1,982,1,14.18,0,Abandono,5
456,70,Hombre,1,111,1,14.5,1,KRT,4
457,60,Hombre,0,205,1,36,0,Fin del estudio,11
458,60,Mujer,0,393,1,36,0,Fin del estudio,10
459,80,Hombre,0,452,1,36,0,Fin del estudio,10
460,71,Mujer,1,146,1,9.08,0,Abandono,3
461,47,Hombre,0,581,1,36,0,Fin del estudio,11
462,70,Hombre,0,247,1,36,0,Fin del estudio,10
463,81,Mujer,1,133,0,4,1,KRT,2
464,46,Mujer,1,949,1,9.5,1,KRT,2
465,54,Hombre,0,161,0,36,0,Fin del estudio,9
466,66,Hombre,0,35,0,29,1,KRT,7
467,57,Mujer,1,2442,0,36,0,Fin del estudio,12
468,64,Mujer,1,274,1,26.38,0,Abandono,9
469,69,Hombre,0,90,1,36,0,Fin del estudio,11
470,59,Mujer,0,409,0,19.7,0,Abandono,7
471,62,Mujer,1,752,1,11.21,0,Abandono,5
472,64,Hombre,1,263,0,36,0,Fin del estudio,11
473,69,Mujer,1,158,1,36,0,Fin del estudio,11
474,69,Mujer,1,95,0,11.52,0,Abandono,4
475,68,Mujer,1,331,1,8.74,0,Abandono,4
476,54,Hombre,0,1822,1,36,0,Fin del estudio,10
477,68,Hombre,1,82,0,32,1,KRT,9
478,63,Mujer,1,90,1,36,0,Fin del estudio,10
479,69,Mujer,1,111,1,36,0,Fin del estudio,11
480,69,Hombre,1,391,0,27.83,0,Abandono,10
481,49,Hombre,0,120,0,13,1,KRT,5
482,49,Hombre,1,44,0,36,0,Fin del estudio,11
483,81,Mujer,0,704,0,24.43,0,Abandono,8
484,70,Mujer,0,548,0,18.5,1,KRT,5
485,59,Hombre,1,367,0,36,0,Fin del estudio,13
486,56,Mujer,0,346,0,5.79,0,Abandono,3
487,60,Mujer,0,195,0,36,0,Fin del estudio,12
488,67,Mujer,1,389,1,6.5,1,KRT,1
489,75,Hombre,0,968,0,36,0,Fin del estudio,10
490,64,Mujer,1,1005,0,36.29,0,Abandono,12
491,66,Hombre,1,258,0,36,0,Fin del estudio,9
492,78,Mujer,1,442,1,21.29,0,Abandono,8
493,56,Mujer,1,36,0,36,0,Fin del estudio,11
494,59,Mujer,0,54,0,36,0,Fin del estudio,11
495,64,Hombre,0,836,1,18.23,0,Abandono,7
496,78,Hombre,0,310,1,36,0,Fin del estudio,11
497,82,Mujer,0,645,0,36,0,Fin del estudio,12
498,88,Mujer,1,90,0,15.44,0,Abandono,5
499,76,Hombre,1,158,0,19.86,0,Abandono,7
500,88,Hombre,1,304,1,1.5,1,KRT,1
501,61,Hombre,1,727,1,10,1,KRT,4
502,56,Mujer,1,762,1,24.5,1,KRT,8
503,77,Mujer,0,379,0,36,0,Fin del estudio,12
504,80,Mujer,0,88,1,9.46,0,Abandono,4
505,67,Mujer,0,197,1,15.33,0,Abandono,5
506,60,Hombre,0,284,1,15.7,0,Abandono,6
507,62,Hombre,1,1369,1,36,0,Fin del estudio,9
508,66,Hombre,1,177,1,24.44,0,Abandono,7
509,71,Hombre,1,481,1,36,0,Fin del estudio,10
510,65,Hombre,0,734,0,36,0,Fin del estudio,11
511,72,Mujer,1,691,0,36,0,Fin del estudio,10
512,46,Hombre,0,111,0,36,0,Fin del estudio,11
513,54,Mujer,1,189,1,36,0,Fin del estudio,11
514,74,Hombre,1,991,1,36,0,Fin del estudio,11
515,74,Hombre,0,74,1,36,0,Fin del estudio,11
516,30,Hombre,0,262,0,36,0,Fin del estudio,9
517,55,Mujer,1,825,1,36,0,Fin del estudio,10
518,58,Hombre,1,80,0,36,0,Fin del estudio,11
519,52,Hombre,1,618,0,25.77,0,Abandono,8
520,81,Mujer,0,51,1,36,0,Fin del estudio,11
521,60,Hombre,0,435,0,11.3,0,Abandono,5
522,69,Mujer,0,118,1,36,0,Fin del estudio,10
523,58,Mujer,0,251,0,36,0,Fin del estudio,11
524,65,Mujer,0,827,1,36,0,Fin del estudio,10
525,85,Hombre,1,2245,1,11,1,KRT,4
526,56,Mujer,1,356,1,27.24,0,Abandono,6
527,76,Hombre,1,243,0,17.48,0,Abandono,6
528,54,Mujer,0,213,0,33.09,0,Abandono,9
529,66,Hombre,1,161,1,20,1,KRT,7
530,52,Hombre,1,388,1,36,0,Fin del estudio,10
531,75,Mujer,0,424,1,36,0,Fin del estudio,10
532,63,Mujer,1,1073,0,23.25,0,Abandono,4
533,63,Mujer,0,222,1,9.79,0,Abandono,4
534,71,Mujer,0,350,0,29.13,0,Abandono,10
535,66,Mujer,1,123,0,21.04,0,Abandono,7
536,70,Hombre,0,193,1,36,0,Fin del estudio,11
537,63,Hombre,1,62,1,33.95,0,Abandono,12
538,54,Mujer,1,46,0,36,0,Fin del estudio,10
539,59,Hombre,1,52,1,36,0,Fin del estudio,11
540,73,Mujer,0,462,1,36,0,Fin del estudio,10
541,62,Hombre,0,318,0,36,0,Fin del estudio,9
542,65,Hombre,0,311,1,36,0,Fin del estudio,8
543,59,Hombre,0,1751,1,36,0,Fin del estudio,11
544,58,Hombre,0,1256,0,36,0,Fin del estudio,12
545,61,Hombre,0,21,1,36,0,Fin del estudio,12
546,60,Hombre,0,260,1,36,0,Fin del estudio,11
547,54,Hombre,0,769,1,27,1,KRT,9
548,70,Mujer,0,65,0,36,0,Fin del estudio,11
549,47,Mujer,1,49,0,36,0,Fin del estudio,10
550,60,Hombre,1,718,0,36,0,Fin del estudio,10
551,73,Mujer,0,185,0,36,0,Fin del estudio,12
552,62,Hombre,1,120,0,36,0,Fin del estudio,9
553,62,Mujer,1,887,0,25.26,0,Abandono,9
554,82,Hombre,1,29,0,36,0,Fin del estudio,9
555,74,Mujer,1,431,0,36,0,Fin del estudio,10
556,82,Mujer,0,83,0,36,0,Fin del estudio,11
557,61,Mujer,1,60,1,27.34,0,Abandono,10
558,73,Hombre,0,193,0,36,0,Fin del estudio,11
559,61,Mujer,1,382,0,33.28,0,Abandono,10
560,66,Hombre,0,79,0,36,0,Fin del estudio,10
561,41,Hombre,1,51,0,36,0,Fin del estudio,10
562,59,Mujer,0,223,1,36,0,Fin del estudio,10
563,51,Hombre,1,49,1,36,0,Fin del estudio,8
564,74,Mujer,0,1460,0,36,0,Fin del estudio,10
565,71,Hombre,0,169,0,36,0,Fin del estudio,10
566,44,Hombre,0,36,0,36,0,Fin del estudio,9
567,53,Mujer,0,375,0,4,1,KRT,1
568,67,Mujer,1,447,0,35,1,KRT,9
569,81,Hombre,0,364,1,19,1,KRT,5
570,73,Hombre,0,123,0,36,0,Fin del estudio,10
571,66,Mujer,0,915,0,30.87,0,Abandono,11
572,64,Hombre,0,50,1,36,0,Fin del estudio,9
573,64,Hombre,0,443,1,31.5,1,KRT,9
574,38,Mujer,0,409,0,36,0,Fin del estudio,11
575,67,Mujer,1,210,1,14.88,0,Abandono,4
576,71,Mujer,0,239,0,36,0,Fin del estudio,10
577,71,Mujer,1,122,1,13,1,KRT,3
578,60,Hombre,0,416,1,21.65,0,Abandono,7
579,56,Hombre,0,180,1,36,0,Fin del estudio,9
580,50,Hombre,0,208,1,36,0,Fin del estudio,10
581,58,Hombre,1,44,0,36,0,Fin del estudio,10
582,79,Hombre,1,307,1,36,0,Fin del estudio,9
583,72,Hombre,0,301,0,36,0,Fin del estudio,11
584,64,Hombre,0,77,0,25.24,0,Abandono,6
585,69,Hombre,1,160,0,36,0,Fin del estudio,11
586,49,Hombre,0,136,1,3,1,KRT,1
587,63,Mujer,0,686,1,36,0,Fin del estudio,11
588,73,Hombre,1,4386,1,11.02,0,Abandono,5
589,51,Hombre,1,486,1,25.73,0,Abandono,8
590,53,Hombre,0,81,1,6.5,1,KRT,2
591,78,Mujer,0,470,0,36,0,Fin del estudio,12
592,56,Mujer,1,120,1,36,0,Fin del estudio,10
593,76,Mujer,0,938,0,23.5,1,KRT,7
594,61,Hombre,0,1307,0,36,0,Fin del estudio,11
595,57,Hombre,1,435,0,37.13,0,Abandono,9
596,54,Hombre,0,303,0,27,1,KRT,9
597,57,Hombre,0,24,0,6.16,0,Abandono,3
598,64,Mujer,0,112,0,20.91,0,Abandono,8
599,65,Hombre,1,169,0,36,0,Fin del estudio,7
600,50,Hombre,0,1750,0,36,0,Fin del estudio,12
