id,visita,mes,tfge
1,0,0,33.6
1,1,2.46,30.3
1,2,5.79,26.2
1,3,9.55,26.9
1,4,12.35,28.5
1,5,18.28,26
1,6,21.02,20.4
1,7,23.98,24.7
1,8,25.95,23.2
1,9,30.98,19.2
1,10,34.41,21.8
1,11,35.98,19.5
2,0,0,26.8
2,1,2.31,27.2
2,2,4.71,25.3
2,3,8.86,28.7
2,4,12.55,21.1
2,5,17.27,18.6
2,6,20.19,25.3
2,7,24.33,22.3
2,8,29.44,16.9
2,9,33.21,12.2
2,10,35.53,14.2
3,0,0,39.4
3,1,3.52,34.5
3,2,4.88,34.4
3,3,10.03,33
3,4,12.91,30.3
3,5,15.01,26.5
3,6,18,24.1
3,7,20.71,31.2
3,8,24.65,29.2
3,9,29.19,24.1
3,10,33.23,30.1
3,11,35.41,28.8
4,0,0,34
4,1,2.75,34.6
4,2,4.97,35.1
4,3,8.66,33.1
4,4,12.58,25.1
4,5,15.54,28.4
4,6,18.34,21.2
4,7,23.2,22.8
5,0,0,42.1
5,1,2.89,41.9
5,2,5.38,42.9
5,3,11.62,40.3
5,4,15.23,48.1
5,5,17.92,42.2
5,6,21.25,40.8
5,7,23.7,40.7
5,8,27.89,43.6
5,9,30.76,46.8
5,10,34.69,48.7
5,11,35.77,46.8
6,0,0,42.2
7,0,0,23.4
7,1,3.84,12.7
7,2,6.52,14.3
8,0,0,33.2
8,1,5.22,34
8,2,11.97,28.6
8,3,15.2,25.4
8,4,20.85,29.9
8,5,23.75,20.9
8,6,26.65,24.1
8,7,30.81,27.7
8,8,33.03,20
9,0,0,21
9,1,3.17,17.9
10,0,0,46.9
10,1,2.04,39.8
10,2,5.8,42.5
10,3,9.7,35.7
10,4,11.87,35.2
10,5,13.9,40
10,6,17.94,32.5
10,7,20.84,32.8
10,8,23.63,40
10,9,33.3,29.1
10,10,35.25,32.2
11,0,0,32.6
11,1,3.34,32.1
11,2,6.76,36.9
11,3,9.03,32.6
11,4,15.43,32.1
11,5,19.16,29.3
11,6,20.7,28.2
11,7,24.51,24.1
11,8,27.86,26.3
12,0,0,35.7
12,1,2.94,33.9
12,2,8.24,33.2
12,3,12.92,29
12,4,15.49,33.9
12,5,18.85,27.8
12,6,24.11,24.7
12,7,26.17,29.4
12,8,29.87,22.3
12,9,33.98,24.6
12,10,35.51,24.3
13,0,0,30.7
13,1,6.03,30.4
13,2,9.53,28.8
13,3,16.55,28.1
13,4,18.61,34.7
13,5,20.28,25.2
13,6,22.84,23.8
13,7,26.83,23.5
13,8,32.42,28.2
14,0,0,37.7
14,1,2.08,33.5
14,2,6.52,29.2
14,3,9.17,30.8
14,4,12.67,30.1
14,5,14.07,19.5
15,0,0,20.5
15,1,5.2,21.8
15,2,9.21,22.6
15,3,11.93,20.4
15,4,15.43,13.7
15,5,21.19,7.6
15,6,23.58,4.7
15,7,27.96,5
15,8,28.56,5.4
16,0,0,46.4
16,1,1.99,41.6
16,2,5.73,39.6
16,3,9.16,42.3
16,4,12.08,37.3
16,5,18.28,33.1
16,6,20.88,31.9
16,7,23.44,35.8
16,8,26.26,33.1
16,9,29.88,28.3
17,0,0,22.7
17,1,3.68,22.1
17,2,8.81,22.9
17,3,12.1,27.2
18,0,0,44.4
18,1,5.37,35
18,2,9.04,41.5
18,3,15.19,32.3
18,4,17.81,35.4
18,5,20.71,36.8
18,6,24.09,35.6
18,7,26.66,38.5
18,8,31.58,29
19,0,0,48.1
19,1,2.32,41.7
19,2,5.14,39.5
19,3,11.52,44.3
19,4,14.55,34
19,5,17.69,42.1
19,6,21.1,37
19,7,23.81,27.7
19,8,27.2,31.5
20,0,0,44.5
20,1,3.78,44.6
20,2,6.31,42.8
20,3,9.36,39.6
20,4,12.22,43.1
20,5,15.43,39.4
20,6,19.13,42.5
20,7,21.45,37
20,8,23.95,37.5
20,9,30.42,38.2
20,10,33.2,39.6
20,11,36.51,37.1
21,0,0,19.3
21,1,6.63,24.3
21,2,12.57,21.7
21,3,15.93,13.8
21,4,20.5,25.3
21,5,23.86,20.3
21,6,27.12,17.4
21,7,33.08,17.6
22,0,0,41.9
22,1,5.58,39.4
22,2,11.65,33.9
22,3,13.72,30.2
23,0,0,35.8
23,1,6.15,39.5
23,2,8.01,28.8
23,3,15.21,28.3
23,4,24.29,25.5
24,0,0,25.5
24,1,3.2,24.3
24,2,6.05,24.3
24,3,8.44,25.2
24,4,11.33,17.5
24,5,14.93,25.3
24,6,21.38,28.4
24,7,24.14,19.7
24,8,29.81,17.6
25,0,0,28.5
25,1,2.31,31.6
25,2,5.6,21.6
25,3,8.85,25.1
25,4,14.86,16.6
25,5,17.96,23.2
25,6,21.28,24.9
25,7,27.04,21.3
25,8,30.65,19.8
25,9,33.39,13.4
25,10,36.37,14.2
26,0,0,54.6
26,1,3.24,43.9
26,2,6.6,38.9
26,3,9.07,40.5
26,4,12.89,44.1
26,5,14.58,43.7
26,6,21.02,39.6
26,7,22.99,38.8
26,8,27.24,42.3
26,9,30.48,36.6
26,10,33.4,36.4
26,11,36.4,36.6
27,0,0,25.3
27,1,2.82,30.4
27,2,6.33,27.3
27,3,12.56,28.7
27,4,18.55,28.7
27,5,21.43,22.5
27,6,24.03,22.7
27,7,26.8,21.9
28,0,0,33.3
28,1,1.7,26.3
29,0,0,39.7
29,1,2.84,40.4
29,2,7.07,31.2
29,3,9.9,40.4
29,4,14.42,36.2
29,5,23.69,34.6
29,6,27.44,35.6
29,7,30.04,35.7
29,8,33.19,28.3
29,9,36.52,33.8
30,0,0,39.9
30,1,1.61,36.2
30,2,4.97,29
30,3,8.87,30.9
30,4,11.47,25.1
30,5,15.79,28.8
30,6,18.37,28.8
30,7,21.36,23.2
31,0,0,40.5
31,1,3.23,47.3
31,2,7.15,43.5
31,3,8.87,49.2
31,4,12.79,48
31,5,14.91,41.8
31,6,17.71,50.8
31,7,21.98,49.4
31,8,24.02,51.3
31,9,36.52,45.4
32,0,0,44.4
32,1,9.5,41
32,2,12.68,37.9
32,3,14.58,38.9
32,4,18.05,42.9
32,5,21.26,33
32,6,23.97,36.6
32,7,27.03,32.9
32,8,30.99,35.2
32,9,32.12,26
32,10,35.68,26.3
33,0,0,20.4
33,1,2.06,15.1
33,2,9.08,10.9
33,3,11.77,15.2
33,4,15.13,8.5
33,5,22.93,11.2
34,0,0,16.7
34,1,4.7,7
34,2,7.23,9.2
34,3,12.21,10.2
34,4,14.91,8.6
34,5,18.74,12.3
34,6,21.43,13
34,7,24.59,7.4
34,8,27.42,8.2
34,9,32.04,7.5
34,10,35.39,6.7
35,0,0,32.8
35,1,2.84,36.4
35,2,5.84,36
35,3,8.53,35.9
35,4,11.67,35.6
35,5,15.45,38.4
35,6,17.35,37.8
35,7,26.15,38.9
36,0,0,27.5
36,1,3.32,20
36,2,5.56,19.9
37,0,0,23.2
37,1,3.98,29.4
37,2,9.19,24.4
37,3,12.09,28.2
37,4,14.54,25.3
37,5,21.91,24.8
37,6,23.79,22.9
37,7,27.38,31.3
37,8,30.97,23.8
37,9,33.9,25.4
37,10,36.04,21.6
38,0,0,37.2
38,1,3.19,38.3
38,2,5.22,41.9
38,3,8.8,35.3
38,4,11.86,28.2
38,5,16.98,30.8
38,6,24.2,25.2
38,7,29.5,34.3
38,8,33.73,30.7
38,9,36.72,25.2
39,0,0,46.6
39,1,1.34,46.4
39,2,6.83,41
39,3,8.72,37.7
39,4,18.08,30.2
39,5,25.66,22.1
39,6,26.56,27.7
39,7,30.87,24.4
39,8,33.06,20.4
39,9,35.6,26
40,0,0,32.4
40,1,3.61,32.5
40,2,8.81,37.2
40,3,12.83,35.4
40,4,14.54,32.3
40,5,21.52,38.6
40,6,24.55,38
40,7,26.23,31.5
40,8,30.24,30.7
40,9,32.51,31.9
40,10,36.61,36.1
41,0,0,39.4
41,1,5.28,30
41,2,14.46,31.2
41,3,21.39,31.7
41,4,24.63,23
41,5,27.19,29
41,6,30.34,29.4
41,7,33.97,25.1
41,8,35.33,21.6
42,0,0,33.1
42,1,2.97,40.9
42,2,13.86,37.9
42,3,13.93,32
42,4,20.39,36.3
42,5,22.84,35.7
42,6,26.24,33.5
42,7,32.5,36.6
43,0,0,48.3
43,1,2.51,52.3
43,2,7.17,47.8
43,3,8.65,50.3
43,4,11.95,46.5
43,5,15.04,43.9
43,6,17.61,44.5
43,7,23.39,49.3
43,8,30.34,44.8
43,9,36.26,45.9
44,0,0,20.6
44,1,3.16,18.9
44,2,6.17,22.7
44,3,10.18,23.9
44,4,20.21,24.5
44,5,24.46,18.1
44,6,27.22,19
44,7,33.22,19.1
45,0,0,48.7
45,1,2.84,39.1
45,2,10.18,38.4
45,3,11.66,35.9
45,4,15.09,40.9
45,5,17.54,34.1
45,6,20.15,34.4
45,7,24.07,32.8
45,8,30.4,38
45,9,33.45,31.2
45,10,37.12,27.8
46,0,0,30.2
46,1,6.97,28
46,2,9.13,26.5
46,3,14.95,27.1
46,4,18.11,23.4
46,5,23.5,24.1
47,0,0,33
47,1,2.89,35
47,2,5.96,30.5
47,3,9.07,30.6
47,4,12.02,33.6
47,5,15.22,31.1
47,6,18.01,31.7
47,7,24.21,29.2
47,8,27.01,27.9
47,9,30.55,27.5
47,10,34.2,29.7
47,11,36.96,24.4
48,0,0,30
48,1,3.09,30.5
48,2,7,27.7
48,3,15.08,27
48,4,18.75,29.4
48,5,20.65,33.3
48,6,24.11,31
48,7,27.24,22.8
48,8,29.64,21.5
49,0,0,29.6
49,1,3.09,31.7
49,2,5.05,29.1
49,3,8.52,26.3
49,4,12.18,31.6
50,0,0,50.8
50,1,2.99,49.7
50,2,6.44,53
50,3,10.16,46.8
50,4,12.15,47
50,5,15.8,43
50,6,19.18,44.5
50,7,21.1,36
51,0,0,48.5
51,1,2.1,42.6
51,2,6.73,46.2
51,3,9.23,43.5
51,4,12.53,41.6
51,5,15.39,45.4
51,6,24.34,32.3
51,7,29.56,30.1
51,8,33.47,30.1
52,0,0,35.5
52,1,3.22,38.3
52,2,5.57,35
52,3,8.06,34.5
52,4,11.22,24.7
52,5,15.14,34.2
52,6,20.45,29.4
52,7,24.1,30.6
53,0,0,46.4
53,1,3.37,43
53,2,5,43.6
53,3,9.07,48
53,4,11.56,40.3
53,5,14.09,37.3
53,6,17.81,43.1
53,7,20.41,39.2
53,8,23.64,39.7
53,9,26.86,35.8
53,10,29.26,37.6
53,11,33.07,35
53,12,36.49,38.9
54,0,0,41.5
54,1,3.18,42.3
54,2,8.76,34.7
54,3,12.3,34.4
54,4,14.4,39.6
54,5,17.52,33.7
54,6,21.48,34.1
54,7,22.97,30.2
54,8,27.49,25.4
54,9,29.42,25
54,10,33.18,24.3
54,11,35.85,24.6
55,0,0,26.5
55,1,4.05,23.8
55,2,6.2,18.6
55,3,8.52,18.3
55,4,11.71,20.6
55,5,17.48,18.1
55,6,21.51,18.9
56,0,0,50.9
56,1,3.17,49.7
56,2,6.3,52.2
56,3,9.03,53.6
56,4,12.92,54.1
56,5,14.48,55
56,6,17.63,55.6
56,7,20.51,44.7
56,8,28.19,48.4
56,9,28.45,48.8
56,10,32.9,43.5
56,11,36.31,46.9
57,0,0,39.3
57,1,1.85,38.7
57,2,5.82,30.5
57,3,8.95,36.1
57,4,12.25,30.3
57,5,14.72,25.2
57,6,17.61,26.8
57,7,21.12,28.9
58,0,0,43.8
58,1,2.21,41.7
58,2,8.4,33.1
58,3,12.18,34.4
58,4,14.42,35.4
58,5,17.94,34.9
58,6,21.07,31.3
58,7,24.16,34.8
58,8,26.35,25.7
58,9,30.09,28.3
58,10,34.06,25.1
58,11,36.49,38
59,0,0,30
59,1,3.57,31.2
59,2,4.88,33.7
59,3,9.16,30.4
59,4,11.68,21.1
59,5,18.55,29.6
59,6,21.75,22.1
59,7,24.56,29.4
59,8,26.92,29.3
59,9,32.16,23.4
59,10,35.9,18
60,0,0,24.1
61,0,0,29.7
61,1,2.99,22.6
61,2,5.17,20.7
61,3,9.12,24.1
61,4,11.97,23.5
61,5,14.22,17.6
62,0,0,39.8
62,1,3.6,39
62,2,7.15,37.1
62,3,10.59,38.8
62,4,12.34,38.5
62,5,15.43,37.1
62,6,18.39,34.6
62,7,20.65,33.6
62,8,23.43,38.6
62,9,30.23,30.6
62,10,32.69,35.7
63,0,0,47.6
63,1,4.9,43.7
63,2,8.97,41.6
63,3,15.1,39.2
63,4,17.93,36.4
63,5,20.95,36.3
63,6,26.81,36.6
63,7,30.22,33.3
63,8,33.42,34.7
63,9,36.08,33.1
64,0,0,43.4
64,1,1.65,42.3
64,2,5.8,37.6
64,3,9.35,35.8
64,4,12.34,34.6
64,5,15.89,40
64,6,18.6,29.8
64,7,22.21,35.3
64,8,26.3,29.7
64,9,29.34,31.3
64,10,33.5,30.3
64,11,36.02,25.9
65,0,0,37.1
65,1,2.62,39.4
65,2,6.6,39.7
66,0,0,24.8
66,1,2.53,19.5
66,2,5.55,18.7
66,3,8.61,21.7
66,4,10.26,12.3
66,5,14.91,13.5
66,6,17.46,16.6
67,0,0,24.8
67,1,2.84,22.3
67,2,4.72,15.5
67,3,14.88,15.7
67,4,17.85,21.7
68,0,0,24.1
68,1,5.41,13.6
68,2,9.04,21
69,0,0,35.3
69,1,4.02,25.6
69,2,5.63,28.8
69,3,8.28,24.5
69,4,11.17,24.2
69,5,14.94,28.1
69,6,18.07,25.6
69,7,20.77,19.9
69,8,24.08,23.1
69,9,26.46,21.8
69,10,30.19,15.9
69,11,33.76,17.3
69,12,36.22,13.1
70,0,0,43.6
70,1,3.58,43.3
70,2,5.12,45.7
70,3,8.34,44
70,4,11.47,42.9
70,5,15.14,40.4
70,6,17.53,39.4
70,7,21.61,33.2
70,8,23.52,36.7
70,9,27.11,33
70,10,29.9,28.3
70,11,36.49,31.8
71,0,0,28.9
71,1,6.02,22.2
71,2,8.22,22
71,3,11.7,23.6
71,4,15.37,18.1
71,5,18.11,20.5
71,6,21.07,23.7
71,7,24.01,15.4
71,8,26.54,29.1
72,0,0,44.4
72,1,2.81,42.7
72,2,6.26,41.9
72,3,8.96,38
72,4,11.23,37.6
72,5,15.87,37.4
72,6,17.55,30.8
72,7,23.69,31.9
72,8,27.19,35.6
72,9,29.57,37.7
72,10,36.32,32.3
73,0,0,42.5
73,1,2.92,40.8
73,2,5.03,40.7
73,3,8.82,40.2
73,4,11.41,37.8
73,5,15.78,31.9
73,6,18.45,29.7
73,7,20.87,30.4
73,8,24.83,21.5
73,9,28.44,24.6
73,10,30.35,26.8
73,11,33.62,20.9
73,12,36.49,21
74,0,0,29.5
74,1,2.54,28
74,2,6.5,31.7
75,0,0,24.3
75,1,2.94,23
75,2,12.39,20.2
75,3,13.82,13.7
75,4,17.02,19.4
75,5,22,20.5
75,6,23.75,8.1
75,7,32.49,12.7
75,8,35.58,17.1
76,0,0,25.7
76,1,3.48,20.9
76,2,6.22,18.2
76,3,8.36,17
76,4,11.58,16.5
76,5,18.81,20.3
76,6,20.64,14.1
76,7,27.51,14.6
76,8,29.72,10.8
76,9,32.9,12.7
77,0,0,46.4
77,1,3.49,45.7
77,2,6.51,47.6
77,3,12.21,46.3
77,4,16.93,45.4
77,5,21.58,42.4
78,0,0,31.5
79,0,0,41.1
79,1,3.47,39.2
79,2,5.41,41
79,3,8.55,38.8
79,4,12.25,37.8
79,5,18.99,32.3
79,6,20.85,37.7
79,7,26.93,30.1
79,8,29.6,34
79,9,35.73,27.5
80,0,0,41.4
81,0,0,12.9
81,1,2.99,17.1
81,2,5.54,9.8
81,3,10.12,9.5
81,4,12.62,7.3
82,0,0,36.4
82,1,6.45,36.8
82,2,10.91,27.7
82,3,11.35,31.1
82,4,15.17,33
82,5,18.66,34.3
82,6,21.4,33.8
82,7,23.2,32.5
82,8,26.44,34.1
82,9,29.32,32.3
82,10,33.11,30.6
82,11,35.2,32.9
83,0,0,37.6
83,1,3.86,31.8
83,2,6.77,35.5
83,3,9.93,32.3
83,4,12.7,30.5
83,5,18.71,30.4
83,6,21.35,26.8
83,7,24.44,23.6
83,8,26.67,29.5
83,9,30.62,27.8
83,10,33.35,30.8
83,11,36.16,30.2
84,0,0,41.1
84,1,5.19,38.4
84,2,9.06,37.9
84,3,11.42,36.6
84,4,18.25,21.6
84,5,22.49,33.7
84,6,24.14,28.5
84,7,27.47,30.5
84,8,30.94,27.3
84,9,33.24,22.9
84,10,35.67,24.4
85,0,0,32.9
85,1,3.42,32.1
85,2,5.46,29.5
85,3,9.53,33.3
85,4,15.76,26.2
85,5,18.27,23.7
85,6,21.55,23.3
86,0,0,30.2
86,1,3.25,28.6
86,2,5.98,26.7
86,3,9.38,24
86,4,11.88,24.1
86,5,14.49,22.8
87,0,0,42.2
87,1,3.31,42.5
87,2,6.09,40.6
87,3,8.06,39.7
87,4,12.53,39.4
87,5,14.5,31.8
87,6,18.1,39
87,7,20.91,35.3
87,8,24.36,32.8
87,9,27.56,35.1
87,10,29.99,29.9
87,11,36.42,28.7
88,0,0,50.1
88,1,9,35.9
88,2,11.81,36.1
88,3,18.31,31.8
88,4,21.14,34.8
88,5,24.64,31.8
88,6,26.82,26
89,0,0,47.7
89,1,3.68,41.7
89,2,5.17,40.8
89,3,8.42,39
89,4,12.63,39.5
89,5,14.83,37.3
89,6,17.45,42.1
89,7,20.81,44.4
89,8,24.54,43
89,9,28.04,36.8
89,10,30.66,35
89,11,35.8,37.2
90,0,0,42.6
90,1,10.44,33.7
90,2,15.07,34.6
90,3,17.77,34.8
90,4,21.19,38.1
90,5,23.66,39.1
90,6,26.89,32.6
90,7,30,39.8
90,8,32.93,40.2
90,9,36.49,38.9
91,0,0,41.1
91,1,6.54,40.3
91,2,10.24,38.1
91,3,15.01,41.4
91,4,18.32,35.1
91,5,24.24,34.3
91,6,27.71,31.6
91,7,30.58,34.9
91,8,36.06,36.6
92,0,0,37.3
92,1,2.68,37.2
92,2,8.34,38.3
92,3,14.67,36.1
92,4,17.59,37.8
92,5,20.34,35.3
92,6,23.83,37.2
92,7,27.02,39.6
92,8,30.48,35.5
92,9,33.52,34.1
93,0,0,39
93,1,2.79,37.6
93,2,5.99,34.7
93,3,10.49,38.3
93,4,12.74,36.2
93,5,15.03,27.6
93,6,21.07,26.9
93,7,24.89,25.3
93,8,27.07,33.3
93,9,36.07,27.3
94,0,0,45.6
94,1,6.09,46.3
94,2,11.82,42.4
94,3,17.37,41.8
94,4,21.86,43.8
94,5,23.1,38
94,6,26.26,39.5
94,7,30.21,32.6
94,8,32.09,32.2
94,9,36.88,32.9
95,0,0,33.2
95,1,2.66,30.9
95,2,6.07,31.8
95,3,9.34,29.7
95,4,12.16,31.3
95,5,15.47,30.1
95,6,17.99,33.9
95,7,20.68,27.9
95,8,24.07,29.1
95,9,28.65,21.6
95,10,32.85,31.3
96,0,0,37.2
96,1,3.47,37.5
96,2,5.95,34.7
96,3,9.14,37.6
96,4,13.29,33.9
96,5,18.76,36.3
96,6,20.95,34.7
97,0,0,27.2
97,1,2.98,31.7
97,2,6.41,25
97,3,11.25,21.6
97,4,14.83,21
97,5,17.79,25.2
97,6,21.35,21.6
97,7,23.98,26
97,8,27.83,19
98,0,0,40.5
98,1,4.12,37.2
98,2,5.17,37.4
98,3,11.5,39.2
98,4,15.82,31.1
98,5,17.93,41.6
98,6,20.64,32.3
98,7,23.14,35.2
98,8,25.8,31.3
98,9,30.07,32.1
98,10,33.18,33.5
98,11,36.92,32.1
99,0,0,36.2
99,1,2.86,33.7
99,2,6.72,38.5
99,3,8.51,35.6
99,4,11.66,36.9
99,5,15.12,29.4
99,6,19.47,34.6
99,7,23.48,37.1
99,8,26.53,31.8
99,9,29.76,42.1
99,10,36.69,29.8
100,0,0,43.6
100,1,3.14,46.5
100,2,6.22,34.6
100,3,8.95,39.2
100,4,12.5,40.8
100,5,15.15,33.3
100,6,16.75,38.3
100,7,22.02,38
100,8,24.09,31.9
100,9,27.47,32.4
100,10,30.22,40.4
100,11,34.11,40.5
100,12,35.46,31.9
101,0,0,37.4
101,1,2.57,38
101,2,6.11,31.9
101,3,8.84,38.4
101,4,11.93,36.6
101,5,15.56,39.5
101,6,18.26,28.3
101,7,20.11,34.7
101,8,24.69,27.6
101,9,25.84,27.1
101,10,30.02,33.5
101,11,35.06,29.1
102,0,0,44.9
102,1,2.1,36.9
102,2,6.33,37.6
102,3,10.09,38.5
102,4,13.09,44.2
102,5,18.16,43.7
102,6,22.39,41.8
103,0,0,34.1
103,1,10.83,35.6
103,2,11.7,33.9
103,3,14.25,34.2
103,4,20.68,33.4
103,5,23.25,36.7
103,6,32.38,38.5
103,7,36.12,28.2
104,0,0,37.7
104,1,2.46,37.4
104,2,5.78,31.6
104,3,11.96,35.8
104,4,14.26,35.1
104,5,21.62,34.1
104,6,24.97,33.6
104,7,29.84,34.8
104,8,32.32,31.2
104,9,35.65,28.3
105,0,0,17.7
105,1,1.8,22.1
105,2,6.64,17.6
105,3,9.13,14.7
105,4,13.37,19.2
106,0,0,38.4
106,1,2.94,34.1
106,2,8.84,33.2
107,0,0,19.6
107,1,4.08,17.7
108,0,0,29.6
108,1,3.04,26.5
109,0,0,43.9
109,1,2.32,44.5
109,2,8.77,40.5
109,3,11.76,35.9
109,4,16.26,34.9
109,5,18.12,35.3
109,6,21.25,38.9
109,7,23.67,33.6
109,8,27.78,33.7
109,9,30.71,33.5
109,10,32.98,31
109,11,35,31.3
110,0,0,34.5
110,1,3.05,31.1
110,2,5.21,31.8
110,3,8.79,28.5
110,4,13.28,30.1
110,5,16.15,22.1
110,6,22.33,23.9
110,7,27.38,20.2
110,8,29.93,21.1
110,9,33.2,18.8
110,10,36.57,23.2
111,0,0,43.4
111,1,2.37,37.7
111,2,11.88,40.6
111,3,15.46,35.1
111,4,17.77,36.5
111,5,23.77,38.2
112,0,0,46.4
112,1,5.65,36.5
112,2,8.13,35
112,3,10.88,42.9
112,4,15.78,35.8
112,5,18.64,34.9
112,6,21.9,37.3
112,7,25.82,41.3
112,8,29.84,33
112,9,32.67,35.1
112,10,34.92,33.9
113,0,0,37.9
113,1,1.08,36.2
113,2,10.3,33.4
113,3,12.94,34.7
113,4,14.52,32.3
113,5,17.74,33.4
113,6,20.94,34.4
113,7,27.52,34.2
113,8,33.76,34.3
113,9,35.86,33.5
114,0,0,44.3
114,1,5.67,40.4
114,2,8.41,30.9
114,3,12.08,36
114,4,14.63,43
114,5,18.45,34.9
114,6,20.02,40.5
114,7,24.34,32.5
114,8,26.77,40.2
114,9,31.17,34.9
114,10,32.31,35.4
115,0,0,36.6
115,1,3.24,32.3
115,2,7.29,35.1
115,3,12.25,25
115,4,14.68,32.5
115,5,16.8,30.4
115,6,29.84,24.7
115,7,31.85,26.6
115,8,35.67,23.2
116,0,0,44.6
116,1,6.24,39.1
116,2,8.87,40.7
116,3,12.12,44.9
116,4,15.74,34.7
116,5,21.7,34.9
116,6,24.3,33.8
116,7,27.6,31.8
116,8,30.04,28.3
117,0,0,30.3
117,1,2.8,21.8
118,0,0,32
118,1,2.66,23.9
118,2,6.42,21
119,0,0,27.2
119,1,3.22,28.2
119,2,6.1,26.8
119,3,12.06,25.3
119,4,15.23,24.6
119,5,23.63,26.4
120,0,0,40.1
120,1,2.79,41.7
120,2,6.23,43.1
120,3,14.61,35.9
120,4,17.87,39.8
121,0,0,41.3
121,1,2.65,31.6
121,2,6.23,33.1
121,3,9.23,32.2
121,4,18.8,28.3
121,5,21,26.4
122,0,0,46.5
122,1,3.68,37.6
122,2,9.88,41.8
122,3,20.21,37.6
122,4,23.24,36.2
122,5,27.65,38.3
122,6,34.44,31.5
122,7,35.39,32.9
123,0,0,29.2
123,1,3.08,25.3
123,2,6.11,24.5
123,3,9.41,30.2
123,4,11.86,22.3
123,5,14.38,24
123,6,17.51,27.9
123,7,24.47,24.4
123,8,26.92,25.8
123,9,32.9,25.4
124,0,0,27.1
124,1,1.46,30.7
124,2,5.29,29.8
125,0,0,31.2
125,1,12.19,26.7
125,2,15.16,30.2
125,3,18.92,28.7
125,4,20.75,31.3
125,5,24.46,32.5
125,6,30.02,33
125,7,33.32,28.8
125,8,35.84,30.6
126,0,0,39.1
126,1,2.74,37.7
126,2,9.17,37.3
126,3,12.19,32.4
126,4,15.38,31.5
126,5,17.8,35.8
126,6,24.94,31.2
126,7,30.1,27.5
126,8,32.62,30.8
126,9,35.31,32.6
127,0,0,32.3
127,1,2.93,26.5
128,0,0,54.2
128,1,2.83,53.7
128,2,4.86,54.2
128,3,9.14,58
128,4,11.77,53.1
128,5,14.38,48.4
128,6,18.98,58
128,7,21.08,49.6
128,8,25.12,50.5
128,9,26.82,48.4
128,10,30.88,47.4
128,11,33.63,40.5
129,0,0,23.4
129,1,3.82,29.6
129,2,9.16,24.8
130,0,0,37.4
130,1,2.14,32.7
130,2,8.2,33.7
130,3,11.86,33.7
130,4,15.57,35.1
130,5,17.71,28.8
130,6,21.31,29.3
130,7,23.31,31.7
130,8,29.63,23.2
130,9,33.34,27
131,0,0,57.6
131,1,3.37,57.7
131,2,4.94,53.2
131,3,8.33,63.5
131,4,12.4,54.3
131,5,18.05,57.1
131,6,23.35,53.3
131,7,26.73,45.4
131,8,28.11,53.6
131,9,35.36,53.7
132,0,0,49.7
132,1,3.07,51.7
132,2,6.8,48.2
132,3,9.98,51.9
132,4,11.75,47.8
132,5,17.92,54.1
132,6,21.51,50.5
132,7,23.47,49.1
132,8,26.7,49.8
132,9,29.91,52.7
133,0,0,39.4
133,1,2.83,34.1
133,2,6.14,34.8
133,3,8.34,33.2
133,4,13.57,34.7
133,5,17.87,34.3
133,6,21.91,31.2
133,7,33.43,29.7
134,0,0,36.6
134,1,3.4,34.7
135,0,0,36.6
135,1,4.55,33.8
135,2,6.47,37.2
135,3,9.38,28
135,4,12.1,27.4
135,5,14.87,28.5
135,6,17.65,29
135,7,19.57,31
135,8,29.78,29.3
135,9,36.07,26.9
136,0,0,32.3
136,1,3.59,27.5
136,2,5.62,34.2
136,3,8.33,33.8
136,4,12.98,29.3
136,5,14.43,25
136,6,19.02,31.3
136,7,21.16,32.4
137,0,0,34.1
137,1,16.16,19.6
137,2,18.22,25.6
137,3,21.07,24
137,4,25.19,22.7
137,5,30.39,22.4
137,6,32.97,19.9
138,0,0,41.2
138,1,3.76,37.6
138,2,6.61,39.2
138,3,8.96,41
138,4,12.74,30.3
138,5,15.29,35.3
138,6,18.57,34.3
139,0,0,25.4
139,1,2.46,24.2
140,0,0,19.7
140,1,4.1,17.3
140,2,5.05,12.6
140,3,8.11,20.5
140,4,11.63,13
141,0,0,37.3
141,1,2.88,37.3
141,2,12.12,29.7
141,3,15.9,30.6
141,4,17.65,31.8
141,5,20.49,29.3
141,6,22.42,31
141,7,27,27.8
141,8,30.23,30.2
141,9,32.3,20.7
141,10,37.12,21.4
142,0,0,32.5
142,1,6.14,35
142,2,8.81,41
142,3,11.56,35.5
142,4,15.27,36
142,5,17.71,33.2
142,6,21.65,29
142,7,25.03,34.4
142,8,25.9,24
142,9,29.38,28.3
142,10,33.55,26
142,11,36.37,25.6
143,0,0,27.2
143,1,6.12,29.6
143,2,8.52,27
143,3,11.38,28.7
143,4,24.52,18.7
143,5,26.94,27.4
143,6,31.17,26.9
143,7,33.11,18.7
143,8,36.34,18.5
144,0,0,36.6
144,1,3.68,36
145,0,0,14.1
145,1,2.71,21.6
145,2,6,25.4
145,3,9.28,13
145,4,11.64,19.2
145,5,15.37,18.7
145,6,18.56,19.3
145,7,21.01,18.1
145,8,25.12,16.4
145,9,34,21.2
145,10,35.99,21.5
146,0,0,33.4
146,1,3.34,22.9
146,2,6.92,30.7
146,3,12.54,19.9
146,4,17.89,28.7
146,5,23.39,22.5
146,6,25.61,21.2
146,7,30.08,19.5
147,0,0,17.2
147,1,5.84,18.8
147,2,9.93,17.2
147,3,11.71,18.6
147,4,14.65,20
147,5,16.99,15.2
147,6,20.59,16.5
147,7,23.38,11.7
147,8,26.75,15.4
148,0,0,32.3
148,1,5.84,33.9
148,2,9.42,37.3
148,3,12.08,38.4
148,4,15.1,39.7
149,0,0,28.7
149,1,2.54,22.9
149,2,6.34,30.1
149,3,8.82,23.6
149,4,12.52,27.5
149,5,17.94,18.4
149,6,20.45,20
149,7,23.81,20.8
149,8,26.82,25.7
149,9,31.16,22.8
150,0,0,38.5
150,1,5.34,28.9
150,2,8.44,28.6
150,3,11.86,34.8
150,4,14.68,34.8
150,5,21.2,31
150,6,23.54,31.8
150,7,28.28,34.1
150,8,29.85,31.2
150,9,33.35,30.1
150,10,36.39,29.7
151,0,0,37.2
151,1,3.04,35.7
151,2,8.63,35.8
151,3,15.51,35.4
151,4,16.2,28.6
151,5,21.78,28.7
151,6,24.62,28
151,7,27,28.5
151,8,36.47,28.2
152,0,0,24.5
152,1,2.98,22.4
152,2,6.67,22
152,3,9.75,24.8
152,4,12.11,15.3
152,5,14.5,24
153,0,0,38.2
153,1,3.72,41.3
153,2,6.3,39.4
153,3,9.72,41.3
153,4,11.36,38.3
153,5,13.64,42.6
153,6,17.91,34.1
153,7,21.09,36
153,8,24,38.5
153,9,27.1,36.4
153,10,30.51,36.4
153,11,32.77,30.3
153,12,35.24,29.7
154,0,0,33.9
154,1,2.6,33.2
154,2,6.24,33.4
154,3,9.79,29
154,4,12.42,25.2
155,0,0,46
155,1,4.24,36.6
155,2,5.53,39.1
155,3,12.98,40.9
155,4,14.97,38.7
155,5,18.21,35.9
155,6,21.57,33.2
155,7,32.87,26.4
156,0,0,42.3
156,1,3.47,40.3
156,2,5.92,36.8
156,3,8.77,38.1
156,4,24.22,32.9
156,5,27.14,33.6
156,6,33.1,33.5
156,7,36.03,29
157,0,0,45.1
157,1,2.94,44.1
157,2,6.52,38.7
157,3,9.26,46.4
157,4,11.84,40.1
157,5,21.6,45.9
157,6,23.27,38.1
157,7,27.12,42.2
157,8,30.33,47.3
157,9,36.91,45.4
158,0,0,24.7
158,1,6.08,35.9
158,2,9.2,28.6
158,3,14.27,29.3
158,4,19.15,33.1
158,5,20.75,29.4
158,6,26.74,33.3
158,7,29.71,26.9
159,0,0,27.6
159,1,2.92,22.6
159,2,6.4,25.1
159,3,9.08,26.9
159,4,11.61,21.3
159,5,14.83,21.9
159,6,19.22,18.1
159,7,20.6,25.1
159,8,24.55,16.4
159,9,27.32,17.9
159,10,29.53,13.7
159,11,32.95,19.8
160,0,0,25.3
160,1,3.5,24.4
160,2,6.08,24.4
161,0,0,36.9
161,1,3.75,29.5
161,2,5.87,28
161,3,9.61,30.1
161,4,12.91,26.8
161,5,17.58,23.4
161,6,23.89,20.8
162,0,0,47
162,1,2.49,41.2
162,2,5.73,47.7
162,3,9.29,41.2
162,4,12.28,43.1
162,5,17.2,41.4
162,6,21.37,39.1
162,7,23.41,33.3
162,8,27.32,38.4
162,9,29.69,39.5
162,10,33.02,35.8
162,11,35.83,33.2
163,0,0,38.9
163,1,3.32,39.7
163,2,5.03,43.7
163,3,10.12,39.5
163,4,11.53,40.9
163,5,16.28,37.3
163,6,16.95,38.4
163,7,20.93,28.8
163,8,27.16,31.4
163,9,29.24,32
164,0,0,53.8
164,1,2.91,48.5
164,2,6.2,48.8
164,3,8.96,41.4
164,4,12.3,44.8
164,5,14.76,36.8
164,6,17.68,40.6
164,7,21.04,31.3
164,8,23.46,32.7
164,9,26.18,29.7
164,10,30.01,27.6
165,0,0,28.7
165,1,2.97,27.7
165,2,5.49,19.1
165,3,9.05,24.2
165,4,10.98,18.3
165,5,14.8,25.8
165,6,18.06,23.3
165,7,24.57,23.9
165,8,29.88,22.4
165,9,32.54,23.7
166,0,0,23.9
166,1,2.36,29.1
166,2,5.05,25.1
166,3,8.84,24.8
167,0,0,30.1
167,1,5.44,25.9
167,2,8.63,27.3
167,3,10.82,25.7
167,4,17.8,19.5
167,5,19.96,23.9
167,6,24.04,17.2
167,7,27.65,12.9
168,0,0,41.6
168,1,9.36,42.7
168,2,12.94,38.2
168,3,15.65,37.5
168,4,20.59,40.3
168,5,23.8,34.1
168,6,30.6,30
168,7,32.63,34.4
169,0,0,27
169,1,2.28,23.4
169,2,12.26,21.3
169,3,17.76,29.1
169,4,21.5,32.9
170,0,0,31.3
170,1,5.67,31.8
170,2,8.55,26.7
170,3,11.91,28.4
170,4,17.46,26.4
170,5,26.7,17.8
170,6,29.91,18.9
171,0,0,47.4
171,1,5.68,52.3
171,2,8.97,55
171,3,12.87,50.4
171,4,18.33,45.9
171,5,21.22,38.2
171,6,30.72,38.6
172,0,0,38
172,1,3.27,33.7
172,2,5.8,32.5
173,0,0,52
173,1,6.98,47.2
173,2,11.79,42
173,3,15,39.8
173,4,17.12,32.8
173,5,21,33.4
173,6,22.58,34.6
173,7,26.52,36.3
173,8,28.75,36.2
173,9,33.42,28.6
174,0,0,30.2
174,1,2.79,28.6
174,2,6.22,29.2
174,3,12.73,34.6
174,4,18.61,32.7
174,5,20.71,35.2
174,6,22.89,28.4
174,7,29.59,32
174,8,32.9,29
174,9,35.92,31.4
175,0,0,31.3
175,1,2.89,31.2
175,2,12.02,34.4
175,3,14.92,24
175,4,21.19,23.8
175,5,23.62,24.5
175,6,28.07,27.1
175,7,29.91,30.5
176,0,0,44
176,1,3.13,33.8
176,2,9.4,35.3
176,3,11.56,39.1
176,4,21.34,29.4
176,5,27.88,31
176,6,29.48,32.9
176,7,33.86,29.9
177,0,0,39.7
177,1,2.47,34.7
177,2,5.91,34.1
177,3,9.5,31.5
177,4,11.73,31.3
177,5,15.22,26
177,6,17.51,30.2
177,7,28.77,29.9
177,8,32.12,21
177,9,35.29,25.5
178,0,0,41.2
178,1,2.87,32.9
178,2,4.87,33.7
178,3,9.07,37.6
178,4,11.59,30.5
178,5,15.4,33.2
178,6,18.53,29.1
178,7,21.52,28
178,8,29.06,23.4
178,9,32.73,24.5
178,10,34.81,27.9
179,0,0,38.6
179,1,5.82,37.1
179,2,9.61,35.3
179,3,13.1,33.3
179,4,15.55,33.3
179,5,20.84,29.8
179,6,24,35.6
179,7,26.33,28.8
179,8,30.29,29.7
179,9,33.69,31.3
179,10,35.63,23.1
180,0,0,18.1
180,1,3.77,25.1
180,2,7.02,20.2
180,3,8.95,19.9
180,4,17.89,21.9
180,5,25.3,18.5
180,6,27.48,25.5
180,7,29.9,23.4
181,0,0,37.5
181,1,2.68,38.8
181,2,6.58,31.4
181,3,8.61,33.6
181,4,15.11,28.2
181,5,18.15,31.1
181,6,21.71,32.5
181,7,26.03,29
181,8,32.45,23.7
181,9,36.09,23.1
182,0,0,38.6
182,1,3.45,38.7
182,2,6.3,37.5
182,3,8.54,32.4
182,4,12.34,32.4
182,5,18.54,30.8
182,6,21.16,25.7
182,7,24.45,26.8
182,8,27.34,22.1
182,9,32.91,27.3
183,0,0,34.8
183,1,2.58,36.5
183,2,4.95,35.6
183,3,8.63,32.6
183,4,11.51,30.5
183,5,18.46,31.5
183,6,23.13,31.4
183,7,27.23,29.7
183,8,30.05,27.3
183,9,32.98,29.1
183,10,36.78,28.7
184,0,0,37.1
184,1,2.55,37.5
184,2,6.54,34.8
184,3,8.7,37.2
184,4,12.59,27.9
184,5,15.82,32.4
184,6,18.12,30.6
184,7,21.69,29.5
184,8,23.39,32.5
184,9,27.25,33.3
184,10,30.27,33.4
184,11,34.01,22.8
184,12,35.74,32.2
185,0,0,28.3
185,1,3.83,30.6
185,2,6.38,22.2
185,3,8.25,24.8
185,4,12.13,23.7
185,5,16.88,13.6
185,6,21.58,23.9
185,7,26.97,15.7
186,0,0,24.3
186,1,6.06,10.4
186,2,9.47,6.2
187,0,0,51.9
187,1,3.8,52.6
187,2,6.3,51.3
187,3,8.91,54.1
187,4,12.08,54.4
187,5,14.65,52.7
187,6,17.89,47.2
187,7,19.02,44.5
187,8,24.07,48.7
187,9,26.9,48.5
187,10,30.39,53.5
187,11,32.37,51.2
187,12,35.46,48.8
188,0,0,34.3
188,1,3.03,40.1
188,2,7.37,35.7
188,3,7.92,40.9
188,4,15.61,33.3
188,5,16.86,28.2
188,6,21.57,32.9
188,7,23.07,35.5
188,8,30.49,38.5
188,9,32.6,29.2
188,10,35.83,38.2
189,0,0,46.3
189,1,6.83,36.1
189,2,8.9,37
189,3,15.52,40
189,4,20.79,44
189,5,24.84,39.5
189,6,29.77,38.8
189,7,35.04,37.5
190,0,0,49.7
190,1,2.96,43.1
190,2,6.19,46.4
190,3,8.45,44.8
190,4,11.68,45.2
190,5,14.68,44.9
190,6,20.7,40.3
190,7,26.04,45.6
190,8,29.15,45.7
191,0,0,52.8
191,1,5.54,49.5
191,2,12.47,46.4
191,3,15.6,50.5
191,4,18.75,46.2
191,5,22.73,53.3
191,6,27.04,38.8
191,7,30.4,40
191,8,37.13,35.9
192,0,0,37.8
192,1,6.16,38.7
192,2,8.98,37.7
192,3,10.18,34.5
192,4,18.21,36.3
192,5,20.97,37.5
192,6,22.58,33.4
192,7,33.48,36.5
192,8,37.13,34.7
193,0,0,25.9
193,1,3.94,22.8
193,2,5.87,22.2
193,3,8.62,26.2
193,4,12.12,21.4
193,5,14.22,17.4
193,6,18.48,13.6
193,7,24.45,12.4
193,8,30.79,7.6
193,9,32.98,3.6
193,10,36.39,7.9
194,0,0,39.8
194,1,9.93,44.4
194,2,12.19,41.2
194,3,15.03,40.8
194,4,20.5,45
194,5,23.33,35.9
194,6,27.56,41
194,7,29.29,34.4
194,8,35.12,40.3
195,0,0,27.7
195,1,3.43,27.9
195,2,6.05,27.6
195,3,9.14,28.8
195,4,14.71,28
195,5,17.05,25
195,6,20.86,26.2
196,0,0,51.9
196,1,5.96,40.2
196,2,9.69,43.1
196,3,11.66,44.8
196,4,13.55,47.2
196,5,16.91,36
196,6,19.56,37.1
196,7,23.32,39.4
196,8,27.18,34.3
196,9,29.6,38.4
196,10,32.94,32.3
197,0,0,44.9
197,1,3.42,42
197,2,5.95,42.8
197,3,8.98,39.9
197,4,16.09,40.1
197,5,20.77,36.2
197,6,24.54,35
197,7,27.46,42.4
197,8,30.21,35.9
197,9,32.17,37.8
197,10,35.36,37.9
198,0,0,24.6
198,1,5.78,21.4
198,2,7.97,18.8
198,3,12.89,24
198,4,15.45,16.4
198,5,18.48,22.5
198,6,20.8,22.8
198,7,24.01,16.5
198,8,26.32,17.1
198,9,28.94,21.1
198,10,32.42,16.9
198,11,35.52,16.3
199,0,0,35.4
199,1,3.97,38
199,2,7.01,37.2
199,3,9.95,30
199,4,15.06,39.6
199,5,18,34.7
199,6,22.02,34.6
199,7,27.35,33
199,8,31.48,31.5
199,9,35.46,30.2
200,0,0,41.3
200,1,2.28,42.2
200,2,4.27,38.6
200,3,9.19,37.5
200,4,10.93,37.9
200,5,14.09,34.6
200,6,21.5,35.1
200,7,24.53,36.1
200,8,27.18,27.9
200,9,28.33,28
200,10,33.7,30.8
200,11,34.87,21.1
201,0,0,31.8
201,1,2.97,27.7
201,2,5.81,28.2
201,3,8.79,27.3
201,4,12.14,24.7
201,5,15.42,29.4
201,6,23.43,20
201,7,26.75,23
201,8,29.9,25.2
201,9,32.83,20.4
201,10,35.69,13.2
202,0,0,36.7
202,1,3.86,28.5
202,2,5.85,37.4
202,3,9.26,33.9
202,4,11.91,33.8
203,0,0,37.2
203,1,2.82,41.6
203,2,6.1,41.6
203,3,8,32.8
203,4,12.34,32.4
203,5,15.6,29.2
204,0,0,45.4
204,1,2.77,41.7
204,2,9.36,44.4
204,3,11.05,39.1
204,4,14.98,40.7
204,5,19.04,34.9
204,6,20.31,38.9
204,7,24.32,39.9
204,8,27.36,43
204,9,30.09,32.7
205,0,0,34.9
205,1,2.97,32.6
205,2,5.76,29.6
205,3,8.63,29.6
205,4,11.78,29.5
205,5,14.84,26.2
206,0,0,25.4
206,1,2.75,26.2
206,2,6.79,24.5
206,3,9.42,18.5
206,4,11.35,18.2
206,5,17.97,20.9
206,6,20.83,12.8
206,7,24.43,14
206,8,26.81,16.2
206,9,30.03,16.7
206,10,32.7,19.8
206,11,36.56,7.6
207,0,0,40.3
207,1,3.74,39.9
207,2,5.83,37.6
207,3,8.39,35.2
207,4,15.82,34.4
207,5,17.93,31.6
207,6,20.02,33.8
207,7,24.17,30
207,8,26.38,25.9
207,9,33.05,23.5
207,10,35.24,20.7
208,0,0,35.5
208,1,3.59,30
208,2,5.83,28.8
208,3,8.3,26.4
208,4,12.54,20.8
209,0,0,24.9
209,1,2.89,35.3
209,2,6.5,26.5
210,0,0,42.4
210,1,3.57,36.9
210,2,9.49,34.9
210,3,11.8,36.8
210,4,14.29,31
210,5,20.53,33.3
210,6,26.39,23
210,7,30.59,31.6
210,8,35.73,22.6
211,0,0,41.8
211,1,3.29,47
211,2,5.59,35.1
211,3,11.71,38.5
211,4,14.77,35.1
211,5,18.85,34.3
211,6,21,32.1
211,7,23.94,31.9
211,8,26.47,34.8
211,9,30.16,26.8
211,10,33.64,26.7
211,11,35.41,23.5
212,0,0,25.3
212,1,3.56,23.2
212,2,6.95,30.3
212,3,9.17,24.5
212,4,15.57,23.9
212,5,17.77,18.3
212,6,20.67,20.3
212,7,22.63,14.4
212,8,27.84,21
212,9,29.36,17.6
212,10,33.4,14.9
212,11,35.03,19.1
213,0,0,42.1
213,1,5.88,38.8
213,2,8.04,33.2
213,3,12.51,33.7
213,4,20.2,27.8
213,5,26.17,27.9
213,6,29.98,19.7
213,7,34.14,20.2
213,8,36.24,18.5
214,0,0,38
214,1,2.64,30.6
214,2,8.6,29.2
214,3,12.17,29.3
214,4,14.32,26.3
214,5,18.08,28.2
215,0,0,25.6
215,1,3.25,28.5
215,2,4.91,24.4
215,3,9.13,18.7
215,4,11.47,19.3
215,5,15.52,17.7
215,6,17.12,21.7
215,7,23.71,16.7
215,8,27.81,15.3
215,9,30.16,9.4
215,10,33.36,13.3
216,0,0,45.2
216,1,2.94,40
216,2,5.39,48.8
216,3,9.52,39.9
216,4,11.72,38.4
216,5,18.24,37.8
216,6,20.12,38.2
216,7,22.44,33.6
216,8,29.44,28.1
216,9,33.36,37
216,10,36.59,31.7
217,0,0,22.3
217,1,3.27,23.6
217,2,10.67,18.6
217,3,15.12,14.6
217,4,20.19,12.6
218,0,0,41.6
218,1,3.73,32.7
218,2,5.98,31.7
218,3,11.21,24
218,4,18.03,28.1
218,5,20.51,26
218,6,25.07,22.9
218,7,28.23,20.7
218,8,35.75,21
219,0,0,42.3
219,1,2.57,44.7
219,2,5.79,38.3
219,3,9.87,46.1
219,4,11.76,43
219,5,15.3,43.4
219,6,17.9,38.3
219,7,21.2,31.2
219,8,23.73,34.5
219,9,26.46,42.1
219,10,30.38,29
219,11,32.59,33.7
219,12,36.67,33.1
220,0,0,18.4
220,1,3.03,15.6
220,2,5.62,13
220,3,8.4,12.7
220,4,11.62,9.4
220,5,17.23,15.2
220,6,21.64,9.7
221,0,0,41.7
221,1,2.67,31.6
221,2,9.12,32.2
221,3,11.48,30.1
221,4,14.43,26.6
221,5,18.17,25.1
221,6,19.98,28.1
221,7,23.85,23.3
221,8,27.34,23.1
221,9,30.22,15.2
221,10,33.55,14.6
222,0,0,43.6
222,1,3.54,48.5
222,2,6.81,46.2
222,3,9.04,46.3
222,4,13.17,40.9
222,5,14.5,41
222,6,17.52,39.4
222,7,20.24,30.4
222,8,24.09,39.2
222,9,26.79,32.6
222,10,30.71,28.1
222,11,32.79,28
222,12,36.01,26.1
223,0,0,56.3
223,1,4.18,46
223,2,5.74,44.8
223,3,8.75,40.5
223,4,12.27,46.3
223,5,14.47,46.3
223,6,20.24,42.4
223,7,23.57,41.3
223,8,30.09,41.4
223,9,33.51,40.5
223,10,35.23,45.4
224,0,0,39.9
224,1,3.4,37.8
224,2,6.72,42
224,3,9.6,40.9
224,4,20.36,39.9
224,5,23.95,38.9
224,6,27.6,37.8
224,7,30.03,37.2
224,8,32.73,33.7
225,0,0,36.6
225,1,3.43,35.1
225,2,5.35,29.2
225,3,11.89,36.2
225,4,15.62,29.8
225,5,20.63,26.1
225,6,23.95,26.2
225,7,26.63,31.7
225,8,29.59,29.2
225,9,34.18,26.8
225,10,36.37,33.4
226,0,0,41.7
226,1,3.98,47
226,2,6.87,42.6
226,3,8.38,52.5
226,4,12.56,44.1
226,5,15.48,40.8
226,6,21.58,40.2
226,7,25.7,36.6
226,8,27.54,41.9
226,9,30.74,38.8
226,10,35.85,35.3
227,0,0,31
227,1,3.78,33.8
228,0,0,47.6
228,1,6.84,43.1
228,2,12.14,35.3
228,3,15.19,38.4
228,4,17.1,37.1
228,5,21.19,32.5
228,6,22.74,34.8
228,7,35.45,20.4
229,0,0,47.3
229,1,3.01,39.7
229,2,5.68,44.7
229,3,15.03,34.1
229,4,19.09,37.4
229,5,21.2,39.6
229,6,24.02,34.9
229,7,26.63,31
229,8,30.24,29.6
229,9,35.02,34.8
230,0,0,36.7
230,1,2.88,37
230,2,5.58,34.3
230,3,8.9,29.3
230,4,12.56,28.1
230,5,15.59,32.6
230,6,17.73,33.7
230,7,21.68,32.1
230,8,24.23,22.8
230,9,27.44,31.3
230,10,30.74,28.9
230,11,32.44,33.6
231,0,0,33.6
231,1,3.57,31.2
231,2,6.34,31.4
231,3,12.87,30.9
231,4,15.54,27.6
232,0,0,37.1
232,1,6.11,36.2
232,2,9.2,36.2
232,3,12.42,36.6
232,4,15.52,37.3
232,5,16.91,34.8
232,6,27.12,26.2
232,7,28.34,37.9
232,8,34.66,30.5
233,0,0,30.2
233,1,3.02,24.8
234,0,0,41.3
234,1,3.1,43
234,2,4.5,46.4
234,3,8.8,43.4
234,4,12.41,39.7
234,5,15.08,34.4
234,6,21.04,35.7
234,7,23.66,34.9
234,8,26.71,37
234,9,30.21,32.1
235,0,0,43.4
235,1,6.03,33.4
235,2,11.52,34.6
235,3,15.35,35.7
235,4,24.05,31.3
235,5,26.52,29.3
235,6,30.5,28.3
235,7,32.86,24.4
235,8,36.16,31.2
236,0,0,29.2
236,1,2.8,29.6
236,2,5.41,29.3
237,0,0,44.7
237,1,10.31,44.6
237,2,11.89,41.6
237,3,15.51,37
237,4,16.7,43.1
237,5,20.68,41.5
237,6,24.11,37.5
237,7,27.89,36.5
237,8,29.79,37.4
237,9,32.83,30.8
237,10,34.78,33.4
238,0,0,48.3
238,1,5.9,43.8
238,2,9.35,41.5
238,3,11.99,43.4
238,4,15.39,46.8
238,5,18.23,40.5
238,6,21.74,39.5
238,7,23.72,36.7
238,8,27.89,35.3
238,9,30.79,44.2
238,10,32.25,37.7
238,11,35.47,42.1
239,0,0,23.1
239,1,3.44,28.4
239,2,5.61,29.4
239,3,6.77,26.4
239,4,11.04,24
239,5,14.75,22.9
239,6,17.14,20.3
239,7,22.52,23.6
239,8,27.69,24.7
239,9,29.67,19.4
239,10,32.8,21.9
239,11,36.42,17.9
240,0,0,39.7
240,1,2.77,33.7
240,2,6.72,30.3
240,3,9.59,33.5
240,4,12.12,36.3
240,5,15.25,32.1
240,6,19.02,33.8
240,7,21.77,29.6
241,0,0,38.1
241,1,4.09,27.4
241,2,5.61,25.8
241,3,9.91,24.8
241,4,17.72,24
241,5,21.3,24.1
241,6,24.21,21.9
241,7,26.94,22.3
241,8,30.46,21.6
241,9,32.11,18
242,0,0,34.9
242,1,6.02,37.3
242,2,8.68,28.8
242,3,11.54,31.5
242,4,14.28,30.4
243,0,0,47.8
243,1,2.68,48.1
243,2,8.64,39.4
243,3,11.5,43.3
243,4,13.48,42.7
243,5,18.76,32.9
243,6,24.9,35.5
243,7,27.34,35.7
243,8,29.9,30
243,9,33,29
244,0,0,41.8
244,1,11.49,33.1
244,2,15.41,36.3
244,3,18.02,30.2
244,4,20.21,28.5
244,5,24.22,28.7
244,6,27.09,30.8
244,7,28.59,20.6
244,8,32.9,24.7
244,9,35.64,20.3
245,0,0,31.8
245,1,2.27,26.9
245,2,5.88,26.9
245,3,8.37,25.7
245,4,12.44,26.8
245,5,14.6,24.9
245,6,17.03,20.3
246,0,0,26.1
246,1,2.56,17.8
246,2,6.35,12.3
246,3,9.46,11.2
247,0,0,33.5
247,1,3.48,31.5
247,2,6.07,28.5
247,3,9.43,29.9
247,4,13,22.4
247,5,15.15,30.2
247,6,17.92,26.1
247,7,20.97,22.5
247,8,32.98,22.7
248,0,0,39.2
248,1,5.47,39.7
248,2,8.56,35.2
248,3,12.24,36.7
248,4,14.95,32.7
248,5,17.83,32.3
248,6,20.99,25.3
248,7,24.85,25.4
248,8,26.45,30.9
248,9,30.5,25.4
248,10,35.59,21.6
249,0,0,23.5
249,1,2.81,18
250,0,0,24.1
250,1,3.73,32.2
250,2,5.52,23.4
250,3,8.95,22.7
250,4,11.46,25.8
250,5,16.11,21.2
250,6,17.12,24.9
250,7,21.03,21.9
250,8,24.97,25.4
250,9,26.9,25.2
250,10,29.69,24.5
250,11,33,31.7
250,12,36.59,24.7
251,0,0,37.7
251,1,9,22.9
251,2,11.97,35.1
251,3,17.64,24.1
251,4,20.83,29
251,5,23.66,27.1
251,6,26.93,27
251,7,30.18,25.7
251,8,32.97,24.6
251,9,35.4,24.8
252,0,0,47.6
252,1,5.57,48.1
252,2,9.06,41.2
252,3,12.3,39.1
252,4,14.63,40.7
252,5,18.42,44.7
252,6,20.47,39.3
252,7,23.84,36.3
252,8,26.69,42.9
252,9,29.03,38.3
252,10,32.45,41.5
252,11,35.55,32.3
253,0,0,40.4
253,1,1.93,42.2
253,2,6,35.5
253,3,9.51,37.2
253,4,16.09,42.5
253,5,17.89,38.5
253,6,20.77,35.7
253,7,25.17,33.4
253,8,26.55,39.8
253,9,31.71,42.1
253,10,37.41,34.8
254,0,0,39.9
254,1,2.47,39.4
254,2,5.39,39.4
254,3,9.06,36.2
254,4,11.52,34.5
254,5,14.21,35.5
254,6,17.59,36.5
254,7,20.28,29.9
254,8,25,32.2
254,9,26.73,32.3
254,10,30.09,26.1
254,11,34.39,35.4
255,0,0,39.2
255,1,2.73,44.9
255,2,7.27,39.9
255,3,8.42,41.4
255,4,11.95,39.1
255,5,15.8,42.4
255,6,27.35,33
255,7,30.91,34.6
255,8,33.4,35.1
255,9,36.01,31.1
256,0,0,49.8
256,1,3.13,43.4
257,0,0,22.8
257,1,3.37,25.1
257,2,5.9,22.9
257,3,12.92,19.3
257,4,14.77,13.7
257,5,18.42,18.7
258,0,0,38.6
258,1,2.43,37.9
258,2,5.55,38.4
258,3,8.71,36.9
258,4,11.27,36.6
258,5,15.25,34.8
258,6,20.62,27.8
258,7,23.58,25.9
258,8,26.04,28.2
258,9,30.67,31.5
258,10,32.53,20.4
259,0,0,45.1
259,1,6.52,40.9
259,2,8.96,32
259,3,14.93,34.1
259,4,19.43,39.6
259,5,24.62,30.9
259,6,27.02,33.4
259,7,29.71,31.4
259,8,35.76,26.7
260,0,0,26.6
260,1,3.19,23
260,2,6.89,27.7
260,3,8.58,29
260,4,12.48,31.1
260,5,14.89,28.3
260,6,18.09,23.3
260,7,21.01,28
260,8,24.33,32.5
260,9,26.05,25.5
260,10,32.83,25.1
260,11,35.5,21.8
261,0,0,53
261,1,2.91,35.9
261,2,5.11,44
262,0,0,40.7
262,1,2.63,43.9
262,2,6.71,42.3
262,3,9.15,41.5
262,4,12.52,37
262,5,18.13,37.7
262,6,21.38,31.1
262,7,24.56,39
263,0,0,43.2
263,1,3.52,42.9
264,0,0,36.9
264,1,5.43,32.9
264,2,11.46,39.1
264,3,18.63,35.1
264,4,23.5,33.3
264,5,27.14,30
264,6,30.78,37.7
264,7,32.15,36.2
264,8,35.21,32.7
265,0,0,30.5
265,1,3.11,27.4
265,2,5.61,31.5
265,3,9.05,28.8
265,4,11.33,30.2
265,5,14.82,28.3
265,6,18.41,27.4
265,7,22.22,30
265,8,23.27,32
265,9,26.43,34.8
265,10,30.32,33.6
265,11,31.79,30.2
266,0,0,38.9
266,1,3.75,33.7
266,2,5.53,36.1
266,3,8.34,36.9
266,4,11.8,32.3
266,5,16.15,35.6
266,6,17.92,38.4
266,7,21.24,37.6
266,8,23.47,35.7
266,9,26.66,29.6
266,10,30.87,35.9
266,11,33.01,33
266,12,37.39,29.7
267,0,0,32.7
267,1,8.9,34
268,0,0,25.3
268,1,2.73,25.9
269,0,0,52.3
269,1,2.99,53.3
269,2,5.34,52
269,3,9.79,44.3
269,4,12.49,50.3
269,5,15.08,48.2
269,6,17.97,48
269,7,21.2,41.7
269,8,24.39,46.6
269,9,29.24,40.3
269,10,33.19,47.7
269,11,36.04,42.8
270,0,0,42
270,1,2.51,44.2
270,2,8.51,44.9
270,3,11.94,38.1
270,4,15.59,41
271,0,0,34.7
271,1,3.32,33.5
271,2,5.89,36.6
271,3,8.61,35.6
271,4,14.91,25.3
271,5,18.92,27.5
271,6,24.18,28
271,7,27.48,29.8
271,8,30.18,27.4
271,9,32,28.1
271,10,35.58,19.6
272,0,0,43.5
272,1,2.47,37.1
272,2,6.61,39.3
272,3,12.64,37.1
272,4,16.46,40.3
272,5,18.95,43.1
272,6,23.55,38.5
272,7,26.17,33.7
272,8,30.04,35.3
272,9,35.21,35.7
273,0,0,35.7
273,1,2.57,37.7
273,2,5.66,30.6
273,3,9.39,29.2
273,4,11.94,29.9
273,5,14.79,24.7
273,6,17.04,32.7
273,7,20.77,32.4
273,8,24.42,30.2
273,9,26.33,25.5
273,10,28.79,28.8
273,11,35.89,30.3
274,0,0,34
274,1,3.28,28.6
274,2,5.64,35.4
274,3,9.3,35
274,4,12.2,31
274,5,15.12,34.6
274,6,18.63,30.5
274,7,20.64,27.7
274,8,24.65,28
274,9,26.72,24.9
274,10,32.72,19.4
274,11,36.01,26.6
275,0,0,38.4
275,1,3.18,41.4
275,2,6.31,31.2
275,3,8.87,35
275,4,11.94,39.1
275,5,15.15,37
275,6,17.59,33.2
275,7,20.4,37.3
275,8,24.61,41.6
275,9,27.3,37.6
275,10,31.64,41.6
275,11,36.14,42.1
276,0,0,32.7
276,1,2.48,28.5
276,2,5.51,34.3
276,3,8.63,31.4
276,4,11.53,26.9
276,5,15.11,31.1
276,6,18.79,28.9
276,7,20.85,23.5
276,8,25.72,28.6
276,9,29.73,24.7
276,10,33.63,29.3
277,0,0,29.8
277,1,2.31,30.6
277,2,5.44,23.3
277,3,9.52,21.2
278,0,0,40
278,1,2.14,39
278,2,6.14,35.5
278,3,11.98,30.7
278,4,14.86,32.6
278,5,23.99,28.5
278,6,27.66,31.3
278,7,29.87,22.2
278,8,32.17,21.9
278,9,35.31,24.8
279,0,0,45.7
279,1,5.94,41.9
279,2,9.86,45.9
279,3,15.89,39
279,4,17.85,40.4
279,5,21.92,36.3
279,6,24.99,38.1
279,7,27.47,36.3
279,8,29.75,33.8
279,9,32.51,38.6
280,0,0,39.9
280,1,5.24,35.2
280,2,8.9,36.4
280,3,11.54,32.7
280,4,15.57,32.7
280,5,19.99,30.6
281,0,0,36.9
281,1,3.28,33.3
281,2,5.96,32.9
281,3,8.15,35.2
281,4,11.78,32.9
281,5,14.86,29.8
281,6,18.24,26.9
281,7,21.42,26.5
281,8,22.31,26.9
282,0,0,28
282,1,3.21,29.4
282,2,9.48,27.5
282,3,11.96,21.4
282,4,15.05,21.7
282,5,18.18,22.4
282,6,21.1,18.4
282,7,24.48,21.4
282,8,26.45,20.6
282,9,30.55,14.2
282,10,33.3,16.9
282,11,35.5,18
283,0,0,39.9
283,1,3.45,33.5
283,2,5.86,39.2
283,3,9.2,41.5
283,4,11.39,36.8
283,5,16.41,37.3
283,6,20.6,30.8
283,7,24.1,28.4
283,8,26.23,34.6
283,9,32.63,32.8
283,10,36.25,30.5
284,0,0,33.7
284,1,3.2,23.5
284,2,5.56,28.3
284,3,9.21,24.5
284,4,13.47,24.1
284,5,15.43,20.9
285,0,0,33.4
285,1,4.26,36.9
285,2,6.73,35.7
285,3,12.64,29.5
285,4,17.14,29.8
285,5,20.36,31.1
286,0,0,17.4
286,1,3.14,18.6
287,0,0,40
287,1,5.61,32.5
287,2,8.57,37.7
288,0,0,26.1
288,1,3.82,20
288,2,8.96,13.4
289,0,0,43.8
289,1,2.98,39.1
289,2,5.54,37.4
289,3,8.95,36.2
289,4,11.89,34.6
289,5,14.97,37.8
289,6,24.06,35.4
289,7,30.96,32.7
289,8,33.21,32.1
290,0,0,37.3
290,1,2.91,31.5
290,2,5.89,32
290,3,15.06,32.8
290,4,18.04,33.6
290,5,20.59,27
290,6,24.41,23.5
290,7,29.58,31
290,8,33.54,26
290,9,35.92,25.1
291,0,0,36.9
291,1,4.16,27.2
291,2,6.78,38.6
291,3,8.53,38
291,4,16.15,37.7
291,5,17.53,34.4
291,6,21.04,30
291,7,24.82,39.2
291,8,35.66,30.7
292,0,0,45.6
292,1,2.97,44.5
292,2,5.29,42.5
292,3,8.47,40.6
292,4,10.66,45.9
292,5,14.69,38.8
292,6,17.75,47.2
292,7,21.04,46
292,8,23.17,34.4
293,0,0,35
293,1,3.14,30.1
293,2,6.82,32.3
293,3,9.12,36.7
293,4,12.66,30.4
293,5,16.19,29.7
293,6,17.84,31.9
293,7,21.28,23.3
293,8,23.23,29.3
293,9,27.85,23.2
294,0,0,39.2
294,1,2.27,42.7
294,2,6.13,40.6
294,3,8.18,43.6
294,4,17.96,34.6
294,5,20.19,34.2
294,6,25.68,27.8
295,0,0,26
295,1,4.07,23.1
295,2,6.06,23.1
295,3,7.38,27.3
295,4,12.92,24.8
296,0,0,45.6
296,1,2.94,33.8
296,2,6.48,41.1
296,3,13.1,40.8
296,4,14.88,43.5
296,5,17.35,37.5
296,6,20.87,36.9
296,7,24.02,35.7
296,8,25.45,41.1
296,9,34.97,37.3
297,0,0,22.7
297,1,3.65,24
297,2,5.53,20.3
297,3,8.72,15.4
297,4,12.42,18.2
297,5,15.08,13.9
297,6,16.85,15.9
297,7,21.72,9.1
298,0,0,26.4
298,1,3.64,32.8
298,2,5.12,23.4
298,3,8.45,25.2
298,4,10.88,24.9
298,5,14.9,27.2
298,6,21.33,20.6
298,7,23.82,27.7
298,8,29.66,23.9
298,9,32.37,18.9
298,10,36.65,18.3
299,0,0,37.8
299,1,3.29,42.6
299,2,5.96,39.4
299,3,9.42,35.8
299,4,12.09,41.5
299,5,15.05,43.1
299,6,17.98,40.5
299,7,20.5,35.9
299,8,23.21,32.6
299,9,26.07,37.1
299,10,30.45,34.3
299,11,32.41,34.7
299,12,36.93,33.1
300,0,0,59
300,1,2.62,57.6
300,2,5.24,59.3
300,3,8.08,54.8
300,4,12.21,53.9
300,5,23.89,51.1
300,6,27.13,45.7
300,7,30.2,42.9
300,8,35.95,46.9
301,0,0,25.9
301,1,4.79,25.2
301,2,6.44,26.7
301,3,8.93,25.4
301,4,13.36,24.2
301,5,14.91,17.7
301,6,18.33,18.7
301,7,21.15,13.9
301,8,24.36,20.4
301,9,26.67,13.5
301,10,29.89,16
301,11,32.33,15.8
301,12,34.7,14.1
302,0,0,47.1
302,1,2.73,45.8
302,2,8.96,30.8
302,3,15.32,37.8
302,4,17.97,36.1
302,5,19.88,35.6
302,6,24.24,31.5
303,0,0,26
303,1,4.74,21.9
303,2,5.83,29
303,3,8.33,27.9
303,4,11.81,27.6
303,5,18.24,25.6
303,6,21.06,25.6
303,7,24.35,27.5
303,8,27.89,24.3
303,9,29.47,31.7
303,10,35.57,27.5
304,0,0,50.4
304,1,3.9,40.9
305,0,0,19.2
305,1,2.16,19.7
305,2,9.45,23.8
306,0,0,30.1
306,1,5.62,34.2
306,2,9.76,32.3
306,3,12.96,31.8
306,4,15.32,28.7
306,5,18.36,21.8
306,6,20.41,24.6
306,7,23.21,26
306,8,26.44,31
306,9,31.28,23
306,10,35.84,17.4
307,0,0,43.4
307,1,2.21,42.3
307,2,6.52,42.7
307,3,9.07,37.4
307,4,12.06,38.3
307,5,15.8,36.4
307,6,17.98,40.7
307,7,20.22,35
307,8,24.09,33.8
307,9,33.26,29.8
307,10,37.1,28.3
308,0,0,34.5
308,1,3.29,33.4
308,2,6.74,36.3
308,3,11.69,27.5
308,4,13.64,34.8
308,5,21.32,32.8
308,6,24.03,31.8
308,7,29.43,28.8
308,8,33.51,38.7
308,9,36.06,35.8
309,0,0,37.2
309,1,2.68,26.3
309,2,12,29.8
309,3,23.4,29.3
309,4,27,32.4
309,5,33.78,32.4
309,6,35.57,26.9
310,0,0,42.1
310,1,2.77,44.4
310,2,6.27,48.4
310,3,8.7,41.5
310,4,12.38,39
310,5,18,38.3
310,6,27.47,35
310,7,30.3,40.6
310,8,32.85,36.3
311,0,0,34.1
311,1,5.3,39.1
311,2,9.26,31.3
311,3,14.31,34
311,4,24.36,26.4
311,5,25.79,23
311,6,29.78,25.3
311,7,32.53,20.6
311,8,36.73,17.7
312,0,0,34.6
312,1,3.21,29.1
312,2,5.19,31.7
312,3,8.79,33.1
312,4,14.34,25.6
312,5,18.14,30.2
312,6,20.84,26.1
312,7,25.47,27.1
312,8,29.74,29.5
312,9,33.33,18.5
312,10,35.57,16.7
313,0,0,41
313,1,3.49,34.1
313,2,8.84,31.3
313,3,12.04,32.2
313,4,13.77,29
313,5,17.09,28.6
313,6,20.68,27.8
313,7,26.83,25.6
313,8,28.98,28.2
313,9,33.06,28.8
313,10,35.17,27.9
314,0,0,25.5
314,1,4.65,25.2
314,2,8.02,22.4
314,3,12.36,18.7
314,4,15.09,22.6
314,5,18.22,16.8
314,6,21.44,18.1
314,7,23.5,19.1
314,8,27.66,13.9
314,9,29.02,15.9
314,10,32.63,17.7
314,11,35.83,17.1
315,0,0,34.1
315,1,3.3,27.5
315,2,11.39,31.1
315,3,13.95,27.4
315,4,18.06,26.5
315,5,21.29,22.5
315,6,24.67,16.7
316,0,0,42.6
316,1,3.72,47.4
316,2,5.97,38.6
316,3,9.53,42.8
316,4,12.22,40.5
316,5,15.38,38.7
316,6,18.74,43.7
316,7,22.04,36.4
316,8,29.6,42.4
317,0,0,45.5
317,1,1.24,45.6
317,2,5.91,38.7
317,3,9.09,38.7
317,4,11.85,37.9
317,5,15.16,36.8
317,6,17.1,34.5
317,7,21.45,30.9
317,8,24.34,35.6
317,9,30.06,31.2
317,10,32.19,26.7
317,11,36.14,26.5
318,0,0,16.4
318,1,3.25,29.4
319,0,0,36.5
319,1,2.66,27.1
320,0,0,48
320,1,3.43,42.3
320,2,5.54,39.1
320,3,9.32,41.2
320,4,13.32,49.7
320,5,15.83,44.5
320,6,17.55,41.2
320,7,20.93,43
320,8,24.95,50.2
320,9,27.63,42.6
320,10,31.12,45.2
320,11,36.46,41
321,0,0,28.6
321,1,2.95,25.6
321,2,8.4,19.7
321,3,13.38,17.7
321,4,14.75,19
321,5,17.92,18.2
321,6,22.94,13.5
321,7,32.76,15
322,0,0,19.7
322,1,2.77,16
322,2,6.25,8.8
322,3,9.04,13.3
322,4,11.78,15.3
322,5,15.64,11.4
322,6,18.42,7.7
323,0,0,40.4
323,1,5.72,35.6
323,2,9.49,35.1
323,3,14.29,40
323,4,17.61,34.1
323,5,27.29,37.4
323,6,34.27,38.4
324,0,0,31.1
324,1,2.6,34.9
324,2,6.07,34.6
324,3,11.16,36.3
324,4,14.88,26.6
324,5,18.42,24.7
324,6,19.66,27.3
325,0,0,35.2
325,1,3.15,34.4
325,2,6.32,30.6
325,3,8.34,35.6
325,4,15.72,32.1
325,5,18.05,28.2
325,6,20.78,34.1
325,7,26.92,32.7
325,8,30.01,32.6
325,9,33.36,35.4
325,10,36.04,33.2
326,0,0,37.8
326,1,3.15,34.1
326,2,5.81,35
327,0,0,35.2
327,1,6.09,39.7
327,2,9,34.7
327,3,15.55,29.4
327,4,17.95,25.3
327,5,21.76,28.8
327,6,30.45,25.7
328,0,0,34.2
328,1,3.28,37.4
328,2,8.63,29.9
328,3,11.92,39.4
328,4,14.97,36.3
329,0,0,40
329,1,2.74,36.6
329,2,8.51,32.3
329,3,15.4,34.2
329,4,18.78,28.8
329,5,25.01,30.2
329,6,30.08,31.7
329,7,32.76,24.7
329,8,36.14,29.8
330,0,0,42.5
330,1,3.31,40.5
330,2,6.01,41.8
330,3,8.59,36
330,4,14.9,28.4
330,5,17.31,31.6
330,6,20.4,36.8
330,7,26.98,25.6
330,8,29.24,33.4
330,9,33.7,26.9
331,0,0,31.4
331,1,2.33,31.2
331,2,6.43,33.7
331,3,7.8,29.3
331,4,11.73,32.6
331,5,17.83,31.8
331,6,21.64,30.7
331,7,23.96,27.6
331,8,27.75,28.2
331,9,30.53,27.7
331,10,32.95,26.4
331,11,35.36,27.4
332,0,0,35.8
332,1,2.07,36.4
332,2,6.22,30.3
332,3,8.51,32.7
332,4,14.04,28.6
332,5,14.84,31.7
332,6,24.33,24.9
332,7,26.41,30.1
333,0,0,44
333,1,5.97,45.1
333,2,9.29,40
333,3,13.13,35
333,4,14.08,38.5
333,5,21.45,29.6
333,6,23.02,29.7
334,0,0,27.8
335,0,0,40.5
335,1,3.17,40.2
335,2,6.74,36.5
335,3,12.67,32.2
335,4,15.61,36.9
335,5,17.38,33
335,6,21.55,31
335,7,24.32,24.8
335,8,26.64,35.4
335,9,30.42,32.7
335,10,32.22,31.7
335,11,36.25,26.1
336,0,0,40.4
336,1,2,37.7
336,2,6.46,38.2
336,3,8.8,42.5
336,4,11.5,39.1
336,5,15.26,33.3
336,6,21.98,35.3
336,7,23.87,37
336,8,26.18,24.8
336,9,30.31,33.5
336,10,36.11,35.9
337,0,0,42.7
337,1,5.63,46.7
337,2,8.56,45.6
337,3,11.27,44.5
337,4,14.03,43.3
337,5,17.41,40.8
337,6,20.85,39.9
337,7,23.81,34.7
337,8,26.39,40.5
337,9,30.22,32.3
337,10,33.86,34
338,0,0,27.4
338,1,5.68,27.6
338,2,9.05,27.7
338,3,11.64,27.5
338,4,15.61,28.8
338,5,21.35,24
339,0,0,25.6
339,1,5.08,25.8
339,2,8.71,26.1
339,3,11.53,27.3
339,4,14.77,27.1
339,5,18.46,23.7
339,6,20.46,25.2
339,7,23.41,23.6
339,8,30.07,25
339,9,33.61,24.8
339,10,36.82,15.8
340,0,0,34.3
340,1,2.5,28.1
340,2,4.74,30
340,3,7.78,28.4
341,0,0,42.5
341,1,3.03,42
341,2,5.43,33.2
341,3,9.74,37.1
341,4,12.35,35.8
341,5,16.17,32.7
341,6,17.94,33.6
341,7,26.63,30.5
341,8,29.38,32.5
341,9,33.4,33.9
341,10,36.29,29.6
342,0,0,45.3
342,1,3.11,45.5
342,2,5.81,41.9
342,3,11.26,36.2
342,4,13.73,36.3
343,0,0,27
343,1,2.07,28.5
343,2,6.55,25.3
343,3,15.78,22.2
343,4,17.66,22.4
343,5,21.19,16.4
343,6,26.27,26.4
343,7,33.16,15.2
344,0,0,35.2
344,1,2.49,31.2
344,2,5.93,28.1
344,3,12.46,24.9
344,4,18.23,24
344,5,25.4,18.4
344,6,25.45,15.2
344,7,30.36,13.3
344,8,33.23,18.2
344,9,36.27,11.5
345,0,0,31.4
345,1,3.7,27.8
345,2,5.97,29.7
345,3,12.11,30.9
345,4,18.17,25.8
345,5,23.62,32.6
345,6,27.43,30.2
345,7,29.62,34.6
345,8,33.07,27.1
345,9,36.41,26.6
346,0,0,27
346,1,5.67,25.4
347,0,0,43.4
347,1,3.79,42.3
347,2,6.77,32.3
347,3,9.19,27.9
347,4,11.66,33.3
347,5,14.97,32.2
347,6,17.64,27.5
347,7,21.4,23.9
348,0,0,43.1
348,1,2.14,40.6
348,2,6.64,33
348,3,7.32,36.7
348,4,12.17,31.3
348,5,13.56,26.1
349,0,0,33.3
349,1,2.81,31.4
349,2,6.16,29.1
349,3,8.6,28.6
349,4,12.28,22.7
349,5,15.55,23.9
349,6,18.35,29.1
349,7,24.82,22.8
349,8,26.53,26.2
349,9,31.53,29
349,10,36.03,22.5
350,0,0,24.3
350,1,5.6,19.8
350,2,10.73,22.6
350,3,12.62,19.2
350,4,15.8,16.3
350,5,18.54,18.4
351,0,0,47.3
351,1,3.04,47.5
351,2,6.07,43.6
351,3,8.92,38.8
351,4,12.02,39.9
351,5,14.54,33.5
351,6,18.33,36.9
351,7,20.95,33.3
351,8,23.75,36.6
351,9,26.5,31.1
352,0,0,40.4
352,1,3.93,37.6
352,2,5.95,37
352,3,8.85,36.8
352,4,11.06,34.7
352,5,14.58,35.7
352,6,18.11,27.5
352,7,21.08,33
353,0,0,38.8
353,1,3.16,25.2
353,2,6.29,27.8
353,3,8.9,23.2
353,4,11.59,25.7
353,5,14.6,30.1
353,6,17.36,25
353,7,25.89,28.2
354,0,0,23.8
354,1,10.4,20.7
354,2,12.43,18.1
354,3,15.31,21.1
354,4,17.02,22.8
354,5,23.55,17.5
354,6,30.62,15.4
354,7,35.61,12.4
355,0,0,32.7
355,1,3.21,24.4
356,0,0,34.4
356,1,2.91,35.9
356,2,6.78,38.2
356,3,9.34,31
356,4,12.77,30.4
356,5,18.28,33.8
356,6,21.01,29.7
357,0,0,37.7
357,1,3.33,38.5
357,2,6.38,39.2
357,3,9.26,34
357,4,12.51,36.5
357,5,14.76,36.2
358,0,0,25.8
358,1,3.26,32.5
359,0,0,25.8
359,1,3.13,25.9
359,2,5.43,22.1
359,3,9.42,24
359,4,12.09,26.8
359,5,14.66,22.6
359,6,23.89,23.2
359,7,30.33,14
359,8,32.45,15
360,0,0,24.5
360,1,2.98,10.3
360,2,5.85,13.1
360,3,8.49,14.9
360,4,12.06,10.2
361,0,0,34.9
361,1,2.97,35.6
361,2,6.03,28.7
361,3,15.52,29.8
361,4,18.78,28.6
361,5,33.16,15.5
362,0,0,38.1
362,1,2.96,32.2
362,2,7.09,30.3
362,3,7.95,26.1
362,4,11.44,31.1
362,5,15.35,25.3
362,6,17.76,25.2
362,7,21.34,26.9
362,8,23.7,29.6
363,0,0,40.1
363,1,2.87,39.8
363,2,5.95,41.5
363,3,8.62,37.9
363,4,10.62,35.4
363,5,15.51,42.1
363,6,18.81,37.5
363,7,20.64,38.8
363,8,24.38,44.1
363,9,27.13,38.3
363,10,29.93,41
363,11,32.72,40
363,12,35.19,39
364,0,0,33.7
364,1,6.86,25.2
364,2,9.18,30.9
364,3,12.23,26.5
364,4,15.22,31.3
364,5,18.56,35.2
364,6,21.98,24.2
364,7,24.72,26.6
364,8,26.81,33.2
364,9,29.02,25.2
364,10,32.8,29.9
364,11,36.76,30.5
365,0,0,31
365,1,3.83,35.2
365,2,5.76,31.3
365,3,8.93,32.4
365,4,14.54,38.4
366,0,0,45.2
366,1,2.89,37.5
366,2,5.78,32.6
366,3,8.95,35.5
366,4,12.34,28.7
366,5,20.69,29
366,6,22.99,29.7
366,7,26.25,25.9
366,8,30.16,26.8
366,9,32.59,20.5
366,10,35.5,13.2
367,0,0,35.7
367,1,2.51,29.8
367,2,6.03,32.7
367,3,8.28,25.6
367,4,11.64,28.8
368,0,0,39.7
368,1,2.45,43.9
368,2,8.44,36
368,3,14.57,35.2
368,4,17.53,41.5
368,5,20.37,38.4
368,6,24.73,36.3
368,7,26.8,35.7
368,8,31.88,39.8
368,9,36.26,40.6
369,0,0,30
369,1,8.01,28.6
369,2,12.24,31.8
370,0,0,24.3
370,1,3.02,30.8
371,0,0,37.1
371,1,2.56,36.8
371,2,6.04,33.7
371,3,9.33,31.7
371,4,12.81,33.7
371,5,14.45,27.9
371,6,19.14,28.4
371,7,19.88,25.7
371,8,26.52,27
371,9,29.6,28
371,10,33.88,34.2
371,11,35.51,25.8
372,0,0,28
372,1,1.45,26.5
372,2,5.59,24.4
372,3,8.71,26.9
373,0,0,45.8
373,1,6.7,47.6
373,2,8.4,45.6
373,3,11.65,45.3
373,4,15.51,44.9
373,5,17.94,41
373,6,21.65,49.6
373,7,24.15,39.4
373,8,30.66,38.1
373,9,35.13,39.4
374,0,0,31.8
374,1,3.79,29.5
374,2,5.82,31.6
374,3,9.9,30.8
374,4,12.8,27.7
374,5,15.71,28.8
374,6,17.43,28.4
374,7,20.28,31.6
375,0,0,35
375,1,3.28,33.3
375,2,7.34,28.7
375,3,9.47,29.1
375,4,11.24,27.7
375,5,20.16,22.9
375,6,23.6,21.4
375,7,28.41,19.5
375,8,30.37,23.8
375,9,32.65,22.8
375,10,36.06,21
376,0,0,51.5
376,1,3.24,48.6
376,2,5.31,47
376,3,12.4,43.8
376,4,15.07,41.4
376,5,17.19,47.1
376,6,20.51,42.1
376,7,22.46,40.9
376,8,27.73,40.2
376,9,30.44,39.7
376,10,33.44,32.4
376,11,36.19,40.8
377,0,0,31.3
377,1,2.64,31.6
377,2,6.86,34.9
377,3,8.25,29.5
377,4,10.72,30.3
377,5,13.99,28.3
377,6,18.02,25.7
377,7,21.49,33.4
377,8,22.87,35.8
377,9,26.21,31.8
377,10,30.94,28.8
377,11,33.45,29.1
377,12,36.69,26.7
378,0,0,27.5
378,1,5.98,21.2
378,2,12.01,18.1
378,3,18.2,15.4
378,4,24.49,14
378,5,27.68,9.1
378,6,29.93,9.2
378,7,32.23,7.7
379,0,0,38.1
379,1,6.32,33.4
379,2,9.52,25.1
379,3,15.18,30.3
379,4,16.91,29.7
379,5,21.58,20
379,6,24.19,23.6
379,7,28.44,16.4
379,8,30.02,19.9
379,9,33.1,15.1
379,10,35.79,23.2
380,0,0,36.6
380,1,5.88,37.6
380,2,9.03,36.1
380,3,11.27,33.2
380,4,14.47,38.8
380,5,19.15,34.6
380,6,20.69,35.9
380,7,23.84,36.7
380,8,33.66,38
381,0,0,31.1
381,1,2.56,23.7
381,2,6.56,17.3
381,3,9.96,19.3
381,4,11.26,20.9
381,5,13.93,19.9
382,0,0,34.3
382,1,2.4,30.6
382,2,5.58,28.4
382,3,8.87,28.6
382,4,12.98,25.1
382,5,15.34,30.3
382,6,23.88,20.4
382,7,27.07,23.8
382,8,30.03,21.7
383,0,0,37.5
383,1,5.94,34.1
383,2,8.79,33
383,3,11.84,25.5
383,4,15.97,29.7
383,5,17.84,32.1
383,6,21.98,23.7
383,7,23.96,25.8
383,8,25.55,19.2
383,9,36.69,19
384,0,0,14.4
384,1,12.53,8.8
384,2,15.21,11.9
384,3,18.25,7.6
385,0,0,42
385,1,2.35,36.1
385,2,5.7,31.4
385,3,8.07,32.6
385,4,11.71,29.5
385,5,15.12,33
385,6,17.2,29.1
386,0,0,33.6
386,1,5.78,31.7
386,2,8.54,28.5
386,3,12.03,27.8
386,4,16.02,31.1
386,5,24.72,22.6
386,6,33.22,21.3
387,0,0,43
387,1,2.92,34.3
387,2,5.4,33.3
387,3,9.83,22
387,4,15.36,21.5
387,5,17.3,24.4
387,6,21.41,20.3
387,7,24.71,24.3
388,0,0,46.2
388,1,3.32,44.1
388,2,6.07,42.4
388,3,8.8,45.1
388,4,11.9,45.8
388,5,14.64,40.9
388,6,18.21,42
388,7,20.63,38.6
388,8,26.28,42.5
388,9,30.37,39.5
388,10,35.84,36.2
389,0,0,42.8
389,1,2.07,46.6
389,2,6.13,41.3
389,3,9.69,39.4
389,4,15.43,37.1
389,5,17.97,41.2
389,6,23.78,33.2
389,7,26.98,36.6
389,8,30.68,29.3
389,9,37.3,37.6
390,0,0,36.3
390,1,5.43,29.6
390,2,11.4,30.5
390,3,14.81,34
390,4,21.49,26.4
390,5,25.11,25.1
390,6,27.09,30.8
390,7,30.04,25.6
390,8,32.95,27.7
390,9,34.74,24.3
391,0,0,43.9
391,1,2.88,36.2
391,2,5.72,42.5
391,3,9.13,37.7
391,4,18.11,44.2
391,5,20.52,37.3
391,6,23.3,35
391,7,30.55,33.8
391,8,32.71,33.7
391,9,36.25,32.1
392,0,0,39.3
392,1,3.06,33.9
392,2,5.64,39.3
392,3,9.69,35.1
392,4,15.36,27.9
392,5,19.84,30.5
392,6,21.48,25.7
392,7,24.28,22.3
392,8,27.57,26
392,9,30.1,21.8
392,10,33.47,20.8
392,11,36.4,18.3
393,0,0,40.3
393,1,2.35,36.5
393,2,6.1,31.5
393,3,9.01,29.4
393,4,12.18,28.1
393,5,15.09,32.1
393,6,18.46,33.3
393,7,20.69,27.5
393,8,26.94,29.7
393,9,29.74,26.9
393,10,33.41,29.9
393,11,35.55,32
394,0,0,33.7
394,1,3.02,30.8
394,2,6.4,26.6
394,3,9.48,29.9
394,4,11.57,26.7
394,5,17.57,24.4
394,6,24.18,30.5
394,7,31.31,27.6
394,8,32.98,24.5
394,9,36.79,23.4
395,0,0,46.6
395,1,3.44,50.1
395,2,11.73,39.5
395,3,14.9,48.9
395,4,17.78,39.6
395,5,20.35,38.3
395,6,23.91,38.3
395,7,29.16,37.6
395,8,32.65,33.3
395,9,35.97,32.7
396,0,0,50.2
396,1,3.81,45.6
396,2,9.51,40.1
396,3,12.21,45.8
396,4,16.16,42.2
396,5,18.03,38.4
396,6,20.48,41.9
396,7,23.53,36.3
396,8,27.26,34.1
396,9,33.55,33.3
396,10,35.5,35.8
397,0,0,42.3
397,1,2.87,43.3
397,2,5.72,36.7
397,3,9.01,40.5
397,4,12.88,33.2
397,5,15.73,33.5
397,6,16.33,37.3
397,7,20.66,34.2
397,8,24.54,36.9
397,9,26.75,25.2
397,10,30.92,30.2
397,11,36.8,23.2
398,0,0,46.1
398,1,6.47,35.2
398,2,8.9,33.6
399,0,0,41.4
399,1,3.74,37.6
399,2,9.67,39.3
399,3,11.72,43.5
399,4,14.85,35.7
399,5,17.59,41.1
399,6,21.29,40.5
399,7,23.46,36.8
399,8,26.45,38.4
399,9,31.9,30.1
399,10,35.67,35.4
400,0,0,30.9
400,1,3.36,35
400,2,8.56,31.2
400,3,11.7,27.3
400,4,14.85,29.4
400,5,18.18,27.5
400,6,20.38,25.7
400,7,23.87,30.6
400,8,26.9,19.1
400,9,30.44,27.4
400,10,32.19,26.1
400,11,36.91,20.4
401,0,0,31.8
401,1,3.65,27.1
401,2,7.94,25.5
401,3,14.84,31.6
401,4,16.78,20.5
401,5,21.02,26.8
401,6,23.9,26.7
401,7,27.23,21.5
402,0,0,44.2
402,1,4.08,43.4
402,2,6.43,39.7
402,3,9.86,42.5
402,4,11.98,39.6
402,5,14.51,36.1
402,6,17.68,32.9
402,7,21.44,24.2
402,8,26.93,30.2
402,9,29.65,22.2
402,10,32.71,24.9
402,11,35.48,23.4
403,0,0,32.9
403,1,2.38,32.3
403,2,5.89,25.6
403,3,9.87,24.3
403,4,18.2,26.4
403,5,20.38,21.5
403,6,26.39,19.5
403,7,30.21,12.9
404,0,0,43.3
404,1,5.23,39.8
404,2,9.33,37.9
404,3,15.52,39.7
404,4,24.61,36.8
404,5,27.01,35.7
404,6,31.05,35.1
404,7,33.85,30.3
404,8,37.23,32.2
405,0,0,45.4
405,1,2.38,46.8
405,2,5.83,43.6
405,3,8.47,42.5
405,4,14.82,40.3
405,5,18.16,42
405,6,20.38,40.3
405,7,23.86,33.4
405,8,26.97,41.9
405,9,30.29,34.7
405,10,32.11,33.1
405,11,35.82,31.6
406,0,0,49.2
406,1,2.68,43.8
406,2,5.22,42.2
406,3,9.7,44.8
406,4,10.93,41.2
406,5,15.41,51.3
406,6,18.65,43.6
406,7,21.07,43.9
406,8,25.99,41.3
406,9,30.01,45.3
407,0,0,46.4
407,1,2.24,43
407,2,6.91,44.1
407,3,8.89,40.9
407,4,12.98,43
407,5,14.58,41
407,6,17.44,33.6
407,7,23.69,39.2
407,8,26.84,43.1
407,9,30.17,40.8
407,10,33.53,44.6
407,11,36.8,40.9
408,0,0,44.9
408,1,1.99,37.9
408,2,7.24,35.6
408,3,11.38,39.4
408,4,15.24,35.7
408,5,17.4,35
408,6,21.08,33.2
408,7,24.42,29.9
408,8,25.88,21.3
408,9,29.94,31.8
408,10,32.78,31.1
409,0,0,42.6
409,1,8.95,39.6
409,2,12.28,40.5
409,3,13.59,44.8
409,4,20.53,47.2
409,5,24.44,51
409,6,27.53,41.5
409,7,29.62,39.6
409,8,31.8,45
409,9,35.52,48.4
410,0,0,31
410,1,2.45,36.5
410,2,6.51,27.9
410,3,10.23,28.2
411,0,0,37.6
411,1,3.17,41.9
411,2,9.71,36.3
411,3,11.94,33.9
411,4,14.03,37
411,5,17.6,33.2
411,6,19.73,35.5
411,7,24.13,35.8
411,8,27.42,29.2
411,9,30.84,31.6
411,10,35.43,32.6
412,0,0,30
412,1,1.55,33.6
412,2,10.05,24.1
412,3,12.93,24.3
412,4,15.39,24.3
412,5,18.74,30.7
412,6,21.55,17.1
412,7,26.72,19.8
413,0,0,42.8
413,1,3.56,37.9
413,2,5.37,39.6
413,3,8.59,40.9
413,4,14.66,49.3
413,5,17.47,43.2
413,6,20.45,50.7
413,7,23.87,45.9
413,8,27.48,46.4
413,9,30.45,42.8
413,10,33.43,44.5
413,11,36.2,38.7
414,0,0,33.2
414,1,3.48,34.8
414,2,9.62,30.5
414,3,12.32,26.7
414,4,15.4,32.3
414,5,18.14,26.4
414,6,24.72,21.5
414,7,27.96,26.2
414,8,29.93,23.9
414,9,33.08,22.6
414,10,35.75,19.3
415,0,0,42.8
415,1,2.93,37.7
415,2,8.8,33.8
415,3,12.44,32.7
416,0,0,20.5
416,1,3.57,20.5
416,2,5.79,19.9
416,3,8.72,17.1
416,4,12.87,18.5
416,5,15.5,17.7
416,6,19.04,25.5
417,0,0,34.2
417,1,2.92,26.3
417,2,6.57,30.2
417,3,8.39,32.9
417,4,12.24,27.5
417,5,13.67,30.4
417,6,17.81,34.4
417,7,20.94,24.1
417,8,24.63,22.1
417,9,27.48,28.8
417,10,30.84,25.8
417,11,32.09,26.4
417,12,36.71,30.4
418,0,0,33.8
418,1,2.67,32
418,2,5.34,31.6
418,3,9.56,33.2
418,4,15.33,32.4
418,5,17.99,34.3
418,6,23.38,29.5
418,7,30.69,24.1
418,8,33.18,31.7
419,0,0,39.4
419,1,3.66,47
419,2,5.34,37.9
419,3,8.99,40.4
419,4,11.74,34.1
419,5,14.66,43.7
419,6,18.12,45.5
419,7,24.2,43.6
419,8,25.77,42.8
420,0,0,48.9
420,1,2.7,49.9
420,2,5.32,45
420,3,8.41,44.8
420,4,12.36,46.7
420,5,15.27,45.1
420,6,18.16,43.4
420,7,25.65,44.4
420,8,26.34,42.3
420,9,29.79,44.4
420,10,32.46,43.9
420,11,36.59,40.7
421,0,0,22.4
422,0,0,36
422,1,2.99,37.4
422,2,6.31,31.6
422,3,9.33,42.1
422,4,11.4,38.3
422,5,17.94,28.9
422,6,21.46,31
422,7,23.45,32.6
422,8,27.02,33.3
422,9,28.61,33.6
422,10,33.06,36.5
422,11,35.7,35
423,0,0,40.4
423,1,2.91,36.8
423,2,6.59,36
423,3,11.77,36.9
423,4,14.98,29.5
423,5,18.21,31.3
423,6,20.35,35.8
423,7,23.59,31.8
423,8,26.59,29
423,9,32,29.8
424,0,0,28.7
424,1,2.35,29.7
424,2,6.26,28.7
424,3,9.14,25
424,4,12.08,25.4
424,5,15.64,25.7
424,6,20.89,20.4
424,7,24.65,21.4
424,8,27.25,26
424,9,30.14,23
424,10,33.14,21.7
424,11,35.66,19.7
425,0,0,27.7
425,1,3.18,19.1
425,2,6.25,25.2
425,3,9.85,19.7
425,4,12.55,17.4
426,0,0,45.7
426,1,8.94,42.7
426,2,11.57,34.5
426,3,17.66,45.7
426,4,24.11,38.2
426,5,26.78,37.3
426,6,30.85,34.9
426,7,32.2,27.8
427,0,0,41.9
427,1,2.19,46.2
427,2,5.48,40.3
427,3,9.72,38.9
427,4,17.35,39.3
427,5,23.5,36.6
427,6,29.95,31.2
428,0,0,40.7
428,1,5.94,34.8
428,2,8.25,32.6
429,0,0,29.2
429,1,4.92,31.8
429,2,8.79,32.6
429,3,12.42,32.8
429,4,15.82,25.4
429,5,17.15,27
429,6,20.42,26.6
429,7,26.68,23.1
429,8,31.46,27.8
429,9,33.11,31.2
429,10,37.62,26.4
430,0,0,34.5
430,1,5.86,29.1
430,2,11.91,28.2
430,3,15.03,30
430,4,17.47,26.7
430,5,21.7,33.5
430,6,24.26,30.9
431,0,0,32.3
431,1,3.29,31.8
431,2,9.38,28.5
431,3,12.15,29.1
431,4,15.43,31.1
431,5,16.92,24.2
431,6,20.47,28.3
431,7,24.29,28.2
431,8,35.59,31.9
432,0,0,37.3
432,1,5.89,38.2
432,2,8.62,37.1
432,3,15.17,37.6
432,4,18.15,33.7
432,5,22.65,39.2
433,0,0,49.3
433,1,3.19,51.9
433,2,5.03,48.6
433,3,8.18,39.8
433,4,14.12,44.7
433,5,17.98,42.8
433,6,20.59,35.7
433,7,23.53,42.5
433,8,30.09,36.8
433,9,32.23,31.4
433,10,36.02,33.1
434,0,0,35
434,1,2.86,33.1
434,2,7.79,31.1
434,3,12.33,33.3
434,4,14.59,31.6
434,5,17.1,36.7
434,6,20.5,34.4
434,7,24.59,30.7
434,8,27.51,32.9
434,9,30.4,31.4
434,10,33.94,31.7
434,11,34.96,29.3
435,0,0,24.2
435,1,2.93,25.4
435,2,9.27,19.6
435,3,11.28,25.5
435,4,14.76,19.4
435,5,18.11,18.4
435,6,20.72,23
435,7,23.55,21.5
435,8,29.24,21.8
435,9,35.19,18.3
436,0,0,43.6
436,1,3.11,42.5
436,2,5.84,39.5
436,3,9.37,34.4
436,4,11.9,39.3
436,5,21.6,34.8
436,6,23.79,37.4
436,7,26.74,39.6
436,8,30.78,38.2
436,9,32.93,34.4
436,10,35.55,35
437,0,0,31.7
437,1,2.8,31.7
437,2,5.92,36.2
437,3,8.57,36.3
437,4,11.9,33.2
437,5,14.16,27.3
437,6,18.1,34
437,7,20.66,33
437,8,23.93,25.8
437,9,26.46,33.8
437,10,31.2,29.3
437,11,33.19,31.2
437,12,35.72,33
438,0,0,38.1
438,1,3.44,37.5
438,2,6.09,32.1
438,3,9.44,34.1
438,4,15.58,32.7
438,5,17.14,30.5
438,6,21.56,28.3
438,7,25.01,28.4
438,8,27.13,27.9
438,9,32.4,25.3
438,10,35.49,27.5
439,0,0,47.7
439,1,2.85,46
439,2,7.09,45.9
439,3,9.25,45.4
439,4,11.68,49.4
439,5,18.08,47.4
439,6,21.21,48.9
439,7,23.97,48
439,8,26.29,47.8
439,9,30.42,46.1
439,10,31.96,44.4
439,11,37.34,46.9
440,0,0,36.3
440,1,2.48,41.5
440,2,5.67,38.3
440,3,9.58,37.8
440,4,11.61,39.5
440,5,14.34,42.2
440,6,17.99,33.9
440,7,21.74,37
440,8,21.7,34.2
440,9,27.26,38.5
440,10,29.96,40.6
440,11,33.69,38.6
440,12,35.4,38.2
441,0,0,42.1
441,1,1.68,33.5
441,2,6.55,30.5
441,3,9.3,34.1
441,4,12.1,29.1
441,5,18.28,30.5
441,6,20.28,24.2
441,7,23.63,20.7
441,8,27.67,19.1
441,9,29.79,14.9
441,10,33.01,22.8
441,11,36.11,20.2
442,0,0,31.5
442,1,2.97,32.6
442,2,7.2,30.7
443,0,0,41.3
443,1,2.24,48.8
443,2,6.49,42.2
443,3,11.92,38.6
443,4,15.08,45.3
443,5,21.39,38
444,0,0,42.9
444,1,3.06,44.3
444,2,5.9,37.9
444,3,9.05,40.9
444,4,12.06,36.1
444,5,15.17,37.1
444,6,18.59,39.2
444,7,21.43,33.2
444,8,23.11,35.1
445,0,0,30
445,1,5.47,30.7
445,2,11.47,32.3
445,3,13.9,27.4
445,4,18.19,24.6
445,5,20.93,26.6
445,6,23.47,28
445,7,26.36,23.2
445,8,32.01,26
445,9,36.35,22.9
446,0,0,43.2
446,1,2.96,29.1
446,2,9.52,36.9
446,3,13.41,34.3
446,4,14.58,32.6
446,5,18.13,29.9
446,6,20.86,27.9
446,7,24.96,30.2
446,8,26.74,33.4
446,9,30.04,29.5
446,10,36.35,25.7
447,0,0,30.7
447,1,3.95,27.8
447,2,7.29,36
447,3,8.22,26.6
447,4,12.04,24.3
447,5,20.7,33.4
447,6,24.13,29.4
447,7,27.02,31.7
447,8,29.39,31.9
447,9,33.11,27.5
447,10,35.28,32.2
448,0,0,24.9
448,1,7.35,30.3
448,2,9.68,32.5
448,3,11.48,25.5
448,4,19.1,24.2
448,5,20.66,23.9
449,0,0,43.3
449,1,3.09,44.2
449,2,5.82,41.3
449,3,7.75,37.4
449,4,14.93,38.2
449,5,21.09,37.5
449,6,23.42,29.9
449,7,27.14,41.7
449,8,30.43,33.3
449,9,32.03,31.3
449,10,37.1,29
450,0,0,31.6
450,1,5.79,32
450,2,8.47,30.5
450,3,15.61,26.7
451,0,0,39.9
451,1,3.7,44.2
451,2,11.22,42.9
451,3,15.51,46
451,4,18.05,43.8
451,5,23.48,47.3
451,6,25.75,42.4
451,7,30.28,42.2
451,8,33.2,43.8
452,0,0,43.2
452,1,2.67,33.2
452,2,6.38,36.9
452,3,8.17,39
452,4,12.08,40
452,5,27.18,41.2
452,6,30.14,43
452,7,32.17,43.5
452,8,36.29,43.1
453,0,0,43.2
453,1,3.5,38.6
453,2,6.08,38.8
453,3,9.85,32.7
453,4,11.1,37.5
454,0,0,34.7
454,1,4.23,28
454,2,9.14,32.2
454,3,14.78,25.2
454,4,18.24,30.8
454,5,21.06,28.2
454,6,24.73,31.1
454,7,26.07,28.4
454,8,30.13,27.1
455,0,0,40.2
455,1,3.07,36.8
455,2,9.43,33.9
455,3,12.5,27.8
455,4,14.18,29.3
456,0,0,30
456,1,3.57,31.8
456,2,4.68,29.8
456,3,11.45,24.7
457,0,0,46.5
457,1,3.69,39.8
457,2,11.76,38.7
457,3,15.27,34.4
457,4,17.79,39
457,5,22.13,31.7
457,6,23.46,31.3
457,7,27.4,29.5
457,8,29.61,31.8
457,9,32.73,26.4
457,10,36.31,23.4
458,0,0,30
458,1,2.18,29.6
458,2,9.93,26.7
458,3,11.18,34.5
458,4,15.7,21.2
458,5,19.25,22.7
458,6,26.3,26.7
458,7,30.58,17.1
458,8,32.5,25.6
458,9,35.97,23.5
459,0,0,31.3
459,1,1.26,28.1
459,2,6.18,23.5
459,3,7.75,25.6
459,4,11.76,27.2
459,5,14.84,20.9
459,6,24.1,22.3
459,7,28.43,16
459,8,30.97,18.2
459,9,32.6,13.8
460,0,0,25.3
460,1,6,19
460,2,9.08,19
461,0,0,41.7
461,1,2.99,39.6
461,2,8.75,34.3
461,3,11.96,38
461,4,15.56,40.4
461,5,17.52,31.8
461,6,21.23,38.2
461,7,23.42,34.9
461,8,29.83,39.5
461,9,32.82,33
461,10,35.31,31.3
462,0,0,45.2
462,1,3.02,42.2
462,2,5.01,50.7
462,3,9.82,44.2
462,4,15.77,44.4
462,5,20.09,42.1
462,6,24.27,40.6
462,7,26.01,43.1
462,8,29.27,37
462,9,35.27,35.2
463,0,0,20.5
463,1,2.14,24.7
464,0,0,44.8
464,1,4.19,38.4
465,0,0,47.3
465,1,2.02,45.7
465,2,15.51,33.7
465,3,21.45,36.3
465,4,22.8,33.5
465,5,27.01,43.5
465,6,29.55,35
465,7,32.32,31.7
465,8,35.51,31.4
466,0,0,30.7
466,1,2.34,30.3
466,2,5.65,34.7
466,3,8.72,34.7
466,4,19.4,30.6
466,5,23.28,22.2
466,6,25.85,22.4
467,0,0,35.2
467,1,3.82,31.9
467,2,5.94,31.5
467,3,7.97,29.7
467,4,13.03,29.5
467,5,17.28,29
467,6,20.14,26.3
467,7,23.5,29.2
467,8,26.94,27.4
467,9,29.19,23.6
467,10,33.86,23.4
467,11,36.06,15.9
468,0,0,38.6
468,1,3.66,35
468,2,6.07,37.8
468,3,12.68,36.6
468,4,15.48,35.8
468,5,18.26,31.5
468,6,21.7,33.2
468,7,24.73,25.8
468,8,26.38,35
469,0,0,46.2
469,1,2.53,40.7
469,2,5.22,38.3
469,3,9.79,45.2
469,4,15.18,38.5
469,5,18.58,34.9
469,6,21.23,35.4
469,7,24.07,30.1
469,8,30.39,29.5
469,9,32.69,29.7
469,10,35.42,30.9
470,0,0,38
470,1,3.01,36.6
470,2,9.25,35.8
470,3,11.7,33.4
470,4,15.03,37.8
470,5,17.76,29.4
470,6,19.7,30.7
471,0,0,37.1
471,1,3.63,27.5
471,2,6.49,27.5
471,3,8.83,26.9
471,4,11.21,28.9
472,0,0,30.7
472,1,2.71,30.5
472,2,5.51,28.9
472,3,7.54,33.9
472,4,12.52,25.6
472,5,15.96,29
472,6,18.24,28.8
472,7,21.6,27.3
472,8,25.52,28.8
472,9,29.64,26
472,10,35.31,19.7
473,0,0,26.7
473,1,2.52,28.6
473,2,5.02,32.3
473,3,9.6,35.6
473,4,14.26,25.1
473,5,17.99,27.3
473,6,19.47,26.3
473,7,26.71,34.7
473,8,29.26,35.9
473,9,32.79,28.9
473,10,34.72,25.4
474,0,0,38.5
474,1,2.6,42.6
474,2,8.91,34.6
474,3,11.52,39.6
475,0,0,45.4
475,1,3.02,38.9
475,2,6.14,36.2
475,3,8.74,42.2
476,0,0,33.2
476,1,2.79,36.4
476,2,5.21,34.9
476,3,8.22,32
476,4,13.1,30.8
476,5,14.07,31.2
476,6,22.11,27.2
476,7,30.77,26.5
476,8,33.11,26.3
476,9,36.78,21
477,0,0,32.5
477,1,3.28,29.1
477,2,6.19,30.1
477,3,8.95,28.4
477,4,11.5,32.4
477,5,17.75,32.3
477,6,21.59,27.2
477,7,22.97,28.2
477,8,29.7,27.9
478,0,0,48.8
478,1,3.94,50.8
478,2,6.47,51.6
478,3,7.4,45.2
478,4,12.47,46.5
478,5,17.6,43.6
478,6,22.33,47
478,7,30.36,43.3
478,8,33.3,43.7
478,9,36.49,35.2
479,0,0,28.1
479,1,2.72,29
479,2,5.9,28.4
479,3,8.73,30.1
479,4,11.41,21.4
479,5,14.08,24.5
479,6,18.3,25.3
479,7,19.6,22
479,8,23.76,22.6
479,9,29.58,27.4
479,10,32.48,20.1
480,0,0,32.1
480,1,2.25,25.8
480,2,6.73,26.9
480,3,9.44,26.1
480,4,12.05,20.5
480,5,16.22,23.1
480,6,17.94,19.4
480,7,20.68,19.6
480,8,23.91,15.8
480,9,27.83,12.4
481,0,0,50.1
481,1,2.75,47.6
481,2,4.91,48.2
481,3,8.76,46
481,4,11.39,42.7
482,0,0,54.4
482,1,1.79,51
482,2,6.16,44.6
482,3,9.66,48.9
482,4,18.26,42.5
482,5,20.61,40.6
482,6,23.09,45
482,7,27.08,45.4
482,8,30.87,40.4
482,9,33.17,37.3
482,10,37.05,34.2
483,0,0,29
483,1,3.53,27.7
483,2,6.23,24.3
483,3,9.51,22.8
483,4,11.12,22.4
483,5,14.3,24.9
483,6,22.12,21
483,7,24.43,13.3
484,0,0,19
484,1,3.25,25
484,2,9.14,17.1
484,3,12.46,22.7
484,4,14.58,21
485,0,0,40.9
485,1,2.22,40.3
485,2,5.52,38
485,3,8.36,36.7
485,4,12.28,28.2
485,5,13.83,35
485,6,17.01,28.1
485,7,20.99,27.3
485,8,25.09,25
485,9,27.78,25.1
485,10,30.16,25.8
485,11,32.44,31.9
485,12,36.1,23.7
486,0,0,31.9
486,1,2.57,34.1
486,2,5.79,37.7
487,0,0,42.1
487,1,2.97,43.1
487,2,5.84,37.7
487,3,8.46,38.9
487,4,11.15,33.6
487,5,15.34,38
487,6,17.91,33.4
487,7,20.99,34.2
487,8,24.46,32.3
487,9,27.46,35.1
487,10,33.88,27
487,11,36.3,29.4
488,0,0,32.9
489,0,0,28.4
489,1,2.56,32.9
489,2,6.02,28.3
489,3,14.15,19.1
489,4,18.59,26
489,5,19.99,23.1
489,6,22.84,20.3
489,7,26.68,25.1
489,8,29.23,15.9
489,9,32.59,16.1
490,0,0,29.1
490,1,3.05,35.1
490,2,5.73,27.8
490,3,8.26,30.6
490,4,11.45,25.8
490,5,14.33,33.4
490,6,18.55,23.9
490,7,21.78,25.2
490,8,24.55,22.7
490,9,29.89,25.4
490,10,32.46,24.8
490,11,36.29,17.3
491,0,0,36.1
491,1,2.97,31.2
491,2,8.51,19.8
491,3,18.36,22.3
491,4,21.38,20.3
491,5,24.25,19
491,6,26.56,16.8
491,7,29.96,15.2
491,8,33.24,16.1
492,0,0,32.3
492,1,3.57,30.5
492,2,5.97,27.8
492,3,9.9,23.5
492,4,11.62,19.3
492,5,16.14,17.5
492,6,18.29,16.1
492,7,21.29,14.5
493,0,0,40
493,1,3.19,42.5
493,2,6.87,43.6
493,3,9.66,39.3
493,4,12.57,38.9
493,5,15.89,32.1
493,6,17.59,36
493,7,23.99,37.7
493,8,27.27,33.3
493,9,30.2,26.6
493,10,32.95,34.1
494,0,0,29.7
494,1,2.74,33.4
494,2,5.1,32.7
494,3,11.86,34.5
494,4,14.8,31.9
494,5,20.89,28.5
494,6,23.82,28.6
494,7,26.25,23.8
494,8,30.85,28.6
494,9,32.6,26.8
494,10,36.49,32.4
495,0,0,27.5
495,1,2.47,21.7
495,2,6.19,18.6
495,3,9.13,19.8
495,4,11.77,15.9
495,5,14.87,15.1
495,6,18.23,15
496,0,0,23.4
496,1,3.8,27.3
496,2,5.92,24.1
496,3,9.82,26
496,4,11.26,26.4
496,5,21.63,20.5
496,6,25.04,26.5
496,7,26.62,24.3
496,8,29.56,29.9
496,9,33.64,24.1
496,10,36.51,24.2
497,0,0,28
497,1,2.39,26.1
497,2,6.3,24.9
497,3,8.27,21.2
497,4,12.62,23.5
497,5,14.64,21.2
497,6,18.52,16.4
497,7,23.9,19.3
497,8,26.32,13.6
497,9,30.37,22.7
497,10,33.83,21.6
497,11,36.18,16.4
498,0,0,30.5
498,1,2.71,25.1
498,2,5.15,22.1
498,3,11.41,24.4
498,4,15.44,23.4
499,0,0,24.4
499,1,2.95,28.9
499,2,8.81,19.9
499,3,11.63,26
499,4,15.28,21.7
499,5,18.45,16.9
499,6,19.86,18
500,0,0,19.4
501,0,0,25.7
501,1,3.6,21.2
501,2,5.85,18.2
501,3,9.22,19.2
502,0,0,18.2
502,1,3.22,19
502,2,5.91,17.3
502,3,11.74,10.2
502,4,15.17,7.9
502,5,17.97,5
502,6,21.1,12.1
502,7,23.55,9.5
503,0,0,30.9
503,1,3.12,32.4
503,2,6.35,30.9
503,3,8.38,28.5
503,4,11.98,24.8
503,5,14.97,31.2
503,6,19.08,32
503,7,20.34,31
503,8,28.13,34.2
503,9,30.89,31.4
503,10,33.22,31.2
503,11,36.8,30.7
504,0,0,27.2
504,1,3.37,14.5
504,2,5.77,18.4
504,3,9.46,19.1
505,0,0,43.5
505,1,2.87,45
505,2,9.78,36.8
505,3,12.91,40
505,4,15.33,44.4
506,0,0,31.7
506,1,2.99,34.2
506,2,6.52,27.8
506,3,8.55,28
506,4,12.45,30.7
506,5,15.7,28.4
507,0,0,49
507,1,1.79,44
507,2,6.08,39.1
507,3,12.3,42.2
507,4,16.92,43.3
507,5,20.4,35.1
507,6,26.87,40.3
507,7,32.66,28.3
507,8,35.84,26.2
508,0,0,34.6
508,1,3.64,35.5
508,2,8.24,33.4
508,3,12.03,32.3
508,4,14.68,38.9
508,5,20.75,24.9
508,6,24.44,25.4
509,0,0,31.3
509,1,7.13,22.4
509,2,9.2,24
509,3,11.87,20.8
509,4,15.16,21.4
509,5,21.97,22.1
509,6,24.72,19.3
509,7,26.99,14.4
509,8,33.4,17.8
509,9,35.65,13.8
510,0,0,33.3
510,1,3.41,27.6
510,2,6.06,30.1
510,3,12.39,31.8
510,4,14.59,28.2
510,5,17.6,29.4
510,6,20,29.3
510,7,24.47,26.2
510,8,27.21,32.7
510,9,30.06,28.7
510,10,33.78,24.2
511,0,0,28.3
511,1,2.26,27.5
511,2,5.88,19.4
511,3,7.73,20.8
511,4,15.31,15.8
511,5,18.1,9.7
511,6,20.31,12.8
511,7,24.78,10.1
511,8,30.79,15.3
511,9,33.73,5.5
512,0,0,45.5
512,1,2.31,43.9
512,2,5.27,51.2
512,3,8.63,34.8
512,4,15.06,48.4
512,5,20.5,38
512,6,24.75,38.5
512,7,26.78,35.3
512,8,30.63,42.4
512,9,33.45,38.5
512,10,36.14,44.9
513,0,0,35.1
513,1,3.82,30.2
513,2,5.71,36.6
513,3,8.64,33
513,4,12.24,33.2
513,5,15.38,39.1
513,6,24.45,33.4
513,7,26.85,32.6
513,8,30.2,34.4
513,9,32.06,31
513,10,36.92,29.8
514,0,0,43
514,1,3.22,41
514,2,6.71,42
514,3,8.81,40
514,4,11.54,40.2
514,5,13.81,39.6
514,6,17.95,44.3
514,7,24.49,35.2
514,8,26,33.7
514,9,29.72,37.8
514,10,35.77,37.2
515,0,0,39.5
515,1,3.11,33.3
515,2,8.52,30.7
515,3,12.27,29.4
515,4,15.29,29.4
515,5,21.48,33.8
515,6,24.43,28.9
515,7,26.77,28.5
515,8,30.91,22.9
515,9,33.19,22.6
515,10,37.03,27.6
516,0,0,53.4
516,1,3.6,54
516,2,12.44,51.8
516,3,13.28,47.9
516,4,20.88,58.7
516,5,24.28,49.1
516,6,26.84,48.2
516,7,33.48,51.7
516,8,35.36,45.9
517,0,0,44.3
517,1,2.95,36.3
517,2,5.59,38.1
517,3,9.87,36
517,4,11.54,37.8
517,5,15.16,22.4
517,6,18.99,37.4
517,7,21.22,36.3
517,8,22.8,33.5
517,9,29.99,38.3
518,0,0,38.1
518,1,3.28,37.5
518,2,6.13,36.1
518,3,9.1,35.6
518,4,14.63,35.8
518,5,17.09,37.1
518,6,21.23,34.6
518,7,23.88,39.3
518,8,26.4,30.8
518,9,28.7,37.4
518,10,32.43,34.5
519,0,0,51.1
519,1,3.63,41.9
519,2,5.32,41.8
519,3,8.48,43.6
519,4,14.3,37.1
519,5,17.59,38.6
519,6,20.79,34.1
519,7,25.77,34.4
520,0,0,47.7
520,1,3.88,43.4
520,2,6.57,42.9
520,3,12.85,34.3
520,4,15.52,36.2
520,5,21.86,37.6
520,6,24.15,36.4
520,7,27.39,37.9
520,8,29.53,33.7
520,9,32.86,35.3
520,10,36.38,34.6
521,0,0,33.4
521,1,2.98,34
521,2,5.97,24.5
521,3,7.45,31.3
521,4,11.3,27
522,0,0,38.1
522,1,3.8,35.2
522,2,5.6,34.7
522,3,8.98,37
522,4,11.76,36.8
522,5,15.03,33.7
522,6,24.07,23.8
522,7,25.94,31.2
522,8,29.49,27.6
522,9,36.36,27.9
523,0,0,42.4
523,1,3.49,41.4
523,2,5.3,44.1
523,3,9.6,42.5
523,4,12.53,36.7
523,5,17.53,38.6
523,6,21.57,35.7
523,7,27.52,36.9
523,8,29.93,30.6
523,9,33.45,33.7
523,10,36.66,33.3
524,0,0,42.9
524,1,5.52,39.4
524,2,11.8,35.1
524,3,14.36,29.8
524,4,18.14,33.5
524,5,20.62,32.4
524,6,24.31,27.6
524,7,30.11,26.8
524,8,33.29,30.1
524,9,36.85,26.8
525,0,0,17.3
525,1,2.71,19.4
525,2,5.53,9
525,3,8.53,10.3
526,0,0,27.2
526,1,6.16,23.5
526,2,9.2,21
526,3,17.7,23.1
526,4,24.12,17.8
526,5,27.24,17.7
527,0,0,31.8
527,1,3.42,26.3
527,2,5.97,33.2
527,3,7.88,38
527,4,14.34,31.4
527,5,17.48,30.5
528,0,0,56.4
528,1,9.2,48.5
528,2,14.85,52.3
528,3,17.11,49.8
528,4,21.29,51.5
528,5,24.12,45.9
528,6,26.36,45
528,7,30.84,50.6
528,8,33.09,44.4
529,0,0,26.3
529,1,3.23,22.7
529,2,6.36,24.6
529,3,9.82,21.9
529,4,11.7,20.5
529,5,14.94,28.4
529,6,18.37,21.4
530,0,0,47.7
530,1,2.99,44.3
530,2,5.28,37.6
530,3,9.44,40.2
530,4,12.59,38.9
530,5,15.29,41.5
530,6,18.01,29.1
530,7,21.55,35.6
530,8,27.37,32.6
530,9,30.08,27.2
531,0,0,36.9
531,1,3.92,34
531,2,5.74,35.4
531,3,11.91,31.2
531,4,17.84,35.8
531,5,23.21,38.7
531,6,27.26,41.7
531,7,30.24,40
531,8,32.94,39.8
531,9,36.86,43.6
532,0,0,34.7
532,1,2.99,37.6
532,2,13.37,37.2
532,3,23.25,27.2
533,0,0,30.9
533,1,2.57,32
533,2,5.95,29.9
533,3,9.79,26.2
534,0,0,19.6
534,1,2.66,22.7
534,2,6.75,26.8
534,3,9.63,25.8
534,4,12.49,21.6
534,5,14.27,19.9
534,6,18.55,21.8
534,7,21.29,18.3
534,8,26.7,15.3
534,9,29.13,14.2
535,0,0,23.2
535,1,3.89,22.2
535,2,6.04,30.1
535,3,12,19.6
535,4,15.46,23.4
535,5,18.48,24.3
535,6,21.04,22
536,0,0,36.5
536,1,3.61,32.5
536,2,6.02,34
536,3,9.47,33
536,4,18.35,32.5
536,5,21.08,30.8
536,6,24.25,25.5
536,7,27.3,30.9
536,8,30.05,26.2
536,9,33.83,31.2
536,10,36.31,25.9
537,0,0,31.3
537,1,3.72,24.6
537,2,5.42,26.5
537,3,8.47,22
537,4,12.38,19.5
537,5,15.15,28.5
537,6,16.58,19.1
537,7,21.15,18.4
537,8,24.89,18.7
537,9,26.79,17.9
537,10,29.79,13.2
537,11,33.95,13.2
538,0,0,35.8
538,1,3.06,38.3
538,2,5.75,28.6
538,3,9.34,35.8
538,4,12.31,31.8
538,5,22.97,27.1
538,6,26.33,24.8
538,7,29.61,23
538,8,34.38,23.7
538,9,36.42,16.7
539,0,0,34.8
539,1,3.78,36.4
539,2,5.61,33.2
539,3,9.32,36
539,4,11.81,30.9
539,5,14.24,30.3
539,6,18.57,36.9
539,7,20.38,26.8
539,8,23.35,25
539,9,26.63,31.1
539,10,30.39,31.2
540,0,0,35.1
540,1,5.71,32.1
540,2,9.53,30.5
540,3,12.19,27.7
540,4,18,24.6
540,5,20.8,29.3
540,6,23.84,20.4
540,7,27.88,22.9
540,8,31.99,19.3
540,9,37.2,20.1
541,0,0,34.3
541,1,2.58,34.8
541,2,8.9,30.9
541,3,15.12,29.1
541,4,17.86,30.6
541,5,24.16,25
541,6,29.8,28.1
541,7,31.54,30.5
541,8,35.82,27.5
542,0,0,42.2
542,1,2.63,48.9
542,2,5.3,41.9
542,3,14.08,45.5
542,4,21.01,38.2
542,5,24.93,36
542,6,27.28,35.7
542,7,29.84,38.3
543,0,0,42
543,1,2.9,34.3
543,2,5.77,37.1
543,3,7.46,32
543,4,15.1,32
543,5,18.03,32.6
543,6,21.72,35.2
543,7,24.84,25.6
543,8,26.65,27.8
543,9,32.32,27.3
543,10,36.95,29.5
544,0,0,28.8
544,1,3.21,26.2
544,2,7.97,24.7
544,3,12.6,29.5
544,4,15.35,26.8
544,5,17.81,32.6
544,6,20.8,27.5
544,7,23.68,28.8
544,8,26.45,24.4
544,9,29.41,25.6
544,10,33.65,22.5
544,11,36.22,24.5
545,0,0,43
545,1,2.51,46
545,2,6.13,43.4
545,3,9.52,47.9
545,4,11.82,52.8
545,5,18.17,46.7
545,6,21.67,40.8
545,7,24.22,41.6
545,8,25.46,44
545,9,30.68,42.9
545,10,33.09,46
545,11,36.33,45
546,0,0,34.2
546,1,2.64,38.1
546,2,5.68,29.2
546,3,9.35,34
546,4,11.4,33.2
546,5,14.08,36.6
546,6,17.68,34.3
546,7,20.67,36.9
546,8,24.4,33.2
546,9,27.44,33.4
546,10,36.19,32.9
547,0,0,32.9
547,1,3.41,26.8
547,2,6.7,25.3
547,3,8.93,25
547,4,11.01,25.7
547,5,14.91,29
547,6,18.23,19.4
547,7,21.98,23.5
547,8,26.72,11.9
548,0,0,35.9
548,1,2.9,36
548,2,6.13,37.3
548,3,12.19,31.4
548,4,14.48,29.6
548,5,17.62,27.3
548,6,22.04,30.3
548,7,24.81,27.8
548,8,29.02,26.5
548,9,32.45,27.2
548,10,36.25,27.4
549,0,0,49.3
549,1,2.87,52.7
549,2,9.56,49.5
549,3,12.85,53.3
549,4,14.42,45.3
549,5,17.43,46
549,6,24.1,39.4
549,7,27.56,42.4
549,8,30.12,35.3
549,9,32.69,36.6
550,0,0,32.9
550,1,2.73,29
550,2,9.59,26.9
550,3,11.68,28.6
550,4,15.03,21.5
550,5,18.15,29.9
550,6,26.76,21
550,7,29.85,18
550,8,33.25,23.7
550,9,36.03,19.9
551,0,0,37.7
551,1,4.75,35.2
551,2,6.97,30.9
551,3,8.62,37
551,4,11.63,33.2
551,5,15.48,28.5
551,6,18.13,35
551,7,21.36,27
551,8,25,24.4
551,9,29.96,21.8
551,10,32.74,23.4
551,11,36.43,21
552,0,0,37.9
552,1,3.77,39.6
552,2,14.75,38.1
552,3,18.41,35.9
552,4,19.88,36.3
552,5,23.36,34.1
552,6,30.17,31.4
552,7,33.35,34.4
552,8,35.98,29
553,0,0,49.7
553,1,3.28,46.8
553,2,5.57,44.3
553,3,8.24,45.3
553,4,11.16,43.6
553,5,15.63,39.2
553,6,17.56,41.2
553,7,21.8,33.4
553,8,25.26,28.9
554,0,0,42.5
554,1,2.21,38.1
554,2,5.62,42.9
554,3,8.73,43
554,4,14.94,50.5
554,5,21.18,43.8
554,6,23.26,45.3
554,7,26.62,47.4
554,8,35.06,43.6
555,0,0,43.2
555,1,1.79,38.5
555,2,6.23,40.4
555,3,8.57,37.5
555,4,14.37,42.5
555,5,23.46,44
555,6,25.82,44.7
555,7,28.73,42.4
555,8,33.29,43.5
555,9,35.21,41
556,0,0,48.2
556,1,3.09,49.6
556,2,5.46,46
556,3,8.45,44.5
556,4,17.93,42.3
556,5,21.88,38.8
556,6,24.52,39.3
556,7,27.34,38.5
556,8,29.79,35.3
556,9,32.32,31.8
556,10,36.05,33.4
557,0,0,32
557,1,3.5,32.4
557,2,6.06,28.9
557,3,8.63,24.4
557,4,10.45,29.6
557,5,15.15,32.8
557,6,17.71,31.5
557,7,20.04,33.6
557,8,23.82,32.4
557,9,27.34,31.6
558,0,0,46.5
558,1,1.92,46.5
558,2,5.03,43
558,3,8.86,46.8
558,4,13.64,48.1
558,5,18.08,50.9
558,6,21.54,42.3
558,7,27.36,37.1
558,8,29.91,40.5
558,9,33.95,41.7
558,10,35.99,36.1
559,0,0,38.2
559,1,2.95,30.2
559,2,5.89,32.4
559,3,8.53,27.3
559,4,12.87,26.9
559,5,18.81,28.4
559,6,24.22,22.5
559,7,26.92,20.7
559,8,29.64,18.3
559,9,33.28,23.1
560,0,0,35.4
560,1,3.52,33.3
560,2,9.84,38.6
560,3,10.79,39.3
560,4,14.77,34.2
560,5,17.24,39
560,6,20.2,41.4
560,7,24.33,35.8
560,8,29.41,39.1
560,9,33.69,36.2
561,0,0,42.4
561,1,3,38.3
561,2,8.53,42.3
561,3,11.44,44.2
561,4,15.31,37.4
561,5,17.82,41.1
561,6,19.46,34.1
561,7,24.47,31.1
561,8,26.85,33.7
561,9,36.4,28.7
562,0,0,36
562,1,2.6,31.4
562,2,6.74,40.5
562,3,9,33.8
562,4,11.75,31.7
562,5,15.45,27
562,6,19.78,34.4
562,7,23.2,31.1
562,8,30.99,30.3
562,9,35.8,29.4
563,0,0,42.5
563,1,3.48,39.2
563,2,6.56,39.5
563,3,12.31,36.5
563,4,14.72,38
563,5,20.65,35.6
563,6,29.64,39.7
563,7,35.38,36
564,0,0,32.2
564,1,2.24,37.3
564,2,7.93,37
564,3,10.86,34.1
564,4,15.05,34
564,5,18.18,31.9
564,6,24.09,27.9
564,7,27.56,23.9
564,8,33.14,27.5
564,9,35.33,24.1
565,0,0,46
565,1,4.33,31.6
565,2,8.83,38.9
565,3,11.78,35.6
565,4,15.26,31.7
565,5,18.55,30.5
565,6,23.59,32.7
565,7,27.94,23.4
565,8,33.34,26.7
565,9,35.88,25.5
566,0,0,59.9
566,1,9.71,55.5
566,2,15.67,53.8
566,3,17.27,56.2
566,4,24.45,48.2
566,5,26.89,50.8
566,6,29.42,53.7
566,7,33.4,55.1
566,8,36.1,51.3
567,0,0,41.4
568,0,0,29.4
568,1,6.04,32.4
568,2,11.95,28.5
568,3,15.46,31.5
568,4,18.44,28.3
568,5,21.05,29.8
568,6,24.25,27.6
568,7,30.4,27.9
568,8,32.58,26
569,0,0,14.1
569,1,9.15,11.2
569,2,11.27,14
569,3,14.98,9.2
569,4,18.28,8.5
570,0,0,38.4
570,1,2.8,40.4
570,2,14.74,38.5
570,3,17.75,36.2
570,4,21.11,29.3
570,5,23.37,37.3
570,6,26.67,33.5
570,7,30.08,38
570,8,33.94,35.9
570,9,36.52,33.2
571,0,0,27.6
571,1,2.89,29.9
571,2,6.16,28
571,3,8.86,28.4
571,4,12.18,25.5
571,5,15.79,25.8
571,6,17.85,18.1
571,7,20.58,20.1
571,8,23.15,19.3
571,9,27.45,16.3
571,10,30.87,7.4
572,0,0,41.1
572,1,2.95,35.9
572,2,5.2,40.1
572,3,8.91,33.8
572,4,13.49,34.8
572,5,15.05,35.7
572,6,18.35,25.9
572,7,21.56,28.7
572,8,33.6,30.7
573,0,0,42.4
573,1,3.39,43.8
573,2,6.91,35.9
573,3,9.26,37.4
573,4,15.65,34.8
573,5,17.88,34.5
573,6,21.16,29
573,7,24.25,34.2
573,8,27.14,28.1
574,0,0,45.7
574,1,3.36,48.9
574,2,6.17,43.8
574,3,8.3,48.9
574,4,11.17,45.2
574,5,14.91,43.5
574,6,18.9,40.8
574,7,21.01,44.3
574,8,23.93,40.3
574,9,28.15,42.7
574,10,33.47,39.3
575,0,0,32
575,1,6.33,27.8
575,2,12.17,26.6
575,3,14.88,28.2
576,0,0,35.1
576,1,6.66,34.2
576,2,8.54,28
576,3,13.27,27.5
576,4,14.8,28
576,5,16.93,26.9
576,6,21.49,24.6
576,7,23.2,28.7
576,8,30.77,24.6
576,9,31.32,21.7
577,0,0,28.5
577,1,4.93,28.1
577,2,8.69,26.7
578,0,0,48.7
578,1,3.81,44.3
578,2,5.82,46.6
578,3,9.67,40.4
578,4,15.07,43.3
578,5,17.51,43.1
578,6,21.65,42.9
579,0,0,37.7
579,1,3.5,33.9
579,2,6.29,39.4
579,3,8.74,33.7
579,4,14.52,29.1
579,5,18.5,32.7
579,6,20.58,22.8
579,7,31.12,23.1
579,8,36.91,16.9
580,0,0,40.3
580,1,3.65,40.7
580,2,5.7,39.2
580,3,9.57,39
580,4,12.1,40.5
580,5,17.12,44.3
580,6,24.33,36.8
580,7,26.83,37.2
580,8,30.4,34.9
580,9,34.21,40.9
581,0,0,24.4
581,1,3.13,30.3
581,2,6.81,27.4
581,3,7.98,17.7
581,4,11.9,16.4
581,5,18.25,22
581,6,20.36,20.6
581,7,23.57,23.9
581,8,30.22,22.7
581,9,32.85,18.1
582,0,0,39
582,1,1.98,41.9
582,2,5.17,39.5
582,3,17.42,32.9
582,4,21.21,33.8
582,5,24.38,31.2
582,6,27.28,37.9
582,7,33.23,35.8
582,8,35,34.6
583,0,0,39.4
583,1,5.01,37.8
583,2,9.01,38.8
583,3,11.88,34.3
583,4,15.21,36.8
583,5,19.88,38.4
583,6,23.41,34
583,7,26.22,34.1
583,8,29.5,30.1
583,9,33.5,25
583,10,36.66,32.9
584,0,0,48.6
584,1,8.85,39.8
584,2,12.41,32.6
584,3,15.51,35.9
584,4,17.41,32.3
584,5,25.24,28.8
585,0,0,32.7
585,1,3.05,31.3
585,2,6.26,32.3
585,3,8.49,28.7
585,4,15.53,30.4
585,5,17.74,31.8
585,6,20.89,34.3
585,7,23.12,25.9
585,8,27.69,30.5
585,9,29.62,29.1
585,10,36.57,29.6
586,0,0,46.8
587,0,0,45.6
587,1,3.68,40.4
587,2,8.48,37.1
587,3,12.32,35.8
587,4,15.05,36.8
587,5,18.57,32.8
587,6,21.54,38
587,7,27.76,31.6
587,8,30.38,33.9
587,9,33.14,37.2
587,10,35.29,24.4
588,0,0,27
588,1,3.12,26
588,2,6.47,23.4
588,3,9.42,17.9
588,4,11.02,16.3
589,0,0,26.1
589,1,2.79,19.5
589,2,5.12,21.6
589,3,11.99,12.6
589,4,15.37,17.4
589,5,17.89,10.6
589,6,21.3,15.6
589,7,25.73,15
590,0,0,35.6
590,1,2.74,32.6
591,0,0,32.2
591,1,2.35,30.7
591,2,5.96,33.2
591,3,13.32,34.9
591,4,14.63,36
591,5,17.73,33.7
591,6,21.21,33.5
591,7,23.87,34
591,8,27.71,42.1
591,9,29.39,44.7
591,10,32.87,40.3
591,11,35.64,40.7
592,0,0,33.5
592,1,5.96,35.7
592,2,7.4,34.1
592,3,12.18,29.3
592,4,15.31,33.5
592,5,17.67,32.2
592,6,21.09,30.8
592,7,23.9,36.9
592,8,33.11,34.3
592,9,36.43,34.3
593,0,0,37
593,1,3.01,31.5
593,2,5.79,26.9
593,3,9.71,22.3
593,4,14.33,24.5
593,5,18.52,24.8
593,6,20.91,26.9
594,0,0,43.1
594,1,2.16,42.3
594,2,5.6,44.5
594,3,12.27,41.3
594,4,14.66,40.5
594,5,20.63,41.3
594,6,23.09,28.7
594,7,27.25,35.2
594,8,31.19,33.6
594,9,32.23,31.3
594,10,35.51,35.5
595,0,0,32.2
595,1,3.24,37.6
595,2,6.89,32.2
595,3,12.27,27.4
595,4,15.2,23.4
595,5,18.63,27.6
595,6,26.43,28.2
595,7,30.5,22.1
595,8,37.13,23.9
596,0,0,42.8
596,1,2.85,38.8
596,2,5.33,37.7
596,3,12.02,30.6
596,4,14.9,28.7
596,5,18.18,30.9
596,6,21.22,31.5
596,7,25.27,30.2
596,8,26.61,32.1
597,0,0,32.7
597,1,2.93,44.4
597,2,6.16,36.5
598,0,0,32.5
598,1,2.99,28.5
598,2,6.13,28.9
598,3,10.39,28.3
598,4,12.68,27.3
598,5,14.68,31.9
598,6,18.08,22.3
598,7,20.91,30.1
599,0,0,33.6
599,1,2.52,37.8
599,2,12.31,30.2
599,3,15.39,28.9
599,4,17.99,27.3
599,5,26.76,29.6
599,6,29.81,31.7
600,0,0,26.1
600,1,2.65,32
600,2,5.96,22.4
600,3,7.95,27.7
600,4,11.99,21.5
600,5,14.89,27.5
600,6,18.48,21.1
600,7,21.21,21.1
600,8,24.36,14.6
600,9,26.71,16.2
600,10,30.78,17
600,11,35.03,17.8
