id_distrito,tasa_verdadera_100mil,xi_espacial,foco
D01,46.17965470248087,-0.2643094000907503,0
D02,41.187368295078905,-0.2982069101014773,0
D03,46.391368714706246,-0.19565092323207592,0
D04,44.339100014414775,0.0025853418568242553,0
D05,34.883763101779,-0.1476753303459125,0
D06,35.40023974373214,-0.03781811362036285,0
D07,43.548324823414106,-0.29620816564890773,0
D08,53.73061679144654,-0.21709047753052202,0
D09,46.92910367853368,-0.11410029166991242,0
D10,49.35952760693648,0.06527957578100108,0
D11,42.157541631518065,-0.032338412127195446,0
D12,31.98130251548886,-0.09292509716914484,0
D13,44.28059610473994,-0.33269794232637817,0
D14,55.996176226571286,-0.21431682953271047,0
D15,51.167500891936164,-0.02162546314629933,0
D16,53.072887509635066,0.06965159865208674,0
D17,38.96952093164499,-0.10153791291123321,0
D18,34.89134331299004,-0.017641478413088663,0
D19,54.2140890164488,-0.11425682955635658,0
D20,63.92834223555185,-0.04226984129273245,0
D21,61.7594430948042,0.1346282409952738,0
D22,51.98050855165765,0.1501524676680986,0
D23,36.731481931972304,0.028707739113586324,0
D24,34.755589427204626,0.11033221870763414,0
D25,73.86151523737604,0.20726678845223565,0
D26,61.396075474346745,0.03735697635299888,0
D27,60.337622914311595,0.16243826504800707,0
D28,51.54811335038856,0.07600345037461284,0
D29,32.13760048765558,-0.14912189851855534,0
D30,32.68109598703348,-0.02874271790985602,0
D31,76.32559389697165,0.3270651018177604,0
D32,70.27479014737433,0.2857286463286764,0
D33,59.3537105137755,0.17245396263808327,0
D34,63.52882865726801,0.22126127947582136,0
D35,45.205741114300494,0.04899622906486284,0
D36,47.74798672026536,0.09588970898972386,0
D37,69.94424509022362,0.35034015535208896,0
D38,79.64172769674683,0.4929203691836044,1
D39,106.37074419205788,0.5139555043522414,1
D40,70.17623841415435,0.11315235296318646,0
D41,71.99054811722779,0.20810716265577958,0
D42,55.99256032885109,0.06943085744714408,0
D43,85.74982757768194,0.4668280857412766,1
D44,85.86866862355113,0.41197356055354206,1
D45,106.72128875648056,0.45211161279276146,1
D46,77.93439808167291,0.15017707110272044,0
D47,70.30104865562035,0.10783383891398872,0
D48,73.65619952869937,0.1802864079854233,0
D49,46.778128445514156,0.014671848826512764,0
D50,84.63712971470433,0.40685307551208055,1
D51,67.47877619777643,-0.022533372182141236,0
D52,61.52131787041784,0.07624514458030182,0
D53,45.67222066197583,-0.1291358348213395,0
D54,54.578707611059976,-0.027886072522699742,0
D55,43.12829117135733,-0.18726775455408942,0
D56,67.06827919032403,0.09053652461031834,0
D57,52.437520057236405,-0.14885059793859426,0
D58,51.071132256722734,0.04391410029308668,0
D59,39.48487282771684,-0.11109385439666507,0
D60,37.212801073368404,-0.17397276510445173,0
