id_distrito,fila,col,x_km,y_km,poblacion,pacientes_dialisis,pobreza_pct,dist_centro_km
D01,1,1,5.47,4.8,23000,15,36.1,22.4
D02,2,1,4.96,15.68,20800,8,29,20.3
D03,3,1,4.36,25.16,63500,27,32.4,23.1
D04,4,1,3.7,34.59,124500,55,20.8,28.9
D05,5,1,4.58,44.62,21400,5,20.4,35.9
D06,6,1,6.12,54.54,76600,21,20.3,43.7
D07,1,2,14.92,5.08,114700,43,28,14.5
D08,2,2,15.16,15.58,62200,45,33.2,10.1
D09,3,2,15.67,25.36,60100,30,20.3,13.9
D10,4,2,15.31,35.18,55700,28,18.4,22.2
D11,5,2,15.4,45.44,16600,6,22,31.7
D12,6,2,15.52,55.01,18700,2,15,40.9
D13,1,3,24.11,5.02,30300,17,28.2,10.3
D14,2,3,25.24,15.29,168800,83,27.7,0
D15,3,3,26.05,25.98,13800,3,17.4,10.7
D16,4,3,26.15,34.96,35200,14,20.9,19.7
D17,5,3,26.31,45.01,20500,5,19.8,29.7
D18,6,3,24.39,54.24,42800,9,14.2,39
D19,1,4,34.92,4.83,98800,50,30.3,14.3
D20,2,4,34.72,14.72,114500,83,32.6,9.5
D21,3,4,34.96,25.15,74200,46,22,13.8
D22,4,4,35.06,35.6,20700,13,16.5,22.6
D23,5,4,35.5,45.7,51900,18,9,32.1
D24,6,4,34.39,54.49,147800,51,6.4,40.2
D25,1,5,45.59,5.1,50400,28,36.2,22.8
D26,2,5,45.18,15.1,16200,13,33,19.9
D27,3,5,45.76,24.74,30800,13,25.6,22.6
D28,4,5,45.52,35.67,60500,30,25.8,28.8
D29,5,5,44.66,45.46,25000,4,11.2,31.1
D30,6,5,44.96,54.12,46600,18,5,32
D31,1,6,55.24,5.61,62800,35,37.5,31.5
D32,2,6,56.67,15.8,39500,34,34.6,31.4
D33,3,6,56.49,24.9,123100,74,28.4,28.2
D34,4,6,55.02,34.71,81200,53,25.8,23.4
D35,5,6,54.03,44.42,93600,49,13.3,21.8
D36,6,6,54.57,54.86,84200,40,14.9,23.2
D37,1,7,65.2,4.87,12500,4,37.9,41.3
D38,2,7,66.09,14.24,112400,85,30.2,32.7
D39,3,7,65.48,24.24,23000,28,40.8,23.6
D40,4,7,64.02,34.3,32700,23,33.9,16.2
D41,5,7,64.21,44.91,11600,14,25.5,11.6
D42,6,7,65.22,56.31,91700,40,20.8,15.1
D43,1,8,75.26,4.94,29900,25,43.1,40.6
D44,2,8,74.84,15.3,26900,21,38.6,30.2
D45,3,8,74.51,24.81,95000,92,42.8,20.7
D46,4,8,74.78,35.04,48700,38,33.8,10.5
D47,5,8,75.76,45.51,44200,31,21.4,0
D48,6,8,75.77,55.38,53200,35,27.5,9.9
D49,1,9,85.67,4.56,83500,34,34.1,42.1
D50,2,9,85.58,15.84,63000,52,38.8,31.3
D51,3,9,84.75,25.9,250000,158,44.6,21.6
D52,4,9,84.66,35.52,37600,27,25.3,13.4
D53,5,9,85.06,45.22,26600,19,15.9,9.3
D54,6,9,84.85,55.25,71800,39,24.2,13.3
D55,1,10,95.41,4.05,148200,61,45.2,45.9
D56,2,10,96.28,14.46,61800,38,49.2,37.2
D57,3,10,95.66,24.85,69100,32,41.9,28.7
D58,4,10,94.33,34.76,48400,26,21.5,21.5
D59,5,10,94.58,44.92,48700,23,12.6,18.8
D60,6,10,95.85,56.12,86800,38,15.9,22.7
