id,entorno,edad,sexo,diabetes,sepsis,nefrotoxicos,creat_ingreso,ngal,estadio_kdigo,lra,verificado,lra_obs
1,Sala,58,Mujer,1,0,1,1.24,461.9,0,0,0,NA
2,UCI,47,Hombre,1,1,0,2.19,171.5,0,0,1,0
3,Sala,66,Hombre,1,1,0,1.24,36.2,0,0,0,NA
4,UCI,64,Mujer,0,1,0,1,434.5,2,1,1,1
5,Sala,60,Hombre,1,0,0,0.87,122.4,1,0,1,0
6,Sala,70,Mujer,0,0,0,0.69,40.4,0,0,0,NA
7,UCI,62,Hombre,1,0,1,0.85,25.6,0,0,0,NA
8,Sala,64,Mujer,0,0,0,0.77,42,0,0,0,NA
9,UCI,69,Hombre,1,0,1,1.45,260.8,0,0,1,0
10,UCI,75,Hombre,0,1,0,1.11,165.8,2,1,1,1
11,Sala,47,Hombre,0,0,1,1.17,40.3,0,0,0,NA
12,Sala,54,Mujer,0,0,0,0.53,73.6,0,0,0,NA
13,Sala,70,Hombre,0,0,0,0.63,10.5,0,0,0,NA
14,UCI,77,Hombre,1,0,1,1.7,49,0,0,0,NA
15,Sala,70,Hombre,1,0,0,0.74,35.4,0,0,0,NA
16,Sala,56,Hombre,1,0,0,1.51,18.6,0,0,0,NA
17,Sala,49,Hombre,0,0,1,0.96,91.9,0,0,1,0
18,Sala,71,Hombre,0,0,0,0.95,78.8,0,0,0,NA
19,Sala,27,Mujer,1,0,1,0.8,139.7,0,0,1,0
20,Sala,74,Hombre,0,0,0,0.91,94.6,0,0,1,0
21,Sala,68,Hombre,1,0,0,1.14,22.4,0,0,0,NA
22,Sala,55,Hombre,0,0,0,0.98,101.3,0,0,1,0
23,UCI,68,Hombre,0,0,1,0.89,250.5,3,1,1,1
24,UCI,83,Hombre,0,0,0,1.31,75.4,0,0,0,NA
25,Sala,78,Mujer,1,0,0,0.8,219.6,0,0,0,NA
26,Sala,70,Mujer,1,0,0,0.68,26.4,0,0,0,NA
27,Sala,71,Hombre,0,0,0,0.69,38.2,0,0,0,NA
28,Sala,65,Hombre,0,1,0,0.8,92.4,0,0,1,0
29,Sala,84,Hombre,0,0,0,0.96,51.5,0,0,0,NA
30,Sala,77,Mujer,0,0,0,0.86,64.3,0,0,0,NA
31,Sala,56,Hombre,0,0,0,0.64,25.7,0,0,0,NA
32,Sala,69,Hombre,0,0,1,0.63,71.9,0,0,0,NA
33,Sala,76,Mujer,0,0,0,0.62,70.7,0,0,1,0
34,UCI,58,Hombre,1,0,0,1.44,36.2,0,0,0,NA
35,Sala,79,Mujer,0,0,0,0.85,125.5,0,0,1,0
36,Sala,56,Hombre,0,0,0,0.95,60.4,0,0,0,NA
37,Sala,56,Mujer,0,0,0,1.03,21.3,0,0,0,NA
38,Sala,89,Mujer,1,0,0,1.2,119.7,0,0,1,0
39,UCI,56,Mujer,0,1,0,0.89,47.9,2,1,0,NA
40,UCI,64,Mujer,0,0,1,0.8,100.5,0,0,1,0
41,Sala,74,Hombre,0,0,0,2.3,92.9,0,0,1,0
42,UCI,71,Mujer,0,0,0,0.92,48.5,0,0,0,NA
43,Sala,63,Hombre,0,0,1,1.05,109.5,0,0,1,0
44,Sala,68,Hombre,1,0,0,1.12,112.5,0,0,0,NA
45,UCI,77,Mujer,0,1,1,0.98,53.5,0,0,0,NA
46,UCI,59,Mujer,0,0,1,0.75,44.3,0,0,0,NA
47,Sala,44,Mujer,1,0,0,0.8,115.2,0,0,1,0
48,Sala,52,Mujer,0,1,1,0.87,219.2,0,0,1,0
49,UCI,62,Hombre,0,0,1,0.75,32.4,0,0,0,NA
50,UCI,43,Hombre,0,1,0,1.19,239.2,2,1,1,1
51,UCI,64,Hombre,1,0,0,1.31,80.6,0,0,0,NA
52,Sala,42,Hombre,0,1,0,0.79,55.9,0,0,0,NA
53,Sala,93,Mujer,0,0,0,1.71,126.2,0,0,1,0
54,Sala,77,Hombre,0,0,0,1.02,42.2,0,0,0,NA
55,Sala,88,Mujer,1,0,0,1.3,134.5,0,0,0,NA
56,Sala,78,Mujer,1,0,0,0.81,129.5,0,0,1,0
57,Sala,84,Hombre,0,0,0,1.74,114.6,0,0,0,NA
58,UCI,91,Hombre,0,1,0,1.22,45,2,1,1,1
59,Sala,64,Mujer,1,0,0,1.52,22.8,0,0,0,NA
60,UCI,65,Hombre,0,0,0,0.9,111.5,0,0,1,0
61,Sala,38,Mujer,1,0,0,1.08,17,0,0,0,NA
62,Sala,89,Mujer,0,0,0,1.23,101.8,1,0,1,0
63,Sala,86,Hombre,0,0,1,1.17,15.4,0,0,0,NA
64,Sala,95,Mujer,1,0,1,0.99,129.6,0,0,1,0
65,Sala,54,Hombre,1,0,1,0.83,654,3,1,0,NA
66,UCI,84,Mujer,0,1,0,0.99,43.7,0,0,1,0
67,UCI,54,Mujer,1,0,0,0.6,133.9,1,0,1,0
68,Sala,64,Mujer,0,0,0,0.88,69.3,0,0,0,NA
69,Sala,74,Mujer,0,0,1,1.38,160.2,0,0,1,0
70,Sala,75,Hombre,0,0,0,0.64,58.8,0,0,0,NA
71,Sala,48,Hombre,0,0,0,1,72.6,0,0,1,0
72,UCI,80,Mujer,0,1,0,1.98,961,3,1,1,1
73,UCI,93,Mujer,0,0,0,0.71,174.8,0,0,0,NA
74,Sala,63,Mujer,0,0,0,0.99,56.9,0,0,1,0
75,Sala,67,Hombre,0,0,1,2.13,33,0,0,0,NA
76,Sala,48,Hombre,0,0,0,0.52,60.5,0,0,0,NA
77,UCI,54,Mujer,0,0,0,0.86,60.3,0,0,0,NA
78,Sala,65,Mujer,0,0,0,0.73,33.9,0,0,1,0
79,Sala,86,Hombre,0,0,1,0.84,193.6,2,1,1,1
80,UCI,86,Hombre,0,0,0,1.52,20,0,0,0,NA
81,Sala,91,Mujer,0,0,0,0.82,19.4,0,0,0,NA
82,UCI,43,Mujer,0,1,0,1.05,172.8,0,0,1,0
83,Sala,39,Mujer,0,0,1,1.01,47.8,0,0,0,NA
84,Sala,75,Hombre,0,1,0,0.93,53.5,0,0,1,0
85,UCI,87,Mujer,0,1,0,1.64,732.9,3,1,1,1
86,Sala,72,Mujer,0,0,1,1.08,40.4,0,0,0,NA
87,UCI,76,Hombre,0,1,1,1.46,191.7,0,0,0,NA
88,Sala,48,Mujer,1,0,0,1.33,29.7,0,0,0,NA
89,Sala,69,Hombre,0,0,0,1.17,124.5,0,0,1,0
90,Sala,57,Mujer,0,0,0,0.64,74.4,1,0,0,NA
91,Sala,58,Mujer,0,0,0,0.74,61.8,0,0,0,NA
92,UCI,95,Mujer,1,1,0,2.94,149.5,2,1,1,1
93,Sala,67,Mujer,0,0,0,1.07,148.1,1,0,1,0
94,Sala,48,Hombre,0,0,0,1.44,29.9,0,0,0,NA
95,UCI,62,Mujer,1,1,1,1.29,52.7,0,0,1,0
96,Sala,48,Hombre,0,0,0,0.45,142.7,1,0,0,NA
97,Sala,56,Hombre,0,1,0,1.25,89,0,0,1,0
98,Sala,73,Mujer,1,0,0,1.15,81.5,1,0,1,0
99,Sala,39,Hombre,0,0,0,0.46,17.9,0,0,0,NA
100,Sala,39,Mujer,1,0,1,0.74,568.1,3,1,1,1
101,Sala,52,Mujer,0,0,0,0.62,14.5,0,0,0,NA
102,UCI,60,Mujer,0,0,0,1.37,152.5,0,0,0,NA
103,Sala,51,Mujer,0,0,0,1.06,332.6,3,1,1,1
104,UCI,83,Hombre,1,1,0,0.83,83.5,0,0,0,NA
105,Sala,47,Mujer,0,0,1,0.65,21.6,0,0,0,NA
106,UCI,74,Hombre,0,1,0,1.19,143.7,0,0,1,0
107,Sala,89,Mujer,1,0,0,1.22,158.9,2,1,1,1
108,Sala,72,Hombre,1,1,1,1.39,141.5,0,0,1,0
109,Sala,38,Mujer,0,0,0,0.73,28.8,0,0,0,NA
110,UCI,32,Hombre,0,1,0,1.27,686.4,0,0,1,0
111,Sala,61,Mujer,0,0,0,1.1,256.1,0,0,1,0
112,Sala,76,Mujer,0,0,0,0.8,125.3,1,0,1,0
113,Sala,55,Hombre,1,0,0,0.93,150.7,1,0,1,0
114,UCI,63,Mujer,0,0,1,0.73,258,0,0,1,0
115,Sala,38,Hombre,0,0,1,0.54,102.5,0,0,1,0
116,UCI,63,Hombre,1,1,0,1.27,1120.1,3,1,1,1
117,UCI,83,Hombre,0,1,0,1.54,71.7,0,0,0,NA
118,Sala,70,Mujer,1,0,0,1.59,55.4,0,0,0,NA
119,Sala,77,Hombre,0,0,0,1.37,87.6,0,0,1,0
120,UCI,71,Hombre,1,0,0,2.06,450.2,3,1,0,NA
121,Sala,60,Hombre,0,0,0,0.82,39.8,0,0,0,NA
122,UCI,68,Hombre,1,1,0,1.73,1149.8,3,1,1,1
123,UCI,52,Hombre,1,1,0,1.13,270.7,0,0,1,0
124,UCI,70,Hombre,0,0,0,1.1,48.5,0,0,1,0
125,UCI,70,Hombre,0,0,0,0.8,51.9,0,0,0,NA
126,Sala,61,Mujer,0,0,1,1.23,134.2,2,1,1,1
127,Sala,83,Mujer,0,0,0,1.37,338.2,3,1,0,NA
128,UCI,52,Hombre,0,0,0,0.59,86.8,0,0,0,NA
129,Sala,36,Hombre,0,0,0,0.66,37.8,0,0,0,NA
130,UCI,37,Hombre,0,0,0,1.12,104.9,0,0,0,NA
131,UCI,53,Mujer,1,1,0,1.74,741.5,3,1,1,1
132,UCI,65,Hombre,1,0,1,1.27,102.1,0,0,0,NA
133,Sala,53,Hombre,0,0,1,1.06,204,0,0,1,0
134,Sala,76,Hombre,0,0,1,0.77,594,3,1,1,1
135,Sala,52,Mujer,1,0,0,1.54,63.7,1,0,0,NA
136,UCI,53,Hombre,0,0,1,0.63,28.2,0,0,0,NA
137,UCI,48,Mujer,0,1,0,1.16,90.8,0,0,1,0
138,Sala,47,Hombre,1,1,0,1.43,104.9,2,1,0,NA
139,Sala,66,Hombre,1,0,0,1.38,58.9,0,0,1,0
140,Sala,92,Hombre,1,0,0,1.29,41.9,0,0,1,0
141,UCI,39,Hombre,0,0,1,1.04,56.9,0,0,1,0
142,Sala,60,Mujer,0,0,0,0.56,99.3,0,0,1,0
143,Sala,48,Mujer,0,0,0,0.63,19.5,0,0,0,NA
144,Sala,75,Mujer,0,0,0,0.69,22.4,0,0,0,NA
145,Sala,84,Mujer,0,0,0,0.86,25.8,0,0,0,NA
146,UCI,64,Hombre,1,1,0,0.87,28.9,0,0,0,NA
147,Sala,49,Hombre,0,0,0,0.64,124.8,0,0,1,0
148,UCI,64,Hombre,0,1,0,0.97,83,0,0,0,NA
149,Sala,58,Hombre,0,0,0,0.55,21.6,0,0,0,NA
150,UCI,73,Hombre,1,0,0,0.89,102.6,0,0,0,NA
151,Sala,84,Hombre,0,0,1,1.07,82.2,0,0,1,0
152,Sala,67,Mujer,1,0,0,0.91,72.3,0,0,1,0
153,UCI,84,Mujer,0,1,1,1.62,440.3,3,1,1,1
154,Sala,82,Hombre,1,1,0,0.82,445.7,0,0,1,0
155,Sala,66,Mujer,0,0,0,0.83,54.3,0,0,1,0
156,UCI,81,Mujer,1,1,0,1.35,371.5,2,1,1,1
157,Sala,58,Mujer,0,0,1,1.11,23.8,0,0,0,NA
158,Sala,61,Mujer,0,0,0,1.62,78.2,1,0,0,NA
159,UCI,63,Mujer,0,1,0,2.21,164.3,0,0,1,0
160,Sala,55,Hombre,0,0,0,0.63,66.2,0,0,0,NA
161,Sala,85,Mujer,1,1,0,1.54,278.8,0,0,1,0
162,UCI,95,Hombre,0,1,0,1.85,184.1,3,1,0,NA
163,UCI,45,Mujer,0,0,0,1.68,99.6,1,0,1,0
164,UCI,52,Hombre,0,1,1,1.09,89.9,0,0,1,0
165,Sala,41,Hombre,0,0,1,1.63,188.6,0,0,1,0
166,Sala,66,Hombre,0,0,0,0.64,57.9,2,1,1,1
167,UCI,52,Hombre,1,0,0,1.25,62.2,0,0,0,NA
168,Sala,50,Hombre,0,1,1,1.35,39.8,0,0,0,NA
169,Sala,57,Hombre,0,0,0,0.62,196.4,0,0,0,NA
170,UCI,94,Hombre,0,1,0,1.26,45.8,1,0,1,0
171,Sala,80,Hombre,1,0,0,0.98,41.4,0,0,0,NA
172,Sala,76,Hombre,0,0,0,1.02,93.6,0,0,0,NA
173,Sala,66,Hombre,0,0,0,0.87,31.9,0,0,0,NA
174,Sala,50,Hombre,0,0,1,1.24,59.3,0,0,0,NA
175,UCI,69,Mujer,0,0,0,1.92,157.9,0,0,0,NA
176,Sala,69,Mujer,0,1,0,1.69,201.2,1,0,0,NA
177,UCI,77,Hombre,0,0,0,1.26,17.3,0,0,0,NA
178,Sala,50,Mujer,1,0,0,0.84,33.1,0,0,0,NA
179,UCI,47,Hombre,0,0,0,0.68,25.5,0,0,0,NA
180,UCI,74,Mujer,0,1,1,1.33,412.9,0,0,1,0
181,Sala,59,Hombre,1,0,0,1.91,488.5,3,1,1,1
182,Sala,62,Mujer,0,0,0,0.58,81,1,0,0,NA
183,Sala,66,Hombre,1,1,0,1.04,372.7,2,1,0,NA
184,Sala,74,Hombre,0,0,0,1.46,68.5,0,0,1,0
185,UCI,78,Hombre,1,0,0,1.44,44.1,0,0,0,NA
186,Sala,72,Mujer,1,0,0,1.16,49.6,0,0,1,0
187,Sala,62,Hombre,1,0,1,0.91,188.6,0,0,1,0
188,Sala,60,Mujer,1,0,1,1.15,40,0,0,0,NA
189,UCI,72,Mujer,0,1,1,1.18,198.4,3,1,1,1
190,Sala,95,Hombre,1,1,0,1.13,212,0,0,1,0
191,Sala,59,Mujer,0,0,0,1.21,64.3,0,0,0,NA
192,Sala,87,Hombre,0,0,0,0.79,57.3,2,1,0,NA
193,UCI,58,Mujer,0,1,0,1.33,39.3,1,0,0,NA
194,Sala,66,Mujer,0,0,1,0.91,144.4,1,0,0,NA
195,Sala,68,Mujer,0,0,0,0.88,44.9,1,0,1,0
196,UCI,59,Hombre,0,0,1,1.24,436.7,0,0,1,0
197,Sala,39,Hombre,0,0,0,0.58,141.3,0,0,1,0
198,Sala,70,Hombre,0,1,0,1.12,159.8,2,1,1,1
199,UCI,53,Mujer,0,1,0,1.58,149.8,3,1,1,1
200,Sala,48,Hombre,1,0,0,0.82,146.6,0,0,0,NA
201,Sala,63,Mujer,0,0,0,1.25,106.1,0,0,0,NA
202,UCI,44,Hombre,0,0,1,0.96,50.5,0,0,1,0
203,UCI,93,Mujer,0,0,0,0.98,324.3,3,1,0,NA
204,UCI,82,Mujer,0,1,0,1.14,271.8,0,0,1,0
205,UCI,60,Mujer,0,0,1,1.1,43.6,0,0,1,0
206,Sala,57,Mujer,0,0,0,0.84,53,0,0,1,0
207,UCI,53,Hombre,0,0,0,0.96,79.5,1,0,0,NA
208,Sala,70,Mujer,0,0,0,0.75,31,1,0,0,NA
209,UCI,92,Hombre,0,1,1,1.41,96.9,0,0,0,NA
210,UCI,64,Mujer,0,0,0,1.11,22.3,0,0,0,NA
211,Sala,59,Hombre,1,1,0,0.96,593.3,3,1,1,1
212,UCI,70,Hombre,0,0,1,0.8,66.4,0,0,1,0
213,Sala,74,Hombre,0,0,0,1.3,69.4,0,0,1,0
214,UCI,26,Mujer,0,0,0,1.04,56.2,0,0,0,NA
215,Sala,67,Mujer,0,0,1,0.62,106.1,2,1,0,NA
216,UCI,93,Mujer,1,0,0,1.47,60.7,0,0,0,NA
217,UCI,83,Mujer,1,1,0,1.15,47.4,0,0,1,0
218,Sala,60,Mujer,0,0,1,1.06,64.6,2,1,1,1
219,UCI,84,Hombre,0,1,1,1.59,345.9,3,1,1,1
220,UCI,50,Hombre,1,1,0,1.55,93.9,2,1,0,NA
221,UCI,45,Hombre,0,1,1,1.18,281.1,3,1,1,1
222,UCI,55,Mujer,1,1,1,1.19,256.8,3,1,1,1
223,Sala,59,Mujer,1,0,0,1.1,68.5,0,0,1,0
224,Sala,50,Mujer,0,0,0,0.51,128.4,1,0,0,NA
225,Sala,57,Mujer,0,0,0,0.67,37.9,0,0,0,NA
226,Sala,63,Mujer,0,0,0,0.8,58.6,0,0,1,0
227,Sala,45,Hombre,0,1,0,1.07,223.9,1,0,0,NA
228,Sala,59,Hombre,0,0,0,1.15,29.1,0,0,0,NA
229,UCI,66,Mujer,0,0,0,0.75,34.8,0,0,0,NA
230,Sala,59,Mujer,0,0,1,1.29,104.4,0,0,1,0
231,Sala,51,Mujer,0,0,1,0.59,231.5,0,0,1,0
232,Sala,81,Hombre,0,0,0,1.04,11.1,0,0,0,NA
233,Sala,68,Hombre,0,0,0,1.43,26.8,0,0,0,NA
234,UCI,49,Hombre,1,0,0,0.74,120.9,1,0,0,NA
235,Sala,70,Hombre,0,0,0,0.75,40.6,0,0,0,NA
236,Sala,67,Hombre,0,0,0,1.09,577.1,3,1,1,1
237,Sala,45,Mujer,0,0,0,1.28,35.6,0,0,0,NA
238,Sala,59,Hombre,0,1,0,1.01,124,2,1,1,1
239,Sala,55,Hombre,1,0,0,1.07,9.1,0,0,0,NA
240,Sala,62,Mujer,1,0,0,1.3,82.6,0,0,0,NA
241,Sala,89,Mujer,1,0,1,1.49,125.4,2,1,0,NA
242,UCI,73,Hombre,1,0,0,1.48,206.2,0,0,1,0
243,UCI,64,Hombre,1,0,1,1.43,178.6,2,1,1,1
244,UCI,75,Hombre,0,0,0,0.79,75.1,0,0,0,NA
245,UCI,54,Mujer,1,0,0,1.25,195.3,3,1,1,1
246,Sala,76,Hombre,1,0,0,1.05,184.7,0,0,1,0
247,UCI,71,Hombre,1,0,1,1.29,89.4,2,1,0,NA
248,Sala,47,Mujer,0,0,0,1.2,41.2,0,0,0,NA
249,Sala,67,Mujer,0,0,1,1.47,156.5,1,0,1,0
250,Sala,59,Mujer,0,0,0,0.81,155.1,0,0,0,NA
251,Sala,38,Hombre,1,0,0,1.48,197.7,3,1,1,1
252,Sala,51,Hombre,0,0,0,0.58,63.2,0,0,0,NA
253,UCI,93,Hombre,0,0,1,1.16,23.1,0,0,1,0
254,Sala,48,Mujer,0,0,0,0.85,159.8,2,1,0,NA
255,Sala,55,Hombre,0,0,0,0.4,68.7,0,0,0,NA
256,UCI,60,Mujer,0,0,0,0.68,51.2,0,0,0,NA
257,Sala,56,Hombre,0,0,0,1.09,66.5,0,0,0,NA
258,Sala,61,Hombre,1,0,1,0.59,136.4,0,0,0,NA
259,Sala,60,Mujer,1,0,1,1.62,284.3,3,1,1,1
260,Sala,66,Hombre,0,0,0,1.01,43.5,0,0,0,NA
261,UCI,75,Mujer,1,1,1,1.32,32.4,0,0,0,NA
262,Sala,86,Hombre,1,0,0,1.23,40.1,0,0,0,NA
263,UCI,41,Mujer,0,0,1,0.97,77.2,1,0,1,0
264,Sala,51,Hombre,1,0,0,0.85,14.8,0,0,0,NA
265,Sala,52,Hombre,0,0,0,1.13,20.3,0,0,0,NA
266,Sala,74,Hombre,0,0,0,0.84,41.8,0,0,1,0
267,Sala,64,Mujer,1,0,0,0.97,71.9,0,0,0,NA
268,UCI,79,Mujer,0,1,0,0.96,203,2,1,1,1
269,Sala,52,Hombre,0,0,0,0.85,72.8,0,0,0,NA
270,Sala,95,Hombre,0,0,0,0.98,50.6,0,0,0,NA
271,UCI,74,Hombre,1,1,0,1.12,279.5,2,1,1,1
272,Sala,52,Mujer,0,0,0,1.58,30.9,0,0,1,0
273,Sala,18,Hombre,0,0,0,0.66,34.9,0,0,0,NA
274,UCI,76,Mujer,0,1,1,1.44,143.5,0,0,1,0
275,Sala,88,Mujer,0,0,0,2.2,119.9,0,0,1,0
276,Sala,66,Hombre,0,0,0,0.96,48.4,0,0,0,NA
277,UCI,65,Hombre,0,0,1,1.16,225,2,1,0,NA
278,Sala,71,Hombre,0,0,0,0.61,31.2,0,0,0,NA
279,Sala,74,Hombre,1,0,1,1.88,441.8,3,1,1,1
280,Sala,69,Mujer,1,0,0,1.25,106.5,0,0,0,NA
281,Sala,76,Mujer,0,0,0,0.95,12.1,0,0,0,NA
282,Sala,69,Hombre,0,0,0,0.67,247.8,0,0,1,0
283,Sala,51,Hombre,1,0,0,0.78,17.9,0,0,0,NA
284,UCI,56,Mujer,1,0,0,1.36,596,3,1,1,1
285,UCI,72,Hombre,0,0,0,0.99,74.9,0,0,0,NA
286,UCI,50,Hombre,0,0,0,0.95,118,0,0,0,NA
287,UCI,86,Hombre,1,0,0,1.14,591.8,3,1,1,1
288,UCI,72,Hombre,0,0,0,0.78,43.1,1,0,1,0
289,Sala,68,Mujer,0,0,0,1.01,52,0,0,1,0
290,Sala,92,Mujer,1,0,0,1.71,92.8,0,0,0,NA
291,Sala,62,Hombre,0,0,1,0.55,57.4,0,0,1,0
292,Sala,79,Mujer,0,0,0,1.04,31,0,0,0,NA
293,Sala,79,Mujer,0,0,0,0.85,220,0,0,0,NA
294,UCI,68,Hombre,0,1,0,1.45,28.5,0,0,1,0
295,Sala,49,Hombre,0,0,0,1.08,41.6,0,0,0,NA
296,UCI,74,Hombre,1,0,0,0.84,17.7,0,0,0,NA
297,Sala,44,Mujer,0,0,0,0.8,90.3,0,0,0,NA
298,Sala,46,Hombre,0,0,0,1.18,85.3,1,0,1,0
299,Sala,95,Hombre,1,1,0,1.37,60,0,0,1,0
300,Sala,34,Hombre,0,0,0,0.61,88.3,0,0,0,NA
301,UCI,60,Hombre,0,1,0,0.88,63.5,0,0,0,NA
302,Sala,53,Hombre,0,0,1,1.17,37.7,0,0,0,NA
303,Sala,52,Mujer,1,0,0,1.18,145.1,0,0,1,0
304,UCI,91,Mujer,0,0,0,1.11,197,0,0,0,NA
305,Sala,90,Hombre,0,1,0,1.35,113.3,0,0,0,NA
306,Sala,59,Mujer,0,0,1,0.54,72.3,0,0,1,0
307,UCI,61,Mujer,1,0,0,1.37,51.7,1,0,0,NA
308,Sala,63,Hombre,0,0,0,0.74,90.9,0,0,0,NA
309,UCI,54,Mujer,0,0,0,0.68,288.6,3,1,1,1
310,Sala,63,Mujer,0,0,0,1.24,159.4,0,0,0,NA
311,Sala,77,Hombre,0,0,0,1.82,140.5,0,0,0,NA
312,Sala,55,Hombre,0,0,0,0.44,13.8,0,0,0,NA
313,Sala,66,Hombre,0,0,0,1.4,64.2,0,0,0,NA
314,UCI,90,Hombre,0,1,0,1.21,142.1,0,0,0,NA
315,UCI,52,Hombre,0,1,0,1.87,266.1,2,1,1,1
316,Sala,40,Mujer,0,1,0,0.91,121.5,0,0,0,NA
317,Sala,66,Mujer,0,0,0,1.09,76,1,0,0,NA
318,Sala,45,Mujer,0,0,0,0.57,106,0,0,0,NA
319,UCI,64,Hombre,1,0,0,1.79,268.4,1,0,1,0
320,Sala,58,Mujer,0,0,0,0.65,82.7,0,0,0,NA
321,Sala,50,Hombre,0,0,0,0.74,40.8,0,0,0,NA
322,UCI,65,Mujer,1,0,1,1.27,53.1,0,0,0,NA
323,Sala,41,Hombre,0,0,0,1.01,71.2,1,0,0,NA
324,Sala,95,Hombre,0,0,0,1.01,34.9,0,0,1,0
325,Sala,56,Hombre,0,0,0,1.03,17.6,0,0,0,NA
326,UCI,82,Hombre,1,0,0,2.09,107.6,0,0,0,NA
327,UCI,37,Mujer,0,1,0,1.61,95.1,0,0,1,0
328,UCI,90,Hombre,0,1,1,1.62,181.3,3,1,0,NA
329,UCI,71,Hombre,0,0,0,0.94,66.2,0,0,0,NA
330,Sala,18,Hombre,1,0,0,0.57,17.6,0,0,0,NA
331,Sala,32,Mujer,0,0,0,0.69,116.3,1,0,0,NA
332,Sala,57,Mujer,0,0,0,0.89,102.9,1,0,0,NA
333,Sala,84,Hombre,1,0,0,1.05,72,0,0,0,NA
334,Sala,69,Mujer,0,0,0,1.77,163.4,0,0,1,0
335,UCI,66,Hombre,0,0,0,1.49,22.6,0,0,0,NA
336,UCI,43,Mujer,0,1,1,1.34,525.2,3,1,1,1
337,Sala,79,Hombre,1,0,0,0.44,349.1,0,0,1,0
338,Sala,66,Hombre,1,0,0,0.67,90.7,0,0,1,0
339,Sala,72,Hombre,0,0,1,1.22,269.2,3,1,1,1
340,Sala,61,Mujer,0,0,0,1.01,197.1,0,0,0,NA
341,Sala,85,Hombre,1,0,0,1.12,29.9,1,0,0,NA
342,Sala,46,Hombre,0,1,0,0.77,35.7,0,0,1,0
343,Sala,70,Hombre,0,0,0,1.08,24.3,0,0,0,NA
344,Sala,46,Hombre,1,1,0,1.14,344.6,0,0,1,0
345,Sala,57,Hombre,1,0,0,0.92,183.5,0,0,0,NA
346,Sala,59,Hombre,0,0,0,1.37,94.4,0,0,0,NA
347,Sala,56,Hombre,1,0,1,1.13,47.5,0,0,0,NA
348,UCI,55,Hombre,0,0,1,0.91,27.4,0,0,0,NA
349,Sala,39,Hombre,1,1,0,1.11,180,0,0,1,0
350,Sala,46,Mujer,0,0,0,0.47,46.6,0,0,0,NA
351,Sala,54,Hombre,0,0,1,1.04,51.8,0,0,0,NA
352,Sala,58,Mujer,0,0,1,1.29,66.7,0,0,1,0
353,Sala,57,Mujer,0,0,0,0.72,34.3,0,0,1,0
354,Sala,70,Mujer,0,1,0,1.18,120.2,0,0,1,0
355,Sala,27,Mujer,0,0,0,1.02,53.9,0,0,0,NA
356,UCI,79,Hombre,1,0,0,1.02,255.2,3,1,1,1
357,Sala,52,Hombre,0,0,0,0.98,14.4,0,0,0,NA
358,Sala,74,Hombre,0,0,0,1.33,65.6,0,0,0,NA
359,Sala,61,Mujer,1,0,0,1.37,114.7,0,0,0,NA
360,UCI,75,Hombre,0,0,0,1.04,60,0,0,0,NA
361,Sala,82,Mujer,0,0,0,0.94,138.2,0,0,0,NA
362,Sala,79,Hombre,0,1,0,1.38,211.2,0,0,1,0
363,Sala,75,Mujer,1,0,0,1.29,176.2,0,0,1,0
364,UCI,47,Mujer,0,0,1,0.72,40.9,0,0,0,NA
365,Sala,57,Hombre,0,0,0,0.93,42.1,0,0,0,NA
366,Sala,58,Hombre,0,0,0,1.1,71.7,0,0,0,NA
367,Sala,72,Mujer,1,0,0,1.06,97.9,1,0,0,NA
368,UCI,69,Hombre,0,1,0,0.91,438.5,2,1,0,NA
369,UCI,63,Hombre,0,1,1,1.36,47.1,0,0,0,NA
370,Sala,80,Mujer,1,0,0,1.62,359.1,0,0,1,0
371,Sala,62,Mujer,0,0,0,0.91,238.6,1,0,1,0
372,Sala,45,Hombre,0,0,1,0.53,42.3,0,0,0,NA
373,UCI,68,Hombre,1,0,0,1.29,36.6,0,0,0,NA
374,UCI,30,Mujer,0,1,0,1.1,284.7,0,0,1,0
375,Sala,68,Mujer,0,0,1,0.73,141.2,0,0,0,NA
376,UCI,64,Hombre,0,0,0,1.07,16.6,0,0,0,NA
377,Sala,82,Hombre,1,0,0,1.13,67.3,0,0,1,0
378,UCI,72,Mujer,0,0,0,1.33,60.9,0,0,1,0
379,Sala,95,Mujer,0,0,0,0.96,45.6,0,0,0,NA
380,Sala,52,Mujer,0,0,0,0.59,53.9,0,0,1,0
381,Sala,54,Mujer,0,0,0,1.4,49.6,0,0,0,NA
382,Sala,80,Hombre,0,0,1,0.71,60.9,0,0,1,0
383,Sala,80,Mujer,1,0,0,1.09,85.8,0,0,0,NA
384,UCI,52,Hombre,0,0,1,0.96,370.1,3,1,1,1
385,UCI,71,Mujer,1,1,0,1.26,253.5,3,1,1,1
386,Sala,55,Hombre,0,0,0,0.98,37.1,1,0,0,NA
387,UCI,74,Hombre,0,0,1,0.75,54.5,0,0,0,NA
388,UCI,49,Hombre,1,1,0,1.6,374.4,0,0,1,0
389,Sala,67,Mujer,0,0,0,1.36,80.1,0,0,0,NA
390,UCI,93,Mujer,0,0,0,0.96,180.8,1,0,1,0
391,Sala,43,Hombre,0,0,1,0.82,53.6,0,0,0,NA
392,Sala,61,Hombre,0,0,0,1.21,240.8,0,0,0,NA
393,Sala,65,Hombre,0,0,0,0.95,176.5,0,0,1,0
394,UCI,83,Hombre,0,1,1,0.95,80.8,0,0,1,0
395,Sala,53,Hombre,1,0,0,0.53,36.8,0,0,0,NA
396,Sala,30,Hombre,0,0,0,0.74,168.7,0,0,0,NA
397,UCI,84,Hombre,0,1,0,2.26,350.5,0,0,1,0
398,UCI,93,Mujer,0,0,0,1.19,16.7,0,0,0,NA
399,Sala,79,Hombre,0,0,0,0.61,32.8,0,0,0,NA
400,UCI,55,Mujer,0,0,0,1.1,363.7,0,0,1,0
401,Sala,54,Mujer,0,0,0,0.62,14.6,0,0,0,NA
402,UCI,82,Hombre,0,0,0,1.08,129.2,0,0,0,NA
403,UCI,68,Mujer,1,0,0,1.41,86.4,0,0,0,NA
404,Sala,63,Hombre,1,0,1,0.99,40.8,0,0,0,NA
405,UCI,80,Mujer,0,1,1,1.28,118.7,0,0,1,0
406,UCI,41,Mujer,1,1,0,0.71,497.4,2,1,1,1
407,UCI,90,Hombre,0,0,0,1.12,59.8,0,0,0,NA
408,UCI,55,Hombre,0,1,0,1.32,52.3,0,0,1,0
409,Sala,80,Hombre,1,0,1,0.91,20.4,1,0,0,NA
410,Sala,43,Mujer,1,0,0,1.15,121.1,0,0,0,NA
411,Sala,53,Mujer,1,0,0,0.77,124.6,0,0,1,0
412,Sala,95,Mujer,0,0,1,0.92,73.5,0,0,1,0
413,Sala,32,Hombre,0,0,0,1.48,215.3,0,0,1,0
414,Sala,59,Hombre,0,0,1,0.84,123.8,0,0,1,0
415,UCI,75,Hombre,0,1,0,1.74,108.4,0,0,1,0
416,Sala,34,Hombre,0,0,0,0.83,82.9,0,0,1,0
417,Sala,69,Mujer,0,0,0,0.82,80.3,0,0,1,0
418,Sala,89,Hombre,1,0,0,1.22,218.7,1,0,1,0
419,Sala,56,Mujer,1,0,0,0.85,96,0,0,1,0
420,UCI,77,Mujer,0,0,0,1.9,175.2,1,0,0,NA
421,Sala,74,Mujer,0,0,0,1.29,26.3,0,0,0,NA
422,Sala,95,Mujer,0,0,0,0.66,57.2,0,0,0,NA
423,Sala,64,Hombre,0,0,0,0.7,75,0,0,1,0
424,UCI,75,Mujer,0,1,0,1.12,30.7,2,1,1,1
425,Sala,52,Mujer,0,0,0,0.99,28.6,1,0,0,NA
426,Sala,92,Hombre,0,0,0,1.01,109.8,0,0,1,0
427,Sala,57,Hombre,0,0,0,1.12,25,0,0,0,NA
428,Sala,73,Mujer,0,0,0,1.66,54.5,0,0,0,NA
429,Sala,49,Mujer,0,0,0,0.69,112.4,0,0,1,0
430,UCI,72,Hombre,0,0,0,1.6,370.5,2,1,1,1
431,UCI,86,Mujer,0,1,0,1.15,43.7,2,1,1,1
432,Sala,56,Mujer,0,0,0,1.06,43.7,0,0,0,NA
433,UCI,80,Hombre,0,1,1,0.89,256.5,3,1,1,1
434,Sala,59,Mujer,0,0,0,0.92,149.3,0,0,1,0
435,UCI,70,Mujer,0,0,1,1.44,347.9,0,0,1,0
436,Sala,63,Hombre,0,0,0,0.99,290.1,0,0,1,0
437,UCI,58,Hombre,0,1,1,1.59,101,0,0,1,0
438,UCI,84,Hombre,1,1,0,1.18,90.1,0,0,0,NA
439,Sala,58,Hombre,0,0,0,0.96,269.4,1,0,1,0
440,Sala,51,Mujer,1,0,0,1.06,125,0,0,1,0
441,Sala,67,Mujer,0,0,0,1.19,19.7,0,0,0,NA
442,UCI,68,Mujer,0,1,0,0.91,66.3,0,0,1,0
443,UCI,78,Hombre,0,0,1,0.64,69.5,0,0,0,NA
444,Sala,65,Mujer,1,0,0,0.81,31.8,1,0,0,NA
445,Sala,94,Hombre,0,0,0,0.77,44.4,0,0,0,NA
446,UCI,60,Mujer,0,1,0,0.93,71.3,0,0,0,NA
447,UCI,53,Mujer,0,1,0,1.35,107.8,0,0,0,NA
448,UCI,95,Hombre,0,0,0,1.58,40.2,0,0,1,0
449,UCI,64,Hombre,0,0,1,0.64,46,0,0,1,0
450,UCI,65,Hombre,0,0,0,1.26,77.3,2,1,0,NA
451,Sala,32,Hombre,0,0,0,0.94,65.2,1,0,0,NA
452,Sala,52,Hombre,1,0,0,0.84,59.8,0,0,1,0
453,Sala,76,Mujer,1,0,0,0.9,65.5,0,0,0,NA
454,Sala,77,Mujer,1,0,0,1.02,269.8,3,1,0,NA
455,Sala,36,Hombre,1,0,0,1.22,72.2,0,0,1,0
456,Sala,62,Hombre,0,1,0,1.98,367.7,0,0,1,0
457,Sala,67,Hombre,0,0,0,0.97,208.7,0,0,0,NA
458,Sala,52,Hombre,0,0,0,0.78,190,2,1,1,1
459,Sala,94,Hombre,0,0,0,1.24,270.2,0,0,1,0
460,Sala,81,Hombre,1,1,1,1.25,220.6,0,0,1,0
461,Sala,50,Hombre,0,0,0,0.9,16.4,0,0,0,NA
462,Sala,50,Mujer,1,0,0,1.32,101.7,0,0,1,0
463,UCI,47,Mujer,0,0,0,1.18,56.6,0,0,0,NA
464,Sala,58,Hombre,0,0,0,0.56,86.7,0,0,0,NA
465,Sala,77,Mujer,1,0,0,0.71,49.2,0,0,0,NA
466,Sala,57,Hombre,0,0,0,0.79,18.1,0,0,0,NA
467,UCI,73,Mujer,0,0,0,1.38,28.7,0,0,0,NA
468,Sala,59,Hombre,0,1,0,1.59,557.7,2,1,1,1
469,UCI,56,Mujer,1,0,0,0.92,97.9,0,0,0,NA
470,Sala,76,Mujer,0,0,1,0.99,34.7,1,0,0,NA
471,UCI,86,Mujer,0,0,0,0.99,337.6,2,1,1,1
472,Sala,47,Hombre,0,0,0,1.17,166,0,0,0,NA
473,Sala,47,Mujer,0,0,1,0.81,59.2,0,0,0,NA
474,Sala,70,Mujer,0,0,0,0.52,25.4,0,0,1,0
475,Sala,61,Mujer,0,0,0,1.22,9.6,0,0,0,NA
476,Sala,70,Mujer,0,0,0,1.17,33.8,0,0,0,NA
477,Sala,55,Hombre,1,0,1,0.62,116.5,0,0,1,0
478,UCI,79,Hombre,0,0,0,0.63,74.8,1,0,0,NA
479,Sala,73,Mujer,1,0,1,0.91,24.1,0,0,0,NA
480,UCI,95,Mujer,1,0,0,1.21,222.9,0,0,1,0
481,Sala,48,Mujer,0,0,0,1.29,27.4,0,0,1,0
482,Sala,64,Mujer,1,0,0,1.12,93.5,2,1,1,1
483,Sala,51,Hombre,0,0,0,1.49,201.4,1,0,1,0
484,UCI,52,Hombre,0,0,0,0.96,109.7,2,1,1,1
485,Sala,65,Hombre,0,0,0,0.99,58.4,1,0,0,NA
486,Sala,69,Mujer,0,0,0,1.2,45.3,0,0,0,NA
487,Sala,69,Mujer,1,1,0,1.77,672.5,3,1,1,1
488,Sala,59,Hombre,0,0,1,0.74,99.4,1,0,0,NA
489,Sala,61,Hombre,0,0,0,0.97,17.1,0,0,0,NA
490,Sala,76,Mujer,1,0,0,1.29,61.4,0,0,1,0
491,Sala,43,Mujer,0,0,0,0.64,26.6,1,0,0,NA
492,Sala,57,Mujer,1,0,1,1.43,32.8,0,0,1,0
493,Sala,52,Mujer,0,0,0,0.99,112.4,0,0,1,0
494,Sala,54,Hombre,0,0,0,1.05,34.9,0,0,1,0
495,Sala,39,Mujer,1,1,0,1.59,319.3,0,0,1,0
496,Sala,72,Mujer,0,0,0,1.19,775.9,2,1,1,1
497,UCI,52,Hombre,0,1,0,1.21,111.5,0,0,0,NA
498,Sala,60,Mujer,0,0,0,1.57,100.2,0,0,0,NA
499,Sala,63,Hombre,0,1,0,0.7,37.3,0,0,0,NA
500,UCI,51,Hombre,0,1,1,1.65,486.5,3,1,1,1
501,UCI,55,Hombre,0,0,0,1.36,108.1,0,0,1,0
502,Sala,83,Mujer,0,0,0,1.15,28.7,0,0,1,0
503,UCI,51,Hombre,0,0,1,1.86,202.6,3,1,1,1
504,UCI,58,Mujer,0,1,0,0.59,131.6,2,1,1,1
505,Sala,48,Mujer,0,0,0,1.25,148.1,0,0,1,0
506,UCI,71,Hombre,0,0,0,1.05,99.7,1,0,0,NA
507,UCI,76,Hombre,1,0,1,0.96,189,2,1,1,1
508,UCI,62,Mujer,0,0,0,1.48,178.5,0,0,0,NA
509,UCI,59,Mujer,0,1,0,1.57,157.6,3,1,0,NA
510,UCI,91,Mujer,0,0,0,0.76,192,0,0,0,NA
511,UCI,54,Mujer,0,1,0,0.75,105.7,0,0,0,NA
512,Sala,52,Mujer,1,0,0,0.72,115.5,0,0,1,0
513,Sala,54,Mujer,0,0,0,1.06,89.2,0,0,1,0
514,Sala,72,Hombre,0,0,1,0.96,35.7,0,0,0,NA
515,Sala,39,Mujer,0,1,0,1.08,114.7,0,0,1,0
516,Sala,94,Hombre,0,0,0,1.12,33.2,0,0,0,NA
517,Sala,58,Mujer,0,0,0,1.35,82.9,0,0,1,0
518,UCI,54,Hombre,0,0,0,1.12,52.4,0,0,1,0
519,Sala,58,Hombre,0,0,0,0.7,361.8,2,1,1,1
520,UCI,58,Hombre,0,0,0,0.84,494.3,2,1,1,1
521,Sala,76,Hombre,1,0,0,0.63,77.7,0,0,0,NA
522,Sala,78,Hombre,1,0,0,0.59,388.7,3,1,1,1
523,Sala,72,Hombre,1,0,0,1.25,18.8,0,0,0,NA
524,UCI,74,Mujer,1,1,1,1.09,682.6,3,1,1,1
525,Sala,65,Mujer,0,0,0,1.4,66.1,0,0,0,NA
526,Sala,87,Hombre,0,0,0,0.83,158.7,2,1,0,NA
527,Sala,59,Hombre,1,0,0,0.86,53.5,0,0,0,NA
528,Sala,71,Hombre,0,0,1,0.89,161,0,0,0,NA
529,Sala,61,Hombre,0,1,0,0.95,121.8,0,0,1,0
530,Sala,85,Mujer,0,0,0,0.63,73.7,0,0,0,NA
531,Sala,71,Hombre,0,0,0,0.99,42.9,0,0,0,NA
532,Sala,39,Hombre,0,0,0,0.47,33.5,0,0,0,NA
533,Sala,78,Hombre,0,0,0,1.05,14.1,0,0,0,NA
534,Sala,65,Mujer,1,0,0,0.75,365.8,2,1,1,1
535,UCI,94,Hombre,0,0,0,1.13,194.4,1,0,1,0
536,Sala,58,Mujer,0,0,0,1.14,80,2,1,0,NA
537,UCI,58,Mujer,0,0,0,1.07,42.5,0,0,0,NA
538,UCI,69,Mujer,0,0,0,1.05,33,1,0,0,NA
539,Sala,51,Hombre,0,0,0,0.96,25.9,0,0,0,NA
540,UCI,62,Mujer,0,0,0,1.03,74.7,0,0,1,0
541,Sala,37,Mujer,0,0,0,0.52,62,0,0,0,NA
542,Sala,79,Mujer,0,0,0,1.5,308.4,3,1,1,1
543,UCI,43,Mujer,0,1,1,1.97,267.9,2,1,1,1
544,Sala,59,Mujer,0,0,0,0.94,106.5,0,0,1,0
545,Sala,49,Hombre,1,1,1,1.47,469.9,2,1,1,1
546,Sala,60,Hombre,1,0,0,0.65,64.3,1,0,1,0
547,Sala,65,Hombre,0,0,0,1.67,82.8,3,1,0,NA
548,Sala,62,Hombre,0,0,0,0.95,30.6,0,0,0,NA
549,Sala,70,Mujer,0,0,0,1.07,54.5,0,0,0,NA
550,Sala,74,Mujer,1,0,0,1.22,191.2,0,0,1,0
551,Sala,66,Hombre,0,0,0,0.73,80.2,0,0,0,NA
552,UCI,86,Hombre,0,1,1,0.97,132.3,2,1,1,1
553,UCI,63,Hombre,0,0,0,1.04,19.6,0,0,0,NA
554,Sala,60,Hombre,0,0,0,1.34,165,1,0,1,0
555,Sala,73,Hombre,1,1,0,1.25,31.1,0,0,0,NA
556,Sala,69,Hombre,0,0,0,0.77,372.7,0,0,0,NA
557,Sala,39,Hombre,0,0,0,0.95,71.8,0,0,1,0
558,Sala,67,Mujer,0,0,1,1.19,22.1,0,0,0,NA
559,Sala,49,Mujer,0,0,0,1.1,46.1,0,0,0,NA
560,Sala,74,Hombre,0,0,1,1.27,14.8,1,0,0,NA
561,UCI,89,Hombre,0,0,0,1.11,434.4,3,1,1,1
562,UCI,95,Mujer,0,0,1,1.4,69,0,0,0,NA
563,UCI,61,Mujer,0,0,0,1.1,459.1,2,1,1,1
564,UCI,63,Hombre,0,0,0,1.23,153,0,0,0,NA
565,UCI,64,Mujer,1,1,1,1.21,130.4,2,1,0,NA
566,UCI,44,Hombre,0,1,1,1.02,326.1,1,0,1,0
567,UCI,80,Hombre,0,0,0,0.93,33.2,0,0,0,NA
568,UCI,82,Mujer,0,1,0,0.7,331.7,0,0,0,NA
569,Sala,76,Mujer,0,0,0,1.61,63.7,0,0,0,NA
570,Sala,72,Hombre,0,0,1,0.78,54.5,0,0,0,NA
571,Sala,64,Mujer,0,0,0,1.13,62.8,0,0,1,0
572,Sala,74,Mujer,0,0,0,0.76,81.2,1,0,1,0
573,Sala,55,Mujer,0,0,0,1.36,83.6,0,0,1,0
574,Sala,86,Mujer,0,0,0,1.36,225.1,0,0,0,NA
575,Sala,70,Hombre,0,0,0,0.6,64.5,0,0,0,NA
576,UCI,41,Hombre,0,0,0,1.12,35.7,0,0,1,0
577,Sala,90,Hombre,0,0,0,1.17,53.8,0,0,0,NA
578,Sala,62,Hombre,0,0,0,0.73,82.1,0,0,0,NA
579,Sala,56,Hombre,0,0,0,1.32,49.5,0,0,0,NA
580,UCI,70,Mujer,1,1,0,0.97,269.4,2,1,1,1
581,UCI,83,Hombre,0,0,0,0.83,57.1,1,0,0,NA
582,Sala,36,Hombre,0,0,0,0.96,72.2,0,0,1,0
583,Sala,39,Hombre,0,0,0,0.81,39,0,0,0,NA
584,UCI,43,Hombre,0,1,0,1.54,476.8,3,1,1,1
585,Sala,56,Hombre,0,0,0,0.64,65.7,0,0,0,NA
586,Sala,72,Mujer,0,0,0,1.3,128.7,2,1,1,1
587,UCI,80,Hombre,1,0,0,1.07,365.1,2,1,1,1
588,Sala,60,Hombre,0,0,0,1.08,28.1,0,0,0,NA
589,Sala,53,Hombre,0,1,0,0.95,22,0,0,0,NA
590,Sala,43,Mujer,0,0,0,0.63,70.9,0,0,0,NA
591,Sala,52,Mujer,0,0,1,0.63,92.8,3,1,0,NA
592,Sala,54,Hombre,0,0,0,0.81,173.4,0,0,1,0
593,UCI,37,Hombre,0,0,0,0.74,95.9,1,0,0,NA
594,Sala,77,Hombre,0,0,0,2.84,21.5,0,0,0,NA
595,UCI,41,Mujer,0,1,0,1.01,80.6,0,0,0,NA
596,UCI,69,Hombre,1,0,0,1.03,354,3,1,0,NA
597,UCI,92,Mujer,1,0,0,0.99,570.7,2,1,1,1
598,UCI,59,Hombre,0,1,1,1.15,111.6,2,1,1,1
599,Sala,59,Mujer,0,0,0,1.27,21.2,0,0,0,NA
600,Sala,57,Mujer,0,0,0,0.83,7.6,0,0,0,NA
601,UCI,74,Hombre,0,0,0,1.03,19.1,1,0,0,NA
602,Sala,73,Hombre,0,0,0,1.72,51.9,0,0,1,0
603,Sala,28,Mujer,0,0,0,1.09,74.6,0,0,0,NA
604,Sala,60,Hombre,0,0,0,1.12,8.1,1,0,0,NA
605,Sala,57,Mujer,0,0,1,0.88,177.9,0,0,1,0
606,Sala,52,Mujer,0,0,0,1.14,70.2,1,0,1,0
607,Sala,88,Mujer,0,0,0,1.11,32.4,0,0,0,NA
608,Sala,38,Mujer,1,1,0,1.23,248.9,0,0,1,0
609,Sala,29,Mujer,0,0,0,0.78,68.1,0,0,0,NA
610,UCI,52,Mujer,0,1,0,0.9,102.6,0,0,0,NA
611,Sala,60,Mujer,1,0,0,0.67,28.1,0,0,0,NA
612,UCI,47,Mujer,0,1,1,1.58,78.8,0,0,1,0
613,UCI,93,Hombre,0,0,0,1.7,74.3,0,0,0,NA
614,Sala,66,Hombre,0,0,0,0.58,14.1,0,0,0,NA
615,Sala,45,Hombre,0,0,0,0.73,70.1,0,0,1,0
616,Sala,61,Hombre,1,1,0,0.8,142.3,3,1,1,1
617,Sala,76,Mujer,0,0,0,1.05,200.1,3,1,0,NA
618,UCI,70,Hombre,0,0,1,1.29,239.1,3,1,0,NA
619,Sala,49,Hombre,0,0,0,1.02,94.6,0,0,0,NA
620,UCI,57,Hombre,0,0,0,0.8,91.7,0,0,0,NA
621,Sala,42,Hombre,0,0,0,0.92,51.7,0,0,1,0
622,Sala,57,Mujer,0,0,0,1.19,53.6,0,0,1,0
623,Sala,41,Hombre,0,0,0,0.64,41.8,0,0,0,NA
624,Sala,79,Hombre,0,0,1,0.86,28.2,0,0,0,NA
625,Sala,79,Hombre,1,0,0,1.24,221.5,0,0,1,0
626,Sala,63,Hombre,1,0,0,1.08,140.8,0,0,0,NA
627,UCI,72,Mujer,0,0,1,0.58,45,0,0,1,0
628,Sala,71,Hombre,0,0,0,1.42,31,0,0,0,NA
629,Sala,52,Hombre,1,0,0,1.39,159.5,0,0,1,0
630,Sala,75,Hombre,1,0,0,1.07,54.8,0,0,0,NA
631,Sala,58,Mujer,0,0,1,0.55,87.4,0,0,0,NA
632,Sala,65,Hombre,1,1,0,1.6,331.9,3,1,1,1
633,Sala,62,Hombre,0,0,0,0.82,16.5,0,0,1,0
634,Sala,68,Mujer,0,0,1,1.09,8.3,0,0,0,NA
635,Sala,58,Mujer,0,1,0,1.32,74.4,0,0,1,0
636,Sala,28,Mujer,0,0,0,1.08,44.7,0,0,0,NA
637,Sala,40,Mujer,0,1,0,0.66,272.7,3,1,0,NA
638,Sala,25,Mujer,0,0,0,0.88,246.2,2,1,1,1
639,UCI,46,Mujer,0,1,0,0.82,136.7,0,0,1,0
640,Sala,65,Hombre,0,0,0,1.28,200.2,1,0,0,NA
641,Sala,60,Hombre,1,0,0,0.97,44.2,0,0,0,NA
642,Sala,58,Hombre,0,0,0,0.82,47.9,0,0,0,NA
643,Sala,46,Mujer,0,0,0,1.28,110.8,0,0,1,0
644,Sala,63,Hombre,0,0,0,0.95,71.2,0,0,0,NA
645,Sala,75,Hombre,0,0,0,1.41,46.3,0,0,0,NA
646,Sala,43,Mujer,0,0,0,0.89,85.1,0,0,0,NA
647,Sala,47,Mujer,0,0,0,1.51,90.4,0,0,0,NA
648,Sala,45,Mujer,0,0,1,1.53,64.1,0,0,1,0
649,Sala,60,Hombre,1,0,0,1.07,57.8,0,0,0,NA
650,UCI,41,Hombre,0,0,0,1.15,224.2,0,0,1,0
651,Sala,75,Mujer,1,0,0,0.8,31.5,0,0,1,0
652,UCI,60,Hombre,0,0,0,1.4,66.2,0,0,1,0
653,UCI,62,Hombre,0,0,0,0.97,78.7,0,0,1,0
654,Sala,80,Mujer,0,0,0,2.01,73.8,0,0,1,0
655,Sala,61,Hombre,0,0,0,0.82,51.1,0,0,0,NA
656,UCI,62,Hombre,0,1,1,1,89.8,0,0,1,0
657,UCI,74,Hombre,0,1,0,1.68,388.6,2,1,0,NA
658,Sala,56,Mujer,1,0,0,0.75,54.9,0,0,0,NA
659,Sala,69,Mujer,0,1,0,0.53,35.7,0,0,0,NA
660,Sala,36,Mujer,1,1,1,1.35,523,2,1,1,1
661,UCI,89,Hombre,0,0,0,1.01,22.6,0,0,0,NA
662,Sala,52,Mujer,0,0,0,0.8,63,0,0,0,NA
663,Sala,74,Mujer,0,1,0,0.65,173,2,1,1,1
664,Sala,89,Hombre,0,0,0,0.68,48.2,0,0,0,NA
665,Sala,66,Hombre,0,0,0,1.35,61.1,0,0,1,0
666,Sala,68,Mujer,0,0,0,1.18,51.2,0,0,0,NA
667,Sala,74,Mujer,0,0,0,1.61,45,0,0,0,NA
668,Sala,75,Hombre,0,0,1,1.3,19.3,1,0,0,NA
669,Sala,72,Hombre,0,0,0,0.67,53.9,3,1,0,NA
670,UCI,53,Hombre,0,0,0,0.94,167.2,0,0,0,NA
671,Sala,85,Mujer,0,0,0,1.38,18.9,0,0,0,NA
672,Sala,69,Mujer,0,0,0,1.35,1050,1,0,1,0
673,Sala,59,Hombre,0,0,0,1.13,53.3,1,0,0,NA
674,Sala,58,Hombre,0,0,0,0.76,42,1,0,0,NA
675,UCI,71,Mujer,0,1,1,0.93,2101.9,3,1,1,1
676,Sala,81,Hombre,0,0,0,1.28,38.8,0,0,0,NA
677,Sala,45,Hombre,0,1,1,1.08,78.1,0,0,1,0
678,Sala,57,Hombre,0,0,1,1.78,167.6,0,0,0,NA
679,Sala,51,Hombre,0,0,1,1.46,48.7,0,0,1,0
680,Sala,80,Mujer,0,0,0,1,58.7,0,0,0,NA
681,Sala,80,Hombre,1,0,0,0.93,74.9,0,0,0,NA
682,UCI,64,Hombre,0,0,0,1.16,427,3,1,1,1
683,Sala,74,Hombre,0,0,0,1.15,51.1,0,0,0,NA
684,Sala,72,Hombre,0,0,1,1.18,124.4,0,0,0,NA
685,Sala,65,Hombre,0,0,0,0.82,78.2,1,0,1,0
686,Sala,78,Mujer,1,0,1,1.14,86.9,0,0,0,NA
687,Sala,74,Mujer,0,0,0,0.63,171.9,0,0,1,0
688,Sala,50,Hombre,0,0,0,1.03,40.8,0,0,0,NA
689,UCI,72,Mujer,0,1,0,1.03,90.9,1,0,1,0
690,UCI,70,Mujer,0,1,0,1.3,113.7,0,0,1,0
691,UCI,28,Hombre,0,0,0,0.85,392.2,3,1,1,1
692,Sala,67,Hombre,0,0,1,0.94,54,0,0,0,NA
693,UCI,87,Hombre,0,1,1,1.6,197.6,3,1,1,1
694,Sala,87,Mujer,1,0,0,1.07,24.4,0,0,0,NA
695,UCI,67,Mujer,0,0,0,0.76,28.8,0,0,1,0
696,Sala,62,Mujer,0,0,0,2.42,79.2,0,0,1,0
697,Sala,69,Mujer,0,0,0,1.37,67.4,0,0,1,0
698,UCI,48,Mujer,0,1,0,0.99,76.5,0,0,1,0
699,Sala,58,Hombre,1,0,0,2.18,141.7,0,0,1,0
700,Sala,62,Mujer,0,0,0,0.98,71.6,0,0,1,0
701,Sala,51,Hombre,0,0,0,1.15,44.9,0,0,1,0
702,UCI,84,Hombre,0,0,1,1.04,29.3,0,0,0,NA
703,Sala,52,Mujer,0,0,0,0.77,123.3,1,0,0,NA
704,UCI,52,Mujer,1,0,0,1.29,152.6,0,0,0,NA
705,UCI,79,Mujer,0,1,0,1.03,92.6,0,0,0,NA
706,UCI,63,Hombre,0,0,0,1.05,22.9,0,0,0,NA
707,Sala,56,Mujer,0,0,0,1.28,28.1,0,0,0,NA
708,Sala,72,Mujer,0,1,0,0.77,90.4,0,0,1,0
709,Sala,57,Mujer,0,0,0,0.74,62.6,0,0,0,NA
710,Sala,68,Mujer,0,1,0,1.08,110.6,0,0,1,0
711,Sala,54,Mujer,0,0,0,1.19,51.1,1,0,0,NA
712,UCI,39,Mujer,0,1,1,1.39,235.7,3,1,1,1
713,Sala,57,Mujer,0,0,1,0.99,206.8,0,0,1,0
714,Sala,56,Hombre,0,0,0,0.74,54.7,0,0,0,NA
715,Sala,69,Mujer,1,0,0,0.83,32.7,0,0,0,NA
716,UCI,56,Hombre,0,1,0,0.91,1404.6,3,1,1,1
717,Sala,68,Hombre,0,0,1,1.27,113.5,0,0,1,0
718,Sala,58,Mujer,1,1,1,0.92,599.6,2,1,1,1
719,Sala,62,Mujer,0,0,0,1.43,32.5,0,0,0,NA
720,Sala,67,Hombre,1,0,0,1.05,119.6,0,0,0,NA
721,UCI,62,Hombre,0,0,0,0.81,275.2,2,1,0,NA
722,Sala,39,Hombre,0,0,0,0.81,95.3,0,0,1,0
723,Sala,43,Mujer,0,0,0,1.02,83.4,0,0,0,NA
724,UCI,80,Mujer,0,0,0,0.75,42,0,0,0,NA
725,Sala,49,Hombre,0,0,0,0.76,23,0,0,0,NA
726,UCI,81,Hombre,0,1,1,0.8,291.5,2,1,1,1
727,UCI,95,Mujer,0,0,0,1.04,13.8,0,0,0,NA
728,Sala,57,Hombre,0,0,0,1.44,101.6,0,0,0,NA
729,UCI,56,Mujer,1,0,0,0.68,69.1,0,0,0,NA
730,Sala,66,Hombre,0,0,1,1.18,206.4,3,1,1,1
731,UCI,75,Hombre,0,0,0,1.03,114,0,0,0,NA
732,UCI,60,Hombre,0,1,0,0.94,100.7,0,0,1,0
733,Sala,26,Mujer,0,0,0,0.8,65.6,0,0,0,NA
734,Sala,55,Hombre,0,0,0,1.08,73.1,0,0,0,NA
735,Sala,45,Mujer,0,0,0,0.87,80.7,0,0,0,NA
736,UCI,79,Hombre,0,0,0,1.56,78.2,1,0,0,NA
737,Sala,66,Hombre,0,0,1,1.19,83.7,1,0,1,0
738,Sala,66,Mujer,1,0,0,0.71,213.9,2,1,1,1
739,Sala,65,Hombre,0,0,1,0.84,24.8,0,0,0,NA
740,Sala,51,Mujer,0,0,0,1.02,51.5,0,0,0,NA
741,Sala,84,Mujer,0,1,1,1.89,208.3,0,0,1,0
742,Sala,52,Hombre,0,0,1,1.77,58,0,0,1,0
743,UCI,69,Mujer,0,1,0,1.25,332.7,2,1,1,1
744,Sala,73,Hombre,1,0,0,1.07,121.3,0,0,1,0
745,Sala,51,Hombre,0,0,0,0.76,87.2,1,0,1,0
746,UCI,89,Hombre,0,1,0,1.35,140.3,0,0,1,0
747,Sala,95,Hombre,1,0,0,0.99,156.8,0,0,1,0
748,UCI,44,Hombre,0,0,0,1.01,149.6,0,0,1,0
749,Sala,77,Hombre,1,0,0,1.01,137.1,2,1,0,NA
750,UCI,71,Mujer,0,0,0,0.57,50.5,2,1,0,NA
751,Sala,81,Mujer,0,0,0,0.98,35,0,0,0,NA
752,Sala,67,Mujer,0,0,0,0.7,85.1,0,0,0,NA
753,Sala,60,Hombre,0,0,0,0.96,91.8,0,0,1,0
754,UCI,57,Mujer,0,0,1,1.44,101.8,0,0,1,0
755,Sala,87,Mujer,0,0,0,0.95,24.4,0,0,0,NA
756,Sala,74,Mujer,0,0,0,1.25,71.5,1,0,1,0
757,Sala,91,Hombre,1,0,1,1.9,126.7,1,0,0,NA
758,Sala,47,Mujer,0,0,0,0.96,62.4,0,0,1,0
759,UCI,80,Hombre,0,0,0,2.44,625.7,3,1,1,1
760,Sala,51,Hombre,0,0,0,0.85,472.7,2,1,1,1
761,Sala,60,Hombre,1,0,0,1.06,60.1,0,0,0,NA
762,Sala,69,Hombre,1,0,0,0.73,103.2,2,1,0,NA
763,Sala,80,Hombre,0,0,0,0.91,159.4,0,0,1,0
764,UCI,85,Hombre,0,1,1,1.62,91,1,0,0,NA
765,Sala,67,Mujer,0,0,1,0.96,27.4,0,0,0,NA
766,Sala,84,Hombre,0,0,0,0.73,161.2,2,1,1,1
767,UCI,80,Hombre,0,0,0,1.63,34.7,0,0,0,NA
768,Sala,82,Mujer,0,0,0,1.22,58,0,0,1,0
769,UCI,58,Mujer,1,1,1,1.22,260.3,2,1,1,1
770,Sala,80,Hombre,0,0,0,0.53,523.3,3,1,1,1
771,Sala,35,Mujer,0,0,0,0.85,228.3,3,1,1,1
772,UCI,54,Hombre,1,1,1,1.16,342.1,2,1,1,1
773,UCI,88,Mujer,0,0,0,1.12,108.9,2,1,1,1
774,Sala,88,Hombre,0,0,0,1.11,116.3,0,0,0,NA
775,Sala,90,Hombre,0,0,1,1.87,60.2,0,0,1,0
776,Sala,84,Hombre,1,0,0,1.79,136.7,1,0,0,NA
777,Sala,79,Mujer,1,0,0,0.93,115.4,0,0,1,0
778,UCI,69,Mujer,1,0,0,2.2,529.4,3,1,1,1
779,UCI,58,Mujer,0,1,1,0.94,415.2,2,1,1,1
780,Sala,75,Mujer,1,1,1,0.92,112.1,0,0,1,0
781,Sala,84,Hombre,0,0,0,1.37,249.1,0,0,1,0
782,Sala,57,Hombre,0,0,1,1.04,205.6,0,0,1,0
783,Sala,63,Hombre,1,0,0,0.79,202.4,0,0,1,0
784,Sala,56,Hombre,0,0,1,0.64,36.9,0,0,0,NA
785,Sala,71,Mujer,1,0,0,0.91,32.3,0,0,0,NA
786,Sala,93,Mujer,1,0,0,1.73,114.1,0,0,0,NA
787,Sala,67,Hombre,0,0,1,0.56,26,0,0,0,NA
788,Sala,95,Hombre,1,0,0,1.63,38,0,0,1,0
789,Sala,66,Mujer,0,0,1,0.4,86.6,1,0,1,0
790,Sala,47,Hombre,0,0,0,1.27,68.8,1,0,1,0
791,UCI,73,Mujer,0,1,0,1.03,184.3,2,1,0,NA
792,UCI,57,Mujer,0,1,0,1.31,140.9,3,1,0,NA
793,UCI,71,Mujer,0,1,1,1.72,155.4,0,0,1,0
794,Sala,90,Hombre,1,0,0,1.34,130.2,0,0,1,0
795,UCI,55,Mujer,1,1,0,0.96,198.6,2,1,1,1
796,UCI,81,Hombre,0,0,0,1.31,59.2,0,0,0,NA
797,Sala,83,Hombre,0,0,0,0.84,61.8,0,0,0,NA
798,UCI,78,Hombre,0,1,1,0.92,158.3,0,0,1,0
799,Sala,48,Hombre,0,0,1,1.11,81.7,0,0,1,0
800,Sala,70,Hombre,0,0,0,2.04,52.8,0,0,0,NA
801,UCI,58,Mujer,0,0,0,1.81,379.4,3,1,1,1
802,Sala,35,Hombre,0,0,1,1.2,55.1,0,0,0,NA
803,Sala,59,Mujer,1,0,0,1.7,145.3,2,1,1,1
804,Sala,64,Hombre,0,0,0,1.07,65.2,0,0,0,NA
805,Sala,79,Hombre,0,0,0,1.16,250.1,3,1,0,NA
806,Sala,64,Mujer,0,0,0,1.11,54.9,0,0,0,NA
807,Sala,77,Hombre,0,0,0,0.65,43.4,0,0,1,0
808,Sala,80,Hombre,1,0,0,1.38,88.1,0,0,0,NA
809,UCI,64,Mujer,0,0,0,0.92,85.2,0,0,0,NA
810,UCI,74,Mujer,1,0,0,0.78,117,0,0,0,NA
811,Sala,59,Hombre,0,0,0,0.87,17.6,0,0,0,NA
812,Sala,63,Hombre,0,0,0,0.92,24.2,0,0,0,NA
813,UCI,76,Hombre,0,1,0,1.74,68.6,0,0,0,NA
814,Sala,68,Hombre,0,0,0,0.55,37.5,0,0,0,NA
815,UCI,80,Mujer,0,1,0,1.18,93.4,2,1,0,NA
816,UCI,74,Hombre,0,1,0,1.29,130.9,3,1,1,1
817,UCI,62,Mujer,0,0,0,0.77,293.4,3,1,0,NA
818,Sala,94,Hombre,0,1,0,0.57,334.6,2,1,1,1
819,Sala,69,Mujer,0,0,0,1.13,48.9,0,0,0,NA
820,Sala,37,Mujer,0,0,0,1.97,83.7,0,0,0,NA
821,Sala,63,Mujer,0,0,1,1.23,234.2,2,1,1,1
822,Sala,64,Mujer,0,0,0,1.32,31.8,0,0,0,NA
823,Sala,65,Hombre,0,0,0,0.99,650.4,3,1,1,1
824,Sala,66,Mujer,0,0,1,1.15,35,0,0,1,0
825,Sala,77,Mujer,1,0,0,1.11,23.9,0,0,0,NA
826,UCI,36,Mujer,1,1,0,1.81,132.5,0,0,0,NA
827,UCI,72,Mujer,1,1,0,0.93,235,2,1,0,NA
828,UCI,77,Hombre,0,0,0,1.1,71.8,0,0,1,0
829,Sala,66,Mujer,0,0,0,0.65,12.7,0,0,0,NA
830,UCI,71,Hombre,1,1,1,1,404.3,2,1,0,NA
831,Sala,64,Hombre,0,0,1,0.82,56.5,1,0,1,0
832,Sala,39,Mujer,0,0,0,0.75,40.1,1,0,0,NA
833,Sala,50,Hombre,0,0,0,1.11,107,0,0,1,0
834,UCI,94,Mujer,0,1,0,1.27,117.1,0,0,0,NA
835,UCI,61,Mujer,0,0,0,0.75,29.2,0,0,1,0
836,Sala,53,Hombre,0,0,1,0.64,17.1,0,0,0,NA
837,UCI,65,Hombre,0,0,0,1.08,277.7,3,1,1,1
838,Sala,48,Hombre,0,1,0,1.12,131.6,0,0,0,NA
839,Sala,40,Mujer,0,0,1,0.71,95.1,0,0,1,0
840,UCI,41,Hombre,1,1,0,0.76,132.6,0,0,1,0
841,UCI,43,Hombre,0,0,0,0.81,32.1,0,0,0,NA
842,Sala,59,Hombre,0,0,0,1.12,76.3,0,0,0,NA
843,Sala,71,Mujer,0,1,0,0.92,32,0,0,0,NA
844,Sala,71,Hombre,1,1,1,1.29,83.2,0,0,1,0
845,UCI,86,Hombre,1,1,1,1.7,624.6,3,1,1,1
846,UCI,84,Hombre,0,1,0,1.42,57,1,0,0,NA
847,Sala,64,Hombre,0,0,0,1.09,36,0,0,0,NA
848,Sala,54,Hombre,0,0,0,0.69,24,0,0,0,NA
849,Sala,47,Mujer,0,0,0,0.95,19.3,0,0,0,NA
850,Sala,46,Hombre,0,0,0,0.86,138.1,3,1,0,NA
851,Sala,64,Hombre,0,0,0,1.08,52,0,0,0,NA
852,Sala,45,Hombre,0,1,0,0.78,237,0,0,1,0
853,Sala,57,Hombre,0,0,0,0.99,45.8,0,0,0,NA
854,UCI,37,Hombre,0,1,0,1.28,349.1,2,1,0,NA
855,UCI,62,Hombre,0,0,1,1.23,40,0,0,0,NA
856,Sala,49,Hombre,1,1,0,0.98,186.5,0,0,0,NA
857,Sala,64,Hombre,1,0,0,1.89,101,2,1,1,1
858,UCI,48,Mujer,0,0,1,0.87,197.2,1,0,1,0
859,Sala,57,Mujer,0,0,0,1.52,14.5,0,0,0,NA
860,Sala,79,Hombre,0,0,0,1.56,124.5,0,0,1,0
861,Sala,37,Hombre,0,0,0,0.64,96,0,0,1,0
862,Sala,65,Mujer,0,0,1,0.54,80.7,1,0,1,0
863,UCI,69,Mujer,0,0,1,0.6,25.5,0,0,0,NA
864,UCI,56,Hombre,0,0,1,1.02,40.4,0,0,0,NA
865,Sala,74,Hombre,0,0,1,1.18,97.7,1,0,0,NA
866,Sala,30,Hombre,0,0,0,1.36,211.6,0,0,0,NA
867,UCI,55,Hombre,0,1,0,0.6,92,0,0,1,0
868,UCI,95,Hombre,0,0,1,1.4,74.2,2,1,1,1
869,Sala,85,Hombre,1,0,0,1,68.2,0,0,0,NA
870,Sala,42,Hombre,0,0,0,0.76,29.6,0,0,0,NA
871,Sala,75,Mujer,0,0,0,0.71,23.9,0,0,0,NA
872,Sala,64,Hombre,0,0,0,0.97,55,0,0,1,0
873,Sala,93,Mujer,1,1,1,2.12,172.6,0,0,1,0
874,UCI,55,Hombre,0,1,1,1.19,1215.4,3,1,1,1
875,UCI,55,Mujer,0,0,0,0.98,67.2,0,0,0,NA
876,Sala,58,Mujer,0,0,0,1.32,298,2,1,1,1
877,Sala,60,Mujer,1,0,0,1.12,109.7,0,0,1,0
878,Sala,78,Hombre,0,0,1,0.97,156.2,1,0,1,0
879,Sala,61,Mujer,0,0,0,1.38,91.8,0,0,1,0
880,Sala,68,Hombre,0,0,0,0.66,37.7,0,0,0,NA
881,UCI,80,Mujer,1,1,0,0.85,1482.5,3,1,1,1
882,Sala,40,Mujer,0,0,0,1.01,71.2,1,0,0,NA
883,Sala,84,Hombre,0,0,1,0.93,185,0,0,1,0
884,UCI,79,Mujer,1,1,0,1.43,1697.8,3,1,1,1
885,UCI,74,Mujer,0,0,0,0.6,23.1,0,0,0,NA
886,Sala,82,Mujer,1,0,0,0.89,443.1,0,0,1,0
887,UCI,79,Mujer,0,0,0,1.21,152,0,0,1,0
888,UCI,83,Hombre,0,1,0,1.4,60.6,0,0,0,NA
889,Sala,55,Hombre,0,0,0,0.67,86.3,0,0,1,0
890,Sala,85,Hombre,1,0,0,1.01,141.7,0,0,0,NA
891,UCI,67,Hombre,0,0,0,0.89,65.3,0,0,0,NA
892,UCI,70,Hombre,0,0,0,0.99,246.3,3,1,1,1
893,Sala,73,Hombre,1,0,0,1.42,32.7,0,0,1,0
894,Sala,64,Mujer,0,0,0,0.65,70.8,0,0,0,NA
895,UCI,67,Hombre,0,1,0,1.48,341,1,0,1,0
896,Sala,43,Mujer,0,0,0,0.7,99.4,1,0,0,NA
897,Sala,48,Mujer,0,0,0,1.17,177.8,0,0,1,0
898,Sala,47,Hombre,1,0,0,1.16,149.3,0,0,0,NA
899,Sala,64,Mujer,1,0,0,1.45,195,0,0,1,0
900,Sala,70,Hombre,0,0,0,1.3,41.8,0,0,0,NA
901,Sala,63,Hombre,0,0,0,0.68,54.7,1,0,0,NA
902,Sala,66,Mujer,1,0,0,0.81,99.9,0,0,0,NA
903,UCI,67,Hombre,0,1,1,1.29,277,0,0,1,0
904,Sala,46,Hombre,0,0,0,0.93,9.4,1,0,0,NA
905,UCI,52,Hombre,0,0,1,0.98,91.2,0,0,1,0
906,Sala,66,Hombre,0,0,0,0.91,66.6,0,0,0,NA
907,UCI,46,Hombre,0,0,0,0.65,536.1,3,1,1,1
908,Sala,59,Hombre,0,0,1,0.51,136.7,0,0,1,0
909,Sala,95,Mujer,0,0,0,0.77,112.4,0,0,0,NA
910,UCI,63,Mujer,0,1,0,1.43,197.1,3,1,1,1
911,UCI,49,Hombre,0,0,0,1.06,6.2,0,0,0,NA
912,Sala,53,Mujer,0,0,0,1.32,91.6,3,1,0,NA
913,Sala,95,Mujer,0,0,0,0.93,107,0,0,0,NA
914,Sala,63,Mujer,0,0,1,1.76,276.5,0,0,0,NA
915,UCI,78,Hombre,0,0,0,1.21,624.9,0,0,1,0
916,Sala,59,Hombre,1,0,1,1.13,116.9,0,0,0,NA
917,Sala,48,Mujer,0,0,1,0.65,8.1,0,0,0,NA
918,Sala,83,Mujer,0,1,0,0.8,61.1,0,0,0,NA
919,UCI,38,Mujer,1,0,0,0.99,35.7,1,0,0,NA
920,UCI,34,Hombre,0,0,0,1.04,63.2,1,0,1,0
921,Sala,66,Mujer,0,0,0,0.86,31.1,0,0,0,NA
922,Sala,50,Hombre,0,0,1,0.58,47,0,0,0,NA
923,Sala,34,Hombre,0,1,0,0.82,112.9,0,0,1,0
924,Sala,66,Hombre,0,0,0,0.94,25.3,0,0,0,NA
925,Sala,87,Mujer,0,0,0,0.83,15.7,0,0,0,NA
926,Sala,74,Hombre,0,0,1,1,46,0,0,0,NA
927,Sala,75,Hombre,0,0,0,0.92,22.8,0,0,0,NA
928,UCI,70,Mujer,0,1,0,0.87,258.1,3,1,1,1
929,Sala,61,Mujer,1,0,0,0.99,52.4,0,0,0,NA
930,UCI,60,Hombre,0,1,0,0.75,289,0,0,1,0
931,Sala,67,Hombre,0,0,0,1.46,37.4,0,0,0,NA
932,UCI,71,Hombre,0,0,1,0.49,10.7,1,0,0,NA
933,Sala,47,Mujer,0,0,0,0.95,95,0,0,1,0
934,UCI,45,Mujer,0,0,0,0.89,174.3,3,1,0,NA
935,Sala,69,Mujer,0,0,0,1.53,166.8,0,0,0,NA
936,UCI,45,Mujer,0,1,1,0.88,314.4,0,0,1,0
937,Sala,56,Hombre,0,0,0,0.9,55.5,0,0,0,NA
938,UCI,59,Mujer,1,0,0,1.08,61.5,0,0,0,NA
939,Sala,43,Hombre,0,0,0,1.42,208.1,0,0,1,0
940,Sala,63,Mujer,0,0,0,0.67,58.4,0,0,0,NA
941,Sala,72,Hombre,1,0,0,0.78,22.4,0,0,0,NA
942,Sala,57,Hombre,0,0,0,0.9,23,0,0,0,NA
943,Sala,62,Hombre,0,0,1,0.93,428.1,2,1,1,1
944,Sala,83,Mujer,0,0,0,0.65,23.5,0,0,1,0
945,Sala,44,Hombre,0,0,0,0.88,46.6,0,0,0,NA
946,Sala,48,Hombre,0,0,0,1.11,170.8,0,0,0,NA
947,Sala,63,Mujer,0,0,1,0.87,133.6,3,1,0,NA
948,Sala,47,Hombre,0,0,0,0.68,78.1,0,0,1,0
949,Sala,91,Hombre,1,0,0,1.94,46.6,0,0,0,NA
950,Sala,81,Mujer,0,0,0,0.85,53.5,1,0,1,0
951,Sala,71,Hombre,0,0,1,1.18,63.3,0,0,0,NA
952,Sala,61,Mujer,0,0,0,1.09,32.4,0,0,1,0
953,Sala,54,Mujer,0,0,1,0.93,54.2,0,0,1,0
954,UCI,75,Mujer,0,0,0,1.28,150.8,0,0,0,NA
955,UCI,75,Hombre,1,0,0,0.94,351.7,0,0,1,0
956,UCI,62,Mujer,1,1,0,1.23,165.5,1,0,1,0
957,UCI,66,Mujer,1,0,1,0.65,225.2,3,1,0,NA
958,UCI,68,Mujer,0,0,0,1.48,50,0,0,0,NA
959,UCI,71,Hombre,0,1,1,0.47,127,0,0,1,0
960,UCI,63,Hombre,0,0,0,1.1,28.2,0,0,0,NA
961,Sala,45,Hombre,0,0,0,0.83,119.9,0,0,0,NA
962,Sala,58,Hombre,0,1,1,1.17,132.7,0,0,1,0
963,UCI,59,Mujer,0,0,0,0.98,511.7,3,1,1,1
964,Sala,89,Hombre,1,0,0,1.04,202.1,0,0,0,NA
965,UCI,30,Mujer,0,0,0,2.16,45.5,0,0,0,NA
966,Sala,61,Mujer,1,0,0,1.69,12.1,0,0,0,NA
967,Sala,66,Mujer,0,0,0,0.65,49.2,0,0,0,NA
968,UCI,49,Mujer,0,0,0,0.65,140.7,0,0,1,0
969,Sala,50,Mujer,0,0,0,1.25,17.5,0,0,0,NA
970,Sala,65,Hombre,0,0,0,0.9,161.3,1,0,0,NA
971,UCI,80,Hombre,0,0,0,1.31,100.2,0,0,1,0
972,Sala,18,Mujer,0,0,0,0.43,124.1,0,0,0,NA
973,Sala,67,Hombre,0,0,0,1.19,39.8,0,0,0,NA
974,Sala,37,Hombre,0,0,0,1.25,49,0,0,0,NA
975,Sala,60,Mujer,0,0,1,0.82,121.7,2,1,0,NA
976,Sala,62,Hombre,1,0,0,2.08,35.8,0,0,0,NA
977,Sala,65,Hombre,0,1,0,0.79,53.8,0,0,0,NA
978,UCI,84,Mujer,0,0,0,0.78,62.6,0,0,0,NA
979,UCI,42,Hombre,0,1,0,0.77,37,0,0,0,NA
980,Sala,60,Mujer,1,0,0,1.74,1047.1,3,1,1,1
981,Sala,54,Hombre,0,0,0,1,31.4,0,0,0,NA
982,UCI,73,Mujer,0,1,0,1.1,326.8,1,0,1,0
983,UCI,67,Hombre,0,0,1,0.57,57.2,0,0,0,NA
984,Sala,51,Mujer,1,0,1,0.73,45.8,1,0,0,NA
985,UCI,49,Mujer,1,1,0,0.69,64.5,0,0,0,NA
986,Sala,51,Mujer,0,0,1,0.88,53.9,0,0,0,NA
987,Sala,52,Hombre,0,0,0,0.97,35,0,0,0,NA
988,UCI,74,Hombre,0,1,0,2.2,84.1,1,0,0,NA
989,UCI,77,Mujer,0,0,0,0.82,330.8,1,0,1,0
990,Sala,71,Hombre,1,0,0,0.93,96,2,1,1,1
991,UCI,63,Hombre,0,1,0,1.12,211.7,2,1,1,1
992,Sala,77,Mujer,0,0,1,1.05,78.6,0,0,0,NA
993,Sala,48,Hombre,0,0,0,1.17,68.3,0,0,0,NA
994,Sala,56,Hombre,0,1,0,1.1,37.7,0,0,1,0
995,UCI,60,Mujer,0,1,0,1.23,312.8,3,1,0,NA
996,UCI,68,Mujer,0,0,1,1.79,393.3,3,1,1,1
997,Sala,81,Mujer,0,0,0,1.17,44.9,0,0,1,0
998,Sala,71,Mujer,0,0,0,0.98,131.3,0,0,1,0
999,Sala,81,Hombre,0,1,0,1.07,64.8,0,0,0,NA
1000,Sala,91,Hombre,0,0,0,0.75,75,0,0,0,NA
1001,Sala,51,Mujer,0,0,1,0.78,169.2,1,0,1,0
1002,Sala,31,Hombre,0,0,1,0.68,61.1,0,0,1,0
1003,Sala,31,Hombre,1,0,0,0.61,51.3,0,0,1,0
1004,Sala,45,Mujer,0,0,0,0.63,58.1,0,0,1,0
1005,Sala,37,Hombre,0,1,0,0.73,261.6,0,0,0,NA
1006,UCI,66,Mujer,0,0,0,0.81,23.7,0,0,0,NA
1007,Sala,73,Mujer,1,0,1,1.09,182.3,1,0,0,NA
1008,UCI,41,Hombre,0,0,0,1.12,265.9,3,1,1,1
1009,Sala,68,Hombre,1,1,0,1.67,62.3,0,0,0,NA
1010,UCI,68,Hombre,0,1,0,1.35,88.4,2,1,0,NA
1011,Sala,76,Mujer,1,0,0,1.57,91.6,2,1,1,1
1012,UCI,54,Mujer,0,1,0,1.75,200,0,0,1,0
1013,UCI,68,Mujer,0,0,0,0.65,205.3,3,1,1,1
1014,Sala,62,Hombre,0,0,0,0.83,21.5,1,0,0,NA
1015,Sala,78,Hombre,0,0,0,0.87,35.8,0,0,0,NA
1016,Sala,39,Hombre,0,1,1,1.02,44.9,0,0,0,NA
1017,Sala,74,Hombre,0,0,1,0.9,35.9,0,0,1,0
1018,Sala,66,Mujer,0,1,0,0.92,55.3,0,0,1,0
1019,Sala,69,Mujer,1,0,0,1.41,73.1,0,0,1,0
1020,UCI,60,Hombre,0,1,0,0.96,68.3,1,0,0,NA
1021,UCI,61,Hombre,0,1,0,0.75,60.3,0,0,0,NA
1022,UCI,22,Mujer,0,0,0,0.66,21,0,0,0,NA
1023,UCI,68,Hombre,0,0,0,1.52,54.1,0,0,0,NA
1024,Sala,42,Hombre,0,0,0,0.91,45.2,0,0,0,NA
1025,Sala,69,Mujer,0,0,0,1.22,61.1,0,0,1,0
1026,UCI,71,Hombre,0,0,0,1.2,110.7,0,0,0,NA
1027,Sala,58,Hombre,1,0,0,1.11,52,0,0,0,NA
1028,Sala,63,Mujer,0,0,0,0.93,67.4,1,0,0,NA
1029,Sala,53,Mujer,0,0,0,0.79,29.4,0,0,0,NA
1030,Sala,58,Hombre,0,1,0,1.04,84.8,0,0,1,0
1031,Sala,57,Mujer,0,0,0,1.09,31.2,1,0,0,NA
1032,UCI,80,Mujer,0,0,0,0.75,105.4,0,0,1,0
1033,Sala,70,Hombre,0,0,0,1.59,65.6,0,0,0,NA
1034,Sala,85,Hombre,0,0,0,0.63,27.8,0,0,0,NA
1035,Sala,88,Hombre,1,0,0,1.17,78.4,0,0,1,0
1036,Sala,48,Hombre,0,0,0,0.73,24.1,0,0,0,NA
1037,Sala,50,Mujer,0,0,1,0.86,82.6,0,0,0,NA
1038,UCI,64,Mujer,0,0,1,1.48,45.3,0,0,1,0
1039,Sala,73,Hombre,0,0,0,1.02,70.5,2,1,0,NA
1040,UCI,32,Hombre,0,0,0,0.75,11.4,0,0,1,0
1041,Sala,75,Mujer,0,0,0,0.88,64.7,0,0,0,NA
1042,Sala,63,Hombre,0,0,0,1.03,100.4,0,0,1,0
1043,UCI,90,Mujer,1,1,0,1.32,31.7,0,0,0,NA
1044,UCI,60,Hombre,0,1,0,0.9,32.8,0,0,1,0
1045,UCI,71,Hombre,1,0,0,1.08,162.2,1,0,1,0
1046,Sala,85,Hombre,0,0,0,1.04,29,1,0,0,NA
1047,Sala,52,Mujer,0,0,0,1.78,52.8,0,0,1,0
1048,Sala,72,Mujer,0,0,0,1.54,172.8,0,0,0,NA
1049,Sala,33,Hombre,1,0,0,0.81,81.9,0,0,0,NA
1050,UCI,53,Hombre,0,0,0,0.56,102.5,0,0,1,0
1051,Sala,89,Hombre,0,0,0,0.7,72.3,0,0,1,0
1052,Sala,66,Hombre,0,1,0,0.93,112,0,0,0,NA
1053,Sala,91,Hombre,0,0,0,1.32,75.9,0,0,0,NA
1054,UCI,62,Mujer,1,0,1,1.02,113.4,3,1,1,1
1055,Sala,79,Mujer,0,0,0,1.03,9.3,0,0,0,NA
1056,UCI,50,Mujer,0,0,0,1.08,204.9,2,1,1,1
1057,Sala,26,Mujer,0,0,1,0.53,70.1,0,0,1,0
1058,Sala,68,Hombre,1,0,0,1.39,51.4,0,0,0,NA
1059,Sala,34,Hombre,0,0,0,0.6,47.9,1,0,1,0
1060,UCI,52,Hombre,0,0,0,1.16,347.6,0,0,1,0
1061,Sala,52,Mujer,0,0,0,0.9,42.2,0,0,0,NA
1062,Sala,74,Hombre,0,0,0,1.43,163.9,0,0,1,0
1063,Sala,51,Hombre,0,0,0,0.91,38.7,0,0,0,NA
1064,Sala,54,Hombre,1,0,0,0.66,31.3,0,0,0,NA
1065,UCI,84,Hombre,1,1,1,1.58,867,2,1,1,1
1066,Sala,74,Hombre,0,0,0,0.89,104,0,0,1,0
1067,Sala,53,Hombre,1,0,0,1.8,321,2,1,1,1
1068,Sala,42,Mujer,0,0,0,0.72,15.9,0,0,0,NA
1069,UCI,58,Mujer,0,0,0,0.8,40.6,0,0,0,NA
1070,Sala,62,Hombre,0,0,0,1.41,29.3,0,0,1,0
1071,Sala,51,Mujer,0,0,0,0.99,83.9,0,0,0,NA
1072,Sala,48,Mujer,0,0,0,0.87,36.8,0,0,1,0
1073,UCI,72,Hombre,0,0,0,1.38,110,1,0,1,0
1074,UCI,75,Mujer,0,0,1,1.03,106.8,2,1,0,NA
1075,UCI,45,Mujer,0,0,0,0.45,84.2,0,0,0,NA
1076,UCI,79,Hombre,1,1,0,1.81,20.5,0,0,0,NA
1077,Sala,47,Hombre,0,0,0,0.77,37.6,1,0,0,NA
1078,UCI,90,Mujer,1,0,0,1.21,252.8,0,0,1,0
1079,UCI,70,Mujer,0,0,1,1.59,107.3,2,1,1,1
1080,Sala,95,Hombre,0,0,0,2.33,75.9,2,1,0,NA
1081,Sala,71,Mujer,0,0,0,0.97,209.7,0,0,1,0
1082,Sala,78,Hombre,0,0,0,1.07,348.2,2,1,1,1
1083,Sala,95,Mujer,1,0,0,1.5,168.2,2,1,1,1
1084,Sala,73,Mujer,1,0,0,1.15,87.4,0,0,0,NA
1085,UCI,44,Hombre,0,0,0,0.58,45.6,0,0,0,NA
1086,Sala,71,Hombre,0,0,0,0.87,46.9,0,0,0,NA
1087,Sala,95,Mujer,0,0,0,1.18,24.6,0,0,0,NA
1088,UCI,41,Mujer,0,1,0,0.56,120.6,0,0,1,0
1089,Sala,85,Hombre,1,0,0,0.9,166.1,3,1,0,NA
1090,Sala,66,Hombre,0,0,1,0.48,162.2,0,0,0,NA
1091,Sala,72,Hombre,0,0,0,1.12,229.8,0,0,0,NA
1092,UCI,29,Mujer,0,1,0,0.73,82.5,0,0,1,0
1093,Sala,45,Hombre,1,1,0,1.07,124.3,1,0,0,NA
1094,Sala,73,Mujer,1,0,0,1.09,38.1,1,0,1,0
1095,Sala,72,Mujer,0,0,0,0.75,65.1,0,0,1,0
1096,Sala,47,Mujer,0,0,0,0.73,110.8,0,0,0,NA
1097,UCI,66,Mujer,0,1,0,0.9,134.6,0,0,1,0
1098,Sala,69,Hombre,0,0,0,0.95,29.5,0,0,0,NA
1099,UCI,75,Mujer,0,1,0,1.05,138.3,0,0,1,0
1100,Sala,73,Hombre,1,0,0,2.01,90.5,2,1,0,NA
1101,Sala,73,Mujer,1,0,0,1.16,46.8,0,0,0,NA
1102,Sala,66,Hombre,0,0,1,0.88,139.9,0,0,1,0
1103,Sala,79,Hombre,1,0,0,1.36,230,3,1,1,1
1104,Sala,43,Hombre,0,0,0,0.71,38.9,1,0,0,NA
1105,Sala,50,Mujer,1,0,1,0.82,113.8,0,0,1,0
1106,UCI,73,Mujer,0,0,0,1.14,58,0,0,0,NA
1107,UCI,69,Hombre,0,0,0,0.78,293.6,3,1,1,1
1108,Sala,95,Hombre,0,0,1,1.79,347.6,2,1,1,1
1109,UCI,53,Mujer,0,0,0,0.78,58.3,0,0,0,NA
1110,Sala,64,Hombre,0,0,1,0.94,37.5,0,0,0,NA
1111,Sala,48,Mujer,0,0,0,0.8,19.9,0,0,0,NA
1112,Sala,38,Mujer,0,0,0,0.95,23.3,0,0,1,0
1113,UCI,68,Hombre,0,0,0,1.19,49.6,1,0,0,NA
1114,Sala,72,Mujer,0,0,0,0.6,124.2,0,0,0,NA
1115,Sala,59,Mujer,1,1,0,1.21,653.7,2,1,1,1
1116,UCI,56,Hombre,0,0,0,0.75,221.3,3,1,1,1
1117,Sala,60,Mujer,0,0,0,0.67,72.2,0,0,0,NA
1118,UCI,65,Hombre,0,1,0,1.37,389.4,1,0,1,0
1119,Sala,82,Hombre,1,0,0,1.12,63.6,0,0,0,NA
1120,Sala,55,Hombre,1,1,0,0.92,101.4,0,0,1,0
1121,Sala,58,Mujer,1,0,0,1.55,498,2,1,1,1
1122,Sala,56,Mujer,0,0,0,0.78,138.7,0,0,0,NA
1123,Sala,54,Hombre,0,0,0,1.13,80,0,0,1,0
1124,Sala,58,Hombre,0,0,1,0.73,29.7,0,0,0,NA
1125,Sala,50,Mujer,1,0,1,0.97,172.3,0,0,0,NA
1126,UCI,73,Hombre,1,1,1,1.63,66.9,3,1,1,1
1127,Sala,68,Mujer,0,1,0,2.1,48.7,0,0,0,NA
1128,Sala,76,Mujer,0,0,1,0.57,99.5,0,0,0,NA
1129,Sala,67,Hombre,0,0,0,0.89,375.9,3,1,1,1
1130,Sala,83,Hombre,0,0,0,1.37,75.1,0,0,0,NA
1131,UCI,58,Mujer,1,1,0,1.58,52.4,1,0,0,NA
1132,Sala,57,Hombre,0,0,0,1.3,23.5,0,0,0,NA
1133,Sala,76,Hombre,0,0,1,1.14,225.6,2,1,1,1
1134,Sala,63,Mujer,0,0,0,0.47,81.5,0,0,0,NA
1135,UCI,74,Hombre,0,1,0,1.67,2004,3,1,1,1
1136,Sala,72,Hombre,0,1,0,0.81,29.3,0,0,0,NA
1137,Sala,35,Mujer,0,0,0,1.18,47.4,0,0,1,0
1138,UCI,66,Hombre,0,1,0,1.11,68.5,0,0,1,0
1139,Sala,63,Hombre,0,1,0,1.06,140.7,0,0,1,0
1140,UCI,53,Hombre,0,1,1,1.55,574.4,2,1,1,1
1141,Sala,75,Hombre,0,0,1,1.06,97.9,0,0,1,0
1142,Sala,66,Mujer,1,0,1,1.08,131.4,0,0,1,0
1143,Sala,71,Mujer,1,0,0,0.99,120.7,0,0,1,0
1144,Sala,56,Hombre,0,0,0,1.31,73.2,0,0,0,NA
1145,Sala,48,Hombre,0,1,0,1.4,91.7,3,1,1,1
1146,UCI,73,Mujer,0,0,0,1.62,207.9,0,0,0,NA
1147,UCI,60,Hombre,0,1,0,1.11,203.9,0,0,1,0
1148,Sala,47,Hombre,0,0,1,1.34,47.6,0,0,1,0
1149,Sala,47,Mujer,0,0,0,1.08,21.7,0,0,0,NA
1150,Sala,64,Mujer,0,0,0,0.69,130.7,0,0,0,NA
1151,Sala,78,Hombre,0,0,1,0.88,106.6,0,0,1,0
1152,Sala,52,Hombre,1,0,0,0.65,62.4,1,0,1,0
1153,UCI,76,Hombre,1,0,0,1.06,99.8,0,0,0,NA
1154,Sala,73,Hombre,1,0,0,1.42,36.6,0,0,0,NA
1155,Sala,41,Mujer,0,0,0,0.74,19,0,0,0,NA
1156,Sala,95,Hombre,0,0,0,1.5,247.4,0,0,1,0
1157,Sala,53,Mujer,0,0,0,0.66,59.4,0,0,0,NA
1158,Sala,37,Mujer,0,0,0,0.82,23.3,0,0,1,0
1159,Sala,76,Hombre,0,0,1,1.39,36.7,1,0,0,NA
1160,UCI,67,Mujer,0,0,0,0.59,156.8,3,1,1,1
1161,Sala,61,Mujer,0,1,0,0.68,73.2,0,0,0,NA
1162,UCI,81,Mujer,0,1,1,3.71,58.1,2,1,1,1
1163,UCI,66,Mujer,1,1,0,1.36,53.1,0,0,0,NA
1164,Sala,58,Mujer,0,0,0,0.55,61.6,0,0,0,NA
1165,Sala,55,Mujer,0,0,0,1.07,429.1,0,0,1,0
1166,UCI,51,Mujer,0,1,0,0.88,352.2,0,0,1,0
1167,UCI,64,Mujer,0,1,0,0.74,343.8,3,1,1,1
1168,Sala,56,Hombre,0,0,0,0.56,47.8,0,0,0,NA
1169,Sala,61,Hombre,0,1,0,0.97,57.6,0,0,0,NA
1170,UCI,51,Hombre,0,1,0,1.11,274.3,2,1,1,1
1171,Sala,78,Mujer,0,0,0,0.95,41.1,0,0,0,NA
1172,UCI,67,Mujer,1,1,1,3.07,92.4,2,1,0,NA
1173,UCI,56,Hombre,0,0,0,1.29,59.6,0,0,0,NA
1174,Sala,56,Mujer,1,0,0,0.99,161.6,0,0,0,NA
1175,Sala,52,Hombre,1,0,0,0.84,143.4,1,0,0,NA
1176,Sala,95,Hombre,0,0,1,1.07,128.5,1,0,0,NA
1177,Sala,59,Hombre,1,1,0,1.21,61.7,0,0,0,NA
1178,UCI,38,Mujer,1,0,0,0.85,59.5,0,0,1,0
1179,Sala,41,Hombre,0,0,0,0.89,183.5,1,0,0,NA
1180,Sala,51,Hombre,0,0,0,2.27,67.1,1,0,0,NA
1181,Sala,65,Mujer,0,0,0,0.84,98.2,0,0,0,NA
1182,UCI,45,Hombre,0,1,0,0.95,77.6,0,0,0,NA
1183,UCI,44,Mujer,0,0,0,0.84,30.1,0,0,0,NA
1184,Sala,63,Hombre,0,0,1,1.14,168.4,1,0,1,0
1185,Sala,74,Hombre,1,0,1,0.65,126.2,0,0,0,NA
1186,UCI,50,Mujer,0,0,1,2.2,102.3,0,0,1,0
1187,UCI,71,Mujer,0,1,0,1.42,222.2,3,1,1,1
1188,UCI,41,Hombre,1,0,0,0.54,682.7,3,1,1,1
1189,Sala,29,Hombre,0,0,0,1.1,123.6,1,0,0,NA
1190,Sala,74,Hombre,0,0,1,0.69,13.9,0,0,0,NA
1191,Sala,74,Mujer,1,0,0,0.99,115.6,0,0,0,NA
1192,UCI,67,Hombre,0,1,1,2.87,154.5,0,0,1,0
1193,UCI,48,Mujer,0,0,1,0.96,126.4,0,0,0,NA
1194,Sala,79,Mujer,1,0,0,1.56,64.5,0,0,0,NA
1195,Sala,52,Hombre,0,0,0,0.89,43.3,0,0,0,NA
1196,Sala,55,Hombre,0,0,0,1.24,98.8,0,0,0,NA
1197,Sala,30,Hombre,0,0,0,0.65,124.9,0,0,1,0
1198,Sala,78,Mujer,0,0,0,2.43,96.6,0,0,1,0
1199,Sala,66,Hombre,1,0,0,1.13,46.3,0,0,1,0
1200,Sala,59,Hombre,0,0,0,0.74,69.3,0,0,0,NA
1201,Sala,60,Hombre,1,0,0,0.72,231.2,0,0,1,0
1202,Sala,73,Mujer,1,0,0,1.09,23,0,0,0,NA
1203,UCI,41,Hombre,0,0,0,1,121.4,0,0,0,NA
1204,UCI,71,Hombre,0,0,0,1.96,124.5,2,1,1,1
1205,UCI,76,Mujer,0,1,0,1.25,123,3,1,0,NA
1206,Sala,79,Hombre,1,0,0,1.17,57.6,0,0,0,NA
1207,Sala,70,Hombre,0,0,0,0.78,56.9,0,0,0,NA
1208,Sala,77,Hombre,1,0,0,0.98,71,0,0,0,NA
1209,Sala,58,Hombre,1,0,0,1.49,194.9,2,1,0,NA
1210,Sala,50,Hombre,0,0,0,1.18,29.8,0,0,0,NA
1211,UCI,53,Hombre,0,1,0,1.91,33.1,0,0,0,NA
1212,Sala,50,Hombre,0,0,0,1.55,41.1,0,0,0,NA
1213,Sala,65,Hombre,1,1,0,1.17,158.7,0,0,1,0
1214,UCI,42,Hombre,1,1,0,1.32,1958.6,3,1,1,1
1215,Sala,86,Mujer,1,0,0,0.9,154.1,1,0,1,0
1216,Sala,62,Mujer,1,0,0,1.02,247.9,0,0,1,0
1217,Sala,42,Hombre,0,0,1,1.07,60.9,0,0,0,NA
1218,Sala,62,Hombre,1,0,0,0.89,21.2,0,0,1,0
1219,UCI,53,Mujer,0,1,0,0.89,108.2,0,0,1,0
1220,Sala,56,Hombre,0,0,1,0.82,46.6,1,0,0,NA
1221,Sala,55,Hombre,0,0,1,0.98,7.3,0,0,1,0
1222,Sala,73,Mujer,1,0,1,1.93,87.2,0,0,0,NA
1223,UCI,45,Mujer,0,1,1,1.02,331.8,0,0,1,0
1224,Sala,61,Mujer,0,0,0,1.38,23.6,0,0,0,NA
1225,Sala,62,Hombre,0,0,0,0.46,96.1,0,0,1,0
1226,Sala,62,Hombre,0,0,0,1.18,87.3,0,0,0,NA
1227,Sala,59,Mujer,0,0,0,0.82,42,0,0,1,0
1228,Sala,71,Hombre,1,0,0,1.52,111,0,0,0,NA
1229,Sala,51,Mujer,0,0,0,1.5,29.1,0,0,0,NA
1230,Sala,49,Hombre,1,0,0,0.95,22.1,0,0,0,NA
1231,UCI,83,Hombre,1,0,0,1.43,36.9,0,0,0,NA
1232,Sala,79,Hombre,0,0,0,1.87,231.8,2,1,0,NA
1233,UCI,54,Hombre,0,1,0,1.07,864.1,3,1,1,1
1234,Sala,71,Hombre,0,0,0,1.39,73.6,0,0,0,NA
1235,Sala,51,Hombre,0,0,0,1.21,126.8,0,0,1,0
1236,Sala,78,Mujer,0,0,0,0.74,54.6,0,0,1,0
1237,Sala,70,Mujer,0,0,0,1.39,55.4,0,0,0,NA
1238,UCI,89,Mujer,0,1,1,1.53,165.8,0,0,1,0
1239,UCI,81,Hombre,0,1,0,1.85,467.1,3,1,1,1
1240,Sala,34,Hombre,0,0,0,0.96,32.4,0,0,0,NA
1241,Sala,63,Hombre,0,0,0,0.81,39.5,0,0,0,NA
1242,Sala,65,Mujer,0,0,0,0.87,21.1,0,0,0,NA
1243,Sala,43,Hombre,0,0,0,0.84,91.9,0,0,0,NA
1244,Sala,66,Mujer,1,0,0,1.95,155.5,0,0,0,NA
1245,UCI,53,Mujer,0,1,0,0.62,149.1,0,0,1,0
1246,Sala,53,Hombre,0,0,0,0.41,60.3,0,0,0,NA
1247,UCI,60,Mujer,0,0,1,1.02,25.6,0,0,0,NA
1248,Sala,46,Mujer,1,0,0,0.84,63.4,0,0,0,NA
1249,UCI,67,Hombre,0,1,0,1.39,147,2,1,0,NA
1250,Sala,79,Hombre,0,0,0,1.26,23.2,0,0,0,NA
1251,UCI,71,Mujer,0,0,0,0.97,37,0,0,0,NA
1252,Sala,38,Hombre,1,0,1,0.9,52.8,0,0,1,0
1253,UCI,61,Hombre,0,0,0,0.98,283,1,0,1,0
1254,Sala,54,Mujer,0,0,0,1.53,27.6,1,0,0,NA
1255,Sala,58,Hombre,0,0,0,1.24,86.9,0,0,0,NA
1256,Sala,72,Mujer,0,0,0,1.29,31.1,0,0,0,NA
1257,Sala,67,Mujer,1,1,0,1.43,185.9,1,0,1,0
1258,Sala,77,Mujer,1,0,0,1.93,425.5,2,1,1,1
1259,Sala,65,Hombre,0,0,0,1.84,120.4,0,0,1,0
1260,Sala,41,Mujer,0,0,0,1.45,52,0,0,0,NA
1261,Sala,85,Hombre,0,0,0,0.86,127.6,0,0,1,0
1262,Sala,61,Mujer,0,0,0,0.96,106.4,0,0,1,0
1263,Sala,69,Mujer,0,0,1,0.94,64.9,0,0,1,0
1264,Sala,71,Mujer,0,0,0,0.97,57.7,0,0,0,NA
1265,UCI,86,Hombre,0,1,1,2,1502.9,3,1,1,1
1266,Sala,44,Hombre,0,0,0,0.85,74.2,0,0,1,0
1267,Sala,74,Hombre,0,0,1,1.06,327.7,0,0,1,0
1268,Sala,78,Mujer,1,0,0,2.1,51.4,0,0,0,NA
1269,UCI,73,Mujer,1,0,0,0.98,52.4,0,0,1,0
1270,UCI,49,Hombre,1,0,0,1.07,145.1,0,0,0,NA
1271,Sala,93,Hombre,0,0,1,0.93,69.8,0,0,0,NA
1272,Sala,58,Mujer,0,0,0,1.15,55.2,0,0,0,NA
1273,Sala,77,Hombre,0,0,0,0.78,49.7,0,0,0,NA
1274,UCI,50,Mujer,0,0,1,0.44,59.2,1,0,1,0
1275,Sala,57,Hombre,0,0,0,0.89,17.7,0,0,0,NA
1276,UCI,23,Hombre,0,1,1,2.17,97.7,2,1,0,NA
1277,Sala,55,Mujer,0,0,0,0.66,56.8,0,0,0,NA
1278,Sala,49,Hombre,1,0,0,0.82,141.2,0,0,0,NA
1279,Sala,58,Mujer,0,0,0,0.88,63,0,0,0,NA
1280,Sala,65,Mujer,1,0,0,1.28,164.1,0,0,1,0
1281,Sala,50,Mujer,0,0,0,1.32,128.7,0,0,1,0
1282,Sala,56,Mujer,0,0,0,0.89,148.8,0,0,0,NA
1283,Sala,56,Mujer,1,0,1,0.87,72.1,0,0,0,NA
1284,Sala,27,Mujer,0,0,0,1.13,7.9,0,0,0,NA
1285,Sala,71,Hombre,0,0,1,1.1,6.6,1,0,0,NA
1286,Sala,52,Mujer,1,0,0,0.99,61.1,0,0,1,0
1287,UCI,46,Mujer,0,0,1,0.77,245.9,1,0,1,0
1288,Sala,68,Mujer,0,0,1,1.52,77.6,0,0,0,NA
1289,UCI,56,Hombre,0,1,0,1.21,197.2,0,0,1,0
1290,Sala,62,Hombre,1,0,0,0.77,107.7,0,0,1,0
1291,Sala,79,Hombre,1,0,0,0.99,60.3,0,0,0,NA
1292,Sala,63,Mujer,1,0,0,0.8,67.1,0,0,1,0
1293,Sala,69,Mujer,0,1,0,1.03,83.4,1,0,0,NA
1294,UCI,81,Mujer,0,0,0,1.28,115.2,3,1,0,NA
1295,Sala,76,Hombre,0,1,0,0.87,28.7,0,0,0,NA
1296,Sala,90,Mujer,0,0,0,1.45,83.9,0,0,0,NA
1297,Sala,55,Mujer,0,1,0,1.39,220.9,2,1,1,1
1298,Sala,80,Hombre,0,0,0,0.84,44.7,0,0,0,NA
1299,Sala,41,Mujer,0,0,1,0.91,53.4,0,0,1,0
1300,Sala,45,Mujer,1,0,1,0.6,69.5,2,1,1,1
1301,Sala,60,Mujer,0,0,0,0.9,14.5,0,0,0,NA
1302,Sala,60,Hombre,0,0,1,0.96,22.9,0,0,0,NA
1303,UCI,59,Hombre,1,0,1,1.23,344.1,3,1,0,NA
1304,Sala,78,Mujer,0,0,0,0.93,20.8,0,0,0,NA
1305,Sala,67,Mujer,0,0,0,1.06,20.2,0,0,0,NA
1306,Sala,57,Hombre,0,0,0,1.17,80.9,1,0,1,0
1307,Sala,72,Hombre,0,0,0,0.69,89.9,1,0,1,0
1308,Sala,67,Hombre,0,0,0,0.73,40.1,0,0,1,0
1309,Sala,67,Hombre,0,0,0,1.24,97.7,0,0,0,NA
1310,Sala,62,Mujer,0,0,0,1.04,95.3,0,0,0,NA
1311,UCI,46,Mujer,0,1,1,1.73,55.1,1,0,0,NA
1312,Sala,49,Hombre,0,0,1,1.19,48.1,0,0,1,0
1313,Sala,57,Mujer,0,0,0,0.93,131.4,0,0,1,0
1314,Sala,60,Mujer,0,0,0,3.03,48.2,0,0,0,NA
1315,Sala,76,Mujer,0,0,0,1.15,38.9,1,0,0,NA
1316,UCI,44,Hombre,1,0,0,0.78,125.9,0,0,1,0
1317,Sala,75,Mujer,0,0,0,0.51,32.9,0,0,0,NA
1318,UCI,51,Hombre,0,1,0,1.71,72.8,0,0,0,NA
1319,Sala,59,Hombre,0,0,1,0.7,67.7,0,0,1,0
1320,UCI,59,Hombre,0,0,0,1.54,29.7,0,0,0,NA
1321,Sala,62,Mujer,1,0,0,1,58.6,2,1,0,NA
1322,UCI,67,Hombre,0,1,0,1.56,136,0,0,1,0
1323,Sala,52,Mujer,0,0,0,1.22,40.6,0,0,0,NA
1324,Sala,66,Hombre,1,0,1,1.1,108.3,0,0,0,NA
1325,Sala,27,Hombre,0,0,1,0.65,59.6,0,0,1,0
1326,Sala,60,Mujer,0,0,1,0.87,58.7,0,0,1,0
1327,UCI,85,Mujer,0,1,0,1.61,206.8,2,1,0,NA
1328,Sala,57,Hombre,0,1,0,1.11,61.6,0,0,0,NA
1329,Sala,35,Hombre,0,0,0,0.98,13,0,0,0,NA
1330,UCI,53,Hombre,1,1,0,3.25,678.9,3,1,1,1
1331,Sala,94,Mujer,1,0,0,1.44,187.2,1,0,1,0
1332,Sala,53,Hombre,0,0,0,1.01,67.3,0,0,0,NA
1333,UCI,66,Mujer,1,1,0,0.82,529.5,3,1,1,1
1334,Sala,60,Hombre,0,0,0,0.74,139.8,0,0,0,NA
1335,Sala,77,Mujer,1,0,0,0.83,215.7,0,0,0,NA
1336,UCI,42,Hombre,0,0,0,0.93,192.6,0,0,1,0
1337,UCI,54,Hombre,0,0,0,0.77,64.3,0,0,0,NA
1338,UCI,56,Hombre,1,0,0,1.01,143.1,0,0,0,NA
1339,UCI,67,Hombre,0,0,0,1,154.3,3,1,1,1
1340,UCI,64,Hombre,1,0,0,1.44,66.8,0,0,0,NA
1341,Sala,77,Hombre,0,0,0,0.98,33.6,0,0,0,NA
1342,Sala,56,Hombre,0,0,0,0.6,24.9,0,0,0,NA
1343,UCI,49,Hombre,0,0,0,0.61,112.6,0,0,1,0
1344,Sala,77,Hombre,0,0,0,2.26,145,0,0,1,0
1345,Sala,95,Hombre,0,0,0,1.26,38.2,0,0,0,NA
1346,UCI,38,Hombre,0,0,1,1.15,158.5,3,1,1,1
1347,UCI,66,Hombre,0,1,1,1.45,67.7,0,0,0,NA
1348,Sala,37,Hombre,1,0,1,1.02,95,2,1,0,NA
1349,Sala,67,Mujer,0,0,0,0.52,15.5,0,0,0,NA
1350,Sala,75,Hombre,0,1,1,1.82,36.8,2,1,0,NA
1351,Sala,51,Hombre,0,0,0,0.62,82.9,0,0,0,NA
1352,Sala,75,Hombre,0,0,0,2.05,35.2,0,0,0,NA
1353,UCI,75,Hombre,0,1,1,1.17,59.2,0,0,1,0
1354,Sala,59,Hombre,0,0,0,1.09,28,0,0,0,NA
1355,Sala,70,Mujer,0,0,0,1.14,32.2,0,0,0,NA
1356,Sala,72,Mujer,0,0,0,0.77,393.3,0,0,1,0
1357,Sala,68,Mujer,0,0,0,0.7,40.4,0,0,0,NA
1358,UCI,80,Hombre,0,0,1,0.88,110.7,3,1,1,1
1359,Sala,76,Mujer,1,0,0,0.7,21.4,0,0,1,0
1360,Sala,64,Hombre,0,0,0,1.2,101.1,0,0,1,0
1361,UCI,43,Mujer,1,0,1,0.93,48.1,0,0,0,NA
1362,Sala,95,Mujer,0,0,1,1.24,121.3,2,1,1,1
1363,Sala,39,Mujer,0,0,0,0.96,28.3,1,0,0,NA
1364,Sala,71,Mujer,1,0,0,1.65,46.1,0,0,0,NA
1365,Sala,84,Hombre,0,0,1,1.5,175.5,0,0,1,0
1366,UCI,35,Hombre,0,0,1,0.74,52.2,0,0,1,0
1367,Sala,88,Mujer,1,0,0,0.76,108.4,0,0,1,0
1368,UCI,80,Hombre,1,0,0,1.61,43,0,0,0,NA
1369,UCI,75,Hombre,0,1,0,1.2,43.6,0,0,0,NA
1370,UCI,66,Hombre,0,0,0,0.83,51.9,1,0,0,NA
1371,Sala,65,Hombre,0,0,0,0.62,34.3,0,0,0,NA
1372,UCI,94,Mujer,0,0,0,1.5,81.3,0,0,0,NA
1373,Sala,68,Hombre,1,1,0,1.7,55.7,0,0,0,NA
1374,Sala,57,Mujer,0,0,0,0.66,131.3,1,0,1,0
1375,UCI,92,Hombre,1,1,0,1.18,78.7,2,1,0,NA
1376,Sala,47,Mujer,0,0,0,1.48,98.1,0,0,1,0
1377,Sala,61,Hombre,1,1,0,1.13,269.7,0,0,0,NA
1378,Sala,62,Hombre,1,1,1,1.69,292.4,3,1,1,1
1379,UCI,67,Hombre,0,1,0,1.36,625.6,3,1,1,1
1380,Sala,65,Hombre,0,0,0,0.92,424.2,3,1,0,NA
1381,Sala,62,Hombre,1,0,0,1,68.1,0,0,0,NA
1382,Sala,56,Hombre,1,1,0,1.19,39.9,0,0,0,NA
1383,UCI,54,Hombre,0,1,0,0.84,46,0,0,0,NA
1384,Sala,18,Mujer,0,1,0,0.84,24.9,0,0,0,NA
1385,Sala,39,Hombre,0,0,1,0.71,35.9,0,0,0,NA
1386,Sala,78,Hombre,0,0,0,0.79,131.4,1,0,0,NA
1387,Sala,85,Hombre,1,0,0,0.98,48.4,0,0,0,NA
1388,Sala,47,Hombre,0,0,0,1.49,78,0,0,0,NA
1389,Sala,76,Hombre,0,1,0,0.62,173.7,0,0,1,0
1390,Sala,70,Hombre,1,0,0,1.05,49.9,0,0,0,NA
1391,Sala,45,Hombre,0,0,0,1.41,61.8,0,0,0,NA
1392,Sala,71,Hombre,0,0,1,1.54,31.8,0,0,0,NA
1393,Sala,56,Hombre,0,1,0,0.88,46.3,0,0,0,NA
1394,Sala,65,Hombre,0,0,0,1.17,60,0,0,0,NA
1395,Sala,40,Mujer,0,0,0,0.85,61.5,0,0,0,NA
1396,Sala,52,Hombre,0,0,0,0.47,58.5,0,0,1,0
1397,UCI,48,Hombre,0,1,0,1.11,57.4,0,0,0,NA
1398,Sala,81,Mujer,0,0,0,0.85,125.7,0,0,1,0
1399,UCI,50,Hombre,1,1,0,1.03,90.8,0,0,1,0
1400,Sala,29,Mujer,1,0,0,0.66,175.5,0,0,0,NA
1401,Sala,71,Hombre,1,0,0,1.76,93.6,1,0,1,0
1402,Sala,44,Mujer,0,0,0,0.95,157,0,0,1,0
1403,UCI,50,Hombre,0,1,1,1.47,143.9,0,0,1,0
1404,UCI,34,Hombre,0,0,0,1.07,29.5,0,0,1,0
1405,UCI,78,Mujer,1,1,1,1.17,1505.1,2,1,1,1
1406,UCI,69,Mujer,0,0,0,0.61,244.5,1,0,1,0
1407,UCI,42,Mujer,1,0,0,0.59,67.5,0,0,0,NA
1408,Sala,66,Hombre,0,0,0,0.99,226.5,2,1,1,1
1409,Sala,49,Mujer,0,0,0,1.03,32.6,0,0,0,NA
1410,Sala,56,Hombre,0,0,0,1.07,39.1,1,0,0,NA
1411,Sala,41,Mujer,0,1,0,0.79,213.8,3,1,0,NA
1412,UCI,47,Mujer,0,0,0,0.77,95.9,0,0,0,NA
1413,Sala,66,Hombre,0,0,0,1.08,98.3,0,0,1,0
1414,Sala,44,Hombre,0,0,0,0.6,30.8,0,0,0,NA
1415,Sala,40,Hombre,0,0,0,0.74,25.6,0,0,0,NA
1416,UCI,62,Hombre,0,0,0,0.72,36.5,0,0,0,NA
1417,Sala,87,Hombre,1,0,1,1.27,141.5,0,0,1,0
1418,UCI,73,Hombre,0,1,1,1.37,192.6,0,0,1,0
1419,UCI,83,Hombre,0,1,0,0.89,741.1,3,1,1,1
1420,Sala,68,Mujer,0,0,0,0.59,62.5,0,0,0,NA
1421,Sala,44,Hombre,0,0,1,0.73,57,2,1,0,NA
1422,Sala,61,Hombre,0,0,1,1.22,65.5,0,0,0,NA
1423,UCI,74,Hombre,0,1,0,1.33,98.5,0,0,1,0
1424,Sala,65,Hombre,1,0,0,1.24,303.5,1,0,1,0
1425,Sala,79,Hombre,0,0,1,0.77,44,0,0,0,NA
1426,Sala,74,Mujer,0,0,0,0.75,43,0,0,0,NA
1427,Sala,51,Mujer,0,0,0,1.2,11.8,0,0,0,NA
1428,Sala,44,Hombre,0,0,1,1.11,47.2,0,0,0,NA
1429,Sala,57,Mujer,1,0,0,1.32,101.8,0,0,1,0
1430,UCI,95,Hombre,0,0,0,1.16,338.8,3,1,1,1
1431,Sala,56,Mujer,1,0,1,1.05,22.8,1,0,0,NA
1432,Sala,57,Mujer,0,0,0,0.74,30.9,0,0,1,0
1433,Sala,33,Hombre,1,0,1,0.53,191,0,0,1,0
1434,Sala,59,Mujer,0,1,0,0.78,182.1,0,0,0,NA
1435,Sala,68,Mujer,0,0,0,1.31,227.7,0,0,1,0
1436,Sala,48,Mujer,1,0,1,1.36,68.9,0,0,1,0
1437,UCI,70,Hombre,0,1,0,0.83,219.3,0,0,1,0
1438,Sala,72,Hombre,1,1,0,1.17,239.5,0,0,1,0
1439,UCI,56,Hombre,0,0,0,0.89,41.7,0,0,0,NA
1440,Sala,35,Hombre,0,0,0,0.89,84.6,1,0,1,0
1441,Sala,56,Mujer,0,0,1,0.88,105.5,0,0,1,0
1442,Sala,27,Mujer,1,0,1,0.91,20.7,0,0,0,NA
1443,Sala,58,Hombre,0,0,0,0.59,29.4,0,0,0,NA
1444,Sala,72,Mujer,1,1,0,1.03,32.7,0,0,0,NA
1445,Sala,43,Mujer,0,0,0,1.19,108.7,0,0,1,0
1446,Sala,59,Mujer,0,0,0,0.76,171.3,0,0,1,0
1447,Sala,60,Mujer,1,0,1,0.76,83.7,0,0,1,0
1448,Sala,74,Mujer,0,0,0,1.12,35.2,0,0,0,NA
1449,Sala,51,Mujer,0,0,0,0.72,51.5,0,0,0,NA
1450,Sala,53,Hombre,1,0,0,1.35,57.8,0,0,1,0
1451,UCI,78,Mujer,1,1,0,1.18,587.9,3,1,1,1
1452,UCI,54,Mujer,0,0,0,1.07,148.7,2,1,1,1
1453,Sala,70,Hombre,0,1,1,0.98,61.5,0,0,1,0
1454,UCI,67,Hombre,1,0,1,1.07,61.5,0,0,1,0
1455,Sala,53,Mujer,0,0,0,0.8,28.8,2,1,0,NA
1456,UCI,31,Mujer,1,0,1,1.39,30.1,0,0,0,NA
1457,UCI,80,Hombre,0,1,0,1.43,258.2,0,0,1,0
1458,UCI,44,Hombre,0,1,0,0.9,52.5,0,0,0,NA
1459,Sala,67,Hombre,0,0,0,0.92,57.1,0,0,0,NA
1460,Sala,64,Mujer,0,0,0,1.23,187.4,0,0,1,0
1461,UCI,68,Hombre,1,1,0,1.2,1609.6,3,1,1,1
1462,UCI,40,Mujer,0,0,1,0.84,88.6,0,0,0,NA
1463,UCI,55,Hombre,0,1,0,1.07,52.8,0,0,0,NA
1464,Sala,31,Hombre,1,0,0,0.7,75.9,0,0,1,0
1465,UCI,58,Mujer,0,1,0,1.22,1645.7,3,1,1,1
1466,Sala,72,Hombre,0,0,0,1.22,205.9,0,0,1,0
1467,UCI,63,Mujer,0,0,0,0.96,241,1,0,0,NA
1468,Sala,78,Hombre,1,0,0,1.53,108.9,0,0,1,0
1469,Sala,54,Mujer,1,0,0,1.44,27.6,0,0,1,0
1470,UCI,72,Mujer,0,0,1,1.33,145.3,1,0,1,0
1471,Sala,61,Hombre,1,1,1,0.77,243.3,0,0,1,0
1472,Sala,58,Hombre,0,0,0,0.58,35.9,0,0,1,0
1473,Sala,61,Hombre,0,0,0,0.67,60.6,0,0,0,NA
1474,Sala,54,Mujer,0,0,0,0.72,226.9,1,0,1,0
1475,Sala,63,Mujer,1,0,0,1.94,241.3,3,1,1,1
1476,Sala,62,Hombre,1,0,0,0.93,66.7,0,0,1,0
1477,UCI,84,Mujer,0,1,0,1.26,222.7,2,1,1,1
1478,Sala,60,Hombre,0,0,0,1.49,44.8,3,1,0,NA
1479,Sala,77,Hombre,0,0,0,0.64,22.6,0,0,0,NA
1480,Sala,45,Mujer,0,0,0,1.23,97.7,0,0,1,0
1481,UCI,57,Mujer,0,0,0,1.1,341.3,1,0,1,0
1482,Sala,65,Mujer,0,0,0,1.57,91.7,0,0,0,NA
1483,UCI,52,Hombre,0,1,0,1.43,131.4,0,0,0,NA
1484,UCI,89,Mujer,0,1,0,1.44,741.8,3,1,1,1
1485,Sala,61,Hombre,0,0,1,0.69,145.1,1,0,1,0
1486,Sala,49,Hombre,0,0,0,0.88,151.1,0,0,0,NA
1487,Sala,57,Mujer,0,0,0,1.01,148.8,1,0,1,0
1488,Sala,69,Hombre,1,0,0,1.44,61.3,0,0,1,0
1489,Sala,62,Hombre,0,0,1,1,31.2,1,0,0,NA
1490,Sala,68,Hombre,0,0,0,1.02,248.6,0,0,1,0
1491,UCI,73,Hombre,0,0,1,1.14,711.3,3,1,1,1
1492,Sala,54,Mujer,0,0,0,1.11,89.2,0,0,0,NA
1493,UCI,64,Mujer,0,0,1,0.95,25.2,0,0,0,NA
1494,Sala,58,Mujer,1,0,0,1.24,169,1,0,0,NA
1495,Sala,77,Hombre,0,0,1,0.88,65.9,0,0,0,NA
1496,Sala,57,Hombre,0,0,0,1.37,29.5,0,0,1,0
1497,Sala,58,Mujer,0,0,0,0.69,53,0,0,1,0
1498,Sala,81,Hombre,1,0,0,1.24,24.3,0,0,0,NA
1499,Sala,52,Hombre,0,0,0,1.39,114.2,3,1,1,1
1500,Sala,62,Mujer,0,0,1,1.14,98.2,1,0,1,0
1501,Sala,50,Mujer,0,1,0,1.41,12.6,0,0,0,NA
1502,Sala,45,Hombre,0,1,1,0.77,14.4,0,0,0,NA
1503,Sala,75,Mujer,1,0,0,1.36,112.2,0,0,1,0
1504,Sala,72,Hombre,1,0,0,1.1,44.7,0,0,0,NA
1505,Sala,56,Hombre,0,1,0,0.98,32.3,0,0,0,NA
1506,Sala,86,Hombre,1,0,0,1.41,58.4,0,0,0,NA
1507,Sala,58,Hombre,1,1,0,1.77,179.2,0,0,1,0
1508,Sala,82,Mujer,1,0,1,1.38,94.7,0,0,1,0
1509,Sala,41,Hombre,0,0,0,1.36,83,1,0,1,0
1510,Sala,52,Hombre,0,0,0,1.18,244.9,0,0,1,0
1511,Sala,69,Mujer,0,0,0,0.66,66.2,1,0,0,NA
1512,Sala,70,Mujer,0,0,0,0.75,14.4,0,0,0,NA
1513,UCI,95,Hombre,1,0,0,1.29,128.1,0,0,0,NA
1514,Sala,84,Mujer,0,0,0,1.02,51.5,0,0,0,NA
1515,Sala,40,Hombre,0,0,1,1.12,41.1,0,0,0,NA
1516,Sala,57,Mujer,1,0,0,1.34,157.9,1,0,1,0
1517,Sala,73,Hombre,1,0,0,0.95,65.7,0,0,1,0
1518,UCI,56,Mujer,0,1,0,0.81,95.2,0,0,1,0
1519,Sala,65,Mujer,0,0,1,1.05,76,0,0,1,0
1520,UCI,55,Mujer,0,1,0,1.55,154.1,2,1,0,NA
1521,Sala,42,Hombre,0,0,0,0.71,139.3,3,1,0,NA
1522,UCI,89,Mujer,1,1,1,2.61,193.2,3,1,1,1
1523,Sala,62,Hombre,1,0,0,0.95,96.3,0,0,1,0
1524,Sala,60,Hombre,0,0,0,0.55,75,0,0,1,0
1525,UCI,84,Mujer,1,0,1,0.69,28.5,0,0,0,NA
1526,Sala,54,Hombre,0,0,0,0.91,42.8,1,0,0,NA
1527,Sala,68,Mujer,1,0,1,0.74,1092.2,3,1,1,1
1528,Sala,62,Mujer,0,0,0,0.79,79.1,0,0,0,NA
1529,Sala,63,Hombre,0,0,0,0.86,29.2,1,0,0,NA
1530,UCI,54,Mujer,1,0,0,1.08,163.8,3,1,1,1
1531,Sala,54,Hombre,0,0,0,0.66,50.2,0,0,0,NA
1532,UCI,54,Hombre,0,1,1,1.3,110.5,1,0,0,NA
1533,Sala,51,Mujer,0,0,1,0.75,59.7,0,0,0,NA
1534,Sala,61,Hombre,1,0,1,1.71,53.5,0,0,0,NA
1535,Sala,54,Mujer,0,0,0,0.82,8.2,0,0,0,NA
1536,Sala,71,Hombre,0,0,0,1.11,10.8,0,0,0,NA
1537,UCI,77,Mujer,0,0,0,0.76,49.1,0,0,0,NA
1538,UCI,81,Hombre,0,1,1,1.12,244.9,3,1,1,1
1539,Sala,59,Hombre,0,0,0,0.89,127.1,0,0,1,0
1540,Sala,59,Mujer,0,0,0,0.68,77.7,0,0,1,0
1541,Sala,53,Hombre,0,1,0,1.1,83.6,0,0,1,0
1542,UCI,82,Hombre,0,0,1,1,175.2,0,0,1,0
1543,Sala,46,Mujer,1,0,0,0.76,122,0,0,1,0
1544,Sala,75,Mujer,0,1,0,1.71,223.5,0,0,0,NA
1545,Sala,87,Mujer,1,0,0,2.02,61.1,0,0,0,NA
1546,UCI,75,Mujer,0,0,1,1.41,124.4,0,0,1,0
1547,Sala,60,Mujer,0,0,0,1.26,425.2,1,0,1,0
1548,Sala,56,Mujer,0,1,0,0.75,102.9,0,0,0,NA
1549,Sala,35,Hombre,0,0,0,0.86,70.6,0,0,0,NA
1550,Sala,79,Hombre,0,0,0,1.28,221,0,0,1,0
1551,Sala,73,Mujer,1,0,1,0.98,435.2,2,1,1,1
1552,UCI,95,Mujer,0,1,0,2.25,94.9,0,0,1,0
1553,Sala,60,Hombre,0,1,0,0.94,116.2,0,0,1,0
1554,Sala,56,Hombre,0,0,0,0.91,120.1,0,0,1,0
1555,Sala,47,Mujer,0,0,0,1.32,51.6,0,0,1,0
1556,Sala,80,Mujer,0,0,1,1.71,108.5,0,0,1,0
1557,Sala,38,Mujer,0,0,0,0.96,10.8,0,0,0,NA
1558,Sala,61,Hombre,0,0,0,1.13,139.3,0,0,1,0
1559,Sala,58,Hombre,1,0,1,1.39,50.3,0,0,0,NA
1560,Sala,43,Mujer,0,0,1,0.79,56.5,0,0,0,NA
1561,Sala,76,Mujer,1,1,0,1.07,220,1,0,1,0
1562,UCI,38,Mujer,0,1,0,1.3,433.1,3,1,0,NA
1563,UCI,68,Mujer,0,1,0,1.1,221.9,1,0,0,NA
1564,Sala,66,Mujer,1,0,1,0.65,81.4,0,0,1,0
1565,Sala,47,Mujer,0,0,1,0.86,11.7,1,0,0,NA
1566,Sala,87,Hombre,0,0,0,0.49,19.9,0,0,0,NA
1567,UCI,53,Mujer,0,1,0,1.04,251.2,1,0,1,0
1568,Sala,63,Hombre,0,1,0,1.18,18.2,0,0,0,NA
1569,Sala,26,Mujer,0,0,0,0.68,38.5,0,0,0,NA
1570,Sala,51,Mujer,0,0,1,0.98,45.3,1,0,0,NA
1571,UCI,85,Mujer,1,0,0,0.95,38.2,0,0,1,0
1572,Sala,67,Hombre,0,0,0,0.68,29.1,0,0,0,NA
1573,Sala,66,Hombre,0,0,0,0.8,33.4,0,0,0,NA
1574,UCI,46,Mujer,0,0,0,0.75,41.3,0,0,1,0
1575,Sala,42,Mujer,0,0,0,1.08,37.8,0,0,0,NA
1576,Sala,87,Hombre,0,0,0,0.7,191.2,0,0,1,0
1577,Sala,69,Hombre,1,0,1,1.78,39.3,0,0,0,NA
1578,Sala,59,Mujer,0,0,0,0.76,56,0,0,0,NA
1579,Sala,66,Hombre,0,0,0,0.97,139.7,0,0,1,0
1580,UCI,53,Hombre,1,1,0,1.27,67.5,0,0,0,NA
1581,Sala,58,Mujer,0,0,0,0.96,50.6,0,0,0,NA
1582,Sala,66,Hombre,0,0,0,1.25,88.5,0,0,1,0
1583,UCI,59,Mujer,0,0,0,0.77,129.5,0,0,0,NA
1584,Sala,54,Mujer,0,0,1,0.81,85.3,0,0,1,0
1585,Sala,69,Mujer,0,0,0,0.72,27.6,0,0,1,0
1586,Sala,68,Mujer,1,0,0,1.61,17.3,0,0,0,NA
1587,UCI,94,Mujer,0,1,0,0.92,102.9,1,0,1,0
1588,Sala,55,Hombre,0,0,0,0.63,32.9,1,0,0,NA
1589,Sala,57,Hombre,0,0,0,1.02,46.7,0,0,0,NA
1590,Sala,55,Mujer,0,0,0,0.88,22,0,0,0,NA
1591,Sala,81,Hombre,1,0,0,0.68,56.4,0,0,1,0
1592,UCI,67,Mujer,0,0,0,0.82,10.5,1,0,0,NA
1593,Sala,78,Mujer,0,0,0,1.26,48.6,0,0,0,NA
1594,Sala,79,Mujer,1,0,0,1.04,12.9,0,0,1,0
1595,UCI,56,Hombre,0,0,0,0.99,28.1,0,0,1,0
1596,Sala,77,Hombre,0,0,0,1.34,59.2,0,0,1,0
1597,Sala,60,Hombre,0,0,0,0.66,40.4,0,0,0,NA
1598,Sala,80,Mujer,0,0,1,0.81,307.1,3,1,1,1
1599,UCI,94,Hombre,0,1,0,1.57,60.9,0,0,0,NA
1600,Sala,63,Hombre,0,0,0,1.16,20.3,0,0,0,NA
1601,Sala,79,Mujer,1,0,0,0.8,154.9,0,0,1,0
1602,Sala,49,Hombre,0,0,1,0.89,128.8,0,0,1,0
1603,Sala,74,Mujer,1,0,1,1.53,408.8,3,1,1,1
1604,UCI,71,Mujer,0,0,0,0.57,92.8,0,0,1,0
1605,Sala,51,Hombre,0,0,0,0.89,140.8,3,1,1,1
1606,Sala,62,Mujer,1,0,0,1.13,18.9,0,0,0,NA
1607,Sala,66,Hombre,0,0,0,0.88,36.4,0,0,0,NA
1608,Sala,61,Mujer,0,0,0,1.79,228.6,1,0,1,0
1609,UCI,57,Hombre,0,0,0,0.82,155.3,0,0,0,NA
1610,Sala,73,Mujer,1,0,0,1.1,76.5,1,0,0,NA
1611,Sala,64,Hombre,0,0,0,0.93,28.8,0,0,0,NA
1612,Sala,36,Hombre,1,0,0,0.89,142.1,0,0,1,0
1613,UCI,63,Hombre,1,0,0,0.85,128.1,0,0,0,NA
1614,UCI,71,Hombre,0,1,0,1.04,165.9,0,0,1,0
1615,Sala,42,Mujer,0,0,0,0.66,245.3,2,1,0,NA
1616,Sala,47,Mujer,1,1,0,1.29,122.7,2,1,1,1
1617,UCI,58,Mujer,1,0,0,1.26,37.1,0,0,1,0
1618,Sala,75,Mujer,0,0,1,0.71,132.8,0,0,0,NA
1619,Sala,64,Hombre,0,0,0,0.72,170.6,0,0,1,0
1620,Sala,72,Hombre,0,0,1,0.41,177.4,0,0,1,0
1621,Sala,73,Mujer,0,0,0,1.01,163.5,1,0,1,0
1622,Sala,33,Hombre,1,0,0,0.7,29.5,0,0,0,NA
1623,Sala,60,Hombre,1,0,1,0.86,45.7,0,0,1,0
1624,Sala,73,Mujer,0,0,0,1.31,245,3,1,0,NA
1625,Sala,73,Hombre,0,0,1,1.34,44.5,0,0,0,NA
1626,Sala,46,Mujer,0,0,0,0.74,73.6,1,0,0,NA
1627,Sala,58,Mujer,0,0,0,0.88,72.8,0,0,1,0
1628,Sala,56,Mujer,0,0,0,0.93,128.4,0,0,0,NA
1629,UCI,75,Mujer,0,0,0,1.22,105.7,2,1,1,1
1630,UCI,56,Hombre,0,0,0,0.82,31.4,0,0,1,0
1631,UCI,29,Hombre,0,1,1,0.83,72.5,2,1,0,NA
1632,Sala,75,Hombre,0,0,0,1.16,120.9,3,1,0,NA
1633,Sala,71,Mujer,0,1,0,0.82,471.4,2,1,0,NA
1634,Sala,83,Mujer,0,0,1,0.93,275.5,2,1,1,1
1635,Sala,71,Mujer,0,1,0,0.85,85.2,0,0,1,0
1636,Sala,70,Hombre,1,1,0,0.98,324.9,3,1,1,1
1637,Sala,52,Mujer,0,0,0,0.63,156.9,0,0,1,0
1638,Sala,54,Mujer,0,1,0,0.59,110.4,0,0,0,NA
1639,Sala,35,Hombre,0,0,1,0.89,45.6,0,0,0,NA
1640,UCI,74,Hombre,0,0,0,0.78,39.4,0,0,0,NA
1641,Sala,43,Hombre,0,0,0,0.95,200.8,0,0,1,0
1642,Sala,32,Mujer,0,0,1,0.49,38.9,0,0,1,0
1643,Sala,70,Mujer,0,0,0,0.87,112.6,0,0,0,NA
1644,Sala,61,Hombre,0,0,0,0.84,44.1,0,0,0,NA
1645,Sala,84,Mujer,0,0,1,0.95,59,0,0,0,NA
1646,UCI,95,Mujer,1,1,0,1.41,67.9,0,0,1,0
1647,Sala,56,Hombre,0,0,0,1.02,72.6,0,0,0,NA
1648,Sala,49,Hombre,0,0,0,0.99,33.2,0,0,1,0
1649,UCI,70,Hombre,0,1,0,1.78,457.2,3,1,0,NA
1650,UCI,35,Hombre,0,0,0,0.45,91.1,0,0,1,0
1651,Sala,65,Hombre,0,0,0,1.01,33.1,0,0,0,NA
1652,UCI,68,Mujer,0,1,0,1.63,1702.9,3,1,1,1
1653,Sala,49,Mujer,0,0,0,0.74,49,0,0,0,NA
1654,Sala,38,Hombre,0,0,1,0.69,78.9,0,0,0,NA
1655,UCI,72,Hombre,1,0,0,0.52,37.7,0,0,0,NA
1656,Sala,59,Mujer,1,0,0,0.68,180.6,0,0,1,0
1657,UCI,74,Hombre,0,1,0,1.62,268.1,1,0,1,0
1658,Sala,51,Mujer,0,0,0,0.75,53.1,0,0,0,NA
1659,UCI,42,Mujer,1,1,0,1.06,89.3,0,0,1,0
1660,Sala,69,Hombre,0,0,0,0.4,168.4,1,0,1,0
1661,Sala,59,Hombre,0,0,0,0.93,59.3,0,0,0,NA
1662,Sala,68,Mujer,0,0,0,0.69,137.8,0,0,1,0
1663,Sala,53,Hombre,1,0,0,1.55,123.2,0,0,1,0
1664,Sala,60,Hombre,0,0,0,0.5,172.3,0,0,1,0
1665,Sala,59,Hombre,0,0,1,0.94,32.8,0,0,1,0
1666,Sala,77,Hombre,0,0,0,1.15,37.1,0,0,1,0
1667,Sala,60,Mujer,0,0,0,0.96,51.3,0,0,1,0
1668,Sala,69,Mujer,0,0,0,0.81,244.1,0,0,1,0
1669,Sala,66,Hombre,0,0,0,1.05,67.2,0,0,0,NA
1670,UCI,52,Mujer,0,0,1,1.54,55.3,0,0,0,NA
1671,Sala,56,Mujer,1,1,0,0.69,83.7,1,0,0,NA
1672,Sala,70,Hombre,0,0,0,1,29.8,0,0,0,NA
1673,Sala,36,Mujer,0,0,0,0.81,87.6,0,0,0,NA
1674,UCI,55,Hombre,0,1,0,1.19,260.1,0,0,1,0
1675,UCI,50,Hombre,0,1,0,1.46,409.5,0,0,1,0
1676,Sala,63,Hombre,0,0,1,1.36,51,0,0,0,NA
1677,Sala,32,Hombre,0,0,0,0.55,19.9,0,0,0,NA
1678,Sala,39,Hombre,0,0,0,0.72,17.5,0,0,0,NA
1679,UCI,64,Mujer,0,0,0,1.34,54.7,1,0,0,NA
1680,Sala,58,Mujer,0,0,0,0.84,37.9,0,0,0,NA
1681,Sala,61,Hombre,0,0,1,0.57,47.7,0,0,1,0
1682,Sala,59,Mujer,0,0,0,1.07,91.6,0,0,0,NA
1683,UCI,77,Mujer,0,1,1,1.12,325,3,1,1,1
1684,Sala,71,Mujer,0,0,0,1.12,29.5,0,0,0,NA
1685,Sala,92,Hombre,0,0,1,1.12,147.8,0,0,1,0
1686,UCI,60,Hombre,0,0,1,0.84,117.9,1,0,1,0
1687,UCI,56,Hombre,0,1,0,1.36,66.2,3,1,0,NA
1688,Sala,62,Hombre,0,1,0,0.88,205.3,0,0,1,0
1689,UCI,57,Mujer,1,0,0,1.08,139.8,0,0,1,0
1690,UCI,73,Mujer,0,1,1,1.85,308.4,3,1,1,1
1691,Sala,64,Mujer,1,0,1,0.95,96.6,1,0,1,0
1692,UCI,69,Hombre,0,0,0,0.86,109.3,0,0,0,NA
1693,Sala,49,Hombre,0,0,0,1.72,42.2,0,0,0,NA
1694,Sala,51,Mujer,0,0,0,1.23,56,0,0,0,NA
1695,Sala,65,Mujer,0,0,0,0.8,31.1,0,0,0,NA
1696,Sala,53,Hombre,0,1,0,0.89,105.8,1,0,1,0
1697,Sala,63,Hombre,0,0,0,0.93,51.3,0,0,0,NA
1698,Sala,73,Hombre,0,0,0,0.86,35.4,0,0,0,NA
1699,Sala,56,Mujer,0,0,0,0.59,27.5,0,0,0,NA
1700,Sala,75,Hombre,0,0,0,1.28,101.8,1,0,1,0
1701,UCI,63,Hombre,1,0,0,1.11,400.1,2,1,0,NA
1702,Sala,81,Hombre,1,0,0,0.93,49.6,0,0,1,0
1703,Sala,74,Mujer,1,0,0,1.72,85.9,2,1,1,1
1704,Sala,54,Hombre,1,0,0,0.67,262.4,1,0,1,0
1705,Sala,68,Mujer,0,0,0,0.59,67.1,0,0,1,0
1706,Sala,66,Hombre,0,0,0,1.1,72.6,0,0,0,NA
1707,Sala,81,Hombre,0,0,0,1.14,21.5,0,0,0,NA
1708,UCI,88,Hombre,1,1,0,1.72,200.8,2,1,1,1
1709,Sala,50,Hombre,0,0,0,1.25,52.6,0,0,0,NA
1710,UCI,62,Mujer,0,1,0,0.78,481.3,0,0,1,0
1711,Sala,46,Hombre,1,0,0,0.72,68.9,2,1,1,1
1712,Sala,74,Hombre,0,0,0,0.79,105.7,0,0,1,0
1713,Sala,65,Mujer,0,1,1,0.81,44.1,0,0,1,0
1714,Sala,55,Mujer,0,0,0,0.85,45.5,0,0,0,NA
1715,Sala,40,Hombre,0,0,1,1.14,50.1,0,0,1,0
1716,UCI,52,Mujer,1,0,0,0.82,103.1,0,0,0,NA
1717,UCI,77,Hombre,1,1,0,0.96,130.9,1,0,1,0
1718,UCI,59,Mujer,0,0,0,0.88,54,0,0,0,NA
1719,UCI,66,Hombre,0,0,0,0.76,83.5,0,0,0,NA
1720,Sala,60,Hombre,0,0,0,1.84,29,0,0,0,NA
1721,Sala,63,Hombre,0,0,0,1.36,61.5,0,0,0,NA
1722,UCI,85,Mujer,1,0,1,1.03,197.4,3,1,1,1
1723,Sala,51,Hombre,0,0,0,0.69,65.2,0,0,0,NA
1724,Sala,62,Hombre,0,0,0,0.76,24.5,0,0,0,NA
1725,Sala,47,Hombre,0,0,0,1.37,15.3,0,0,0,NA
1726,Sala,95,Hombre,0,0,0,0.95,65.2,1,0,0,NA
1727,UCI,56,Hombre,0,1,1,1.33,97.5,0,0,0,NA
1728,Sala,67,Hombre,1,0,0,0.6,117.2,2,1,1,1
1729,Sala,49,Mujer,0,0,0,1.15,126.3,0,0,1,0
1730,Sala,38,Hombre,0,0,0,0.7,119.1,1,0,0,NA
1731,Sala,74,Hombre,1,0,1,1.02,155.3,0,0,1,0
1732,UCI,37,Mujer,0,1,0,1.02,83.5,0,0,1,0
1733,Sala,55,Mujer,1,0,0,0.96,25,0,0,0,NA
1734,Sala,28,Mujer,0,0,0,1.02,159.4,1,0,1,0
1735,Sala,52,Hombre,1,0,1,1.19,96.1,0,0,0,NA
1736,Sala,68,Hombre,0,0,0,0.86,115,0,0,1,0
1737,UCI,56,Hombre,0,0,1,1.01,64.3,0,0,0,NA
1738,Sala,66,Hombre,0,0,0,0.69,56.8,1,0,1,0
1739,Sala,47,Mujer,0,0,0,0.66,17.3,1,0,0,NA
1740,Sala,79,Mujer,1,0,0,1.33,62.1,0,0,0,NA
1741,UCI,69,Mujer,0,0,0,0.76,70.7,0,0,0,NA
1742,Sala,66,Mujer,0,0,0,0.94,27.2,0,0,0,NA
1743,UCI,69,Mujer,0,0,0,1.61,69.6,0,0,0,NA
1744,UCI,50,Mujer,0,1,0,1,122.8,0,0,0,NA
1745,Sala,79,Hombre,0,0,0,0.89,16.2,0,0,0,NA
1746,Sala,47,Hombre,0,0,0,0.73,24.1,0,0,1,0
1747,UCI,67,Hombre,0,1,0,1.35,203.7,0,0,1,0
1748,Sala,60,Hombre,0,0,0,1.06,102,0,0,0,NA
1749,Sala,60,Hombre,1,0,0,1.65,92.5,0,0,1,0
1750,Sala,63,Mujer,1,1,0,1.54,100.7,2,1,1,1
1751,UCI,53,Mujer,0,1,0,1.78,123.2,0,0,0,NA
1752,Sala,65,Mujer,1,0,0,1.16,33.7,1,0,0,NA
1753,UCI,41,Hombre,0,1,0,0.53,329.9,1,0,1,0
1754,Sala,48,Mujer,1,0,0,0.57,44.1,0,0,0,NA
1755,Sala,83,Hombre,0,0,0,0.61,13.4,0,0,0,NA
1756,Sala,64,Mujer,1,0,0,0.72,118.1,1,0,0,NA
1757,UCI,69,Hombre,0,0,1,0.74,52.2,0,0,0,NA
1758,UCI,82,Hombre,1,1,1,1.38,248.4,2,1,1,1
1759,Sala,55,Hombre,0,0,0,0.64,47.6,0,0,1,0
1760,UCI,78,Hombre,1,0,0,1.77,148.1,0,0,1,0
1761,Sala,82,Hombre,1,0,0,0.59,64.9,0,0,1,0
1762,Sala,77,Mujer,0,0,0,1.12,70.3,0,0,1,0
1763,UCI,68,Hombre,1,0,1,0.78,146.1,2,1,1,1
1764,Sala,62,Mujer,0,0,1,1.69,69.6,0,0,0,NA
1765,Sala,57,Hombre,0,0,0,1.37,176.2,0,0,1,0
1766,UCI,52,Mujer,0,1,1,1.77,54.8,0,0,0,NA
1767,Sala,74,Hombre,0,0,0,0.7,44.3,0,0,0,NA
1768,Sala,43,Mujer,1,0,0,1.13,122.5,0,0,0,NA
1769,Sala,57,Mujer,0,0,1,0.51,26.6,1,0,0,NA
1770,Sala,86,Mujer,1,0,1,1.42,37.6,0,0,0,NA
1771,Sala,84,Hombre,0,0,0,0.79,47.5,0,0,0,NA
1772,Sala,63,Mujer,0,0,0,0.69,21.6,0,0,0,NA
1773,UCI,75,Mujer,1,1,0,1.56,374.4,3,1,1,1
1774,Sala,62,Mujer,1,0,0,1.59,34.2,0,0,0,NA
1775,Sala,52,Hombre,0,0,0,1.12,95.4,0,0,0,NA
1776,Sala,66,Mujer,1,0,0,0.97,149.7,0,0,0,NA
1777,Sala,65,Hombre,0,0,0,1.32,133.9,0,0,1,0
1778,Sala,58,Mujer,1,0,0,0.93,124.9,0,0,0,NA
1779,Sala,57,Mujer,1,0,0,1.33,147.7,0,0,1,0
1780,UCI,84,Mujer,0,0,0,1.11,22.9,0,0,0,NA
1781,Sala,71,Mujer,0,0,0,1.13,310.6,2,1,1,1
1782,Sala,57,Hombre,0,0,1,0.76,48.7,0,0,0,NA
1783,UCI,69,Mujer,0,1,0,1.28,71,3,1,1,1
1784,Sala,95,Mujer,0,0,0,0.74,73.6,0,0,1,0
1785,Sala,76,Mujer,1,1,0,1.42,32.2,0,0,0,NA
1786,UCI,65,Hombre,0,1,1,1.16,177,2,1,1,1
1787,Sala,72,Mujer,0,0,1,0.78,38.7,0,0,0,NA
1788,Sala,58,Mujer,1,0,0,0.71,657.2,3,1,1,1
1789,Sala,46,Hombre,0,0,1,0.79,101.2,2,1,1,1
1790,UCI,60,Hombre,0,0,1,0.82,67.8,0,0,0,NA
1791,UCI,74,Hombre,1,1,0,2.15,44.8,0,0,0,NA
1792,Sala,45,Hombre,1,0,1,0.7,211.2,2,1,1,1
1793,UCI,62,Mujer,0,1,0,0.89,1012.9,2,1,1,1
1794,UCI,58,Hombre,0,1,1,0.93,62.4,0,0,0,NA
1795,Sala,69,Hombre,0,0,0,1.39,20.2,0,0,0,NA
1796,Sala,41,Mujer,0,0,1,0.9,70,0,0,1,0
1797,Sala,80,Hombre,0,0,0,1.28,146.2,0,0,1,0
1798,UCI,73,Mujer,1,0,1,1.11,108.1,0,0,0,NA
1799,Sala,71,Hombre,0,0,0,0.83,47.5,0,0,1,0
1800,UCI,86,Mujer,1,0,0,1.05,41.3,0,0,0,NA
1801,Sala,48,Hombre,1,1,0,1.11,43,0,0,0,NA
1802,Sala,77,Mujer,0,0,0,1.91,50.4,0,0,0,NA
1803,Sala,57,Hombre,0,0,0,0.83,73.1,0,0,0,NA
1804,Sala,48,Hombre,0,0,0,0.68,47.1,0,0,0,NA
1805,Sala,63,Hombre,1,0,0,0.68,98,0,0,0,NA
1806,Sala,49,Mujer,0,0,1,0.65,84.1,1,0,0,NA
1807,Sala,82,Mujer,0,1,0,1.67,47.5,1,0,1,0
1808,Sala,62,Hombre,0,0,1,1.16,815,3,1,1,1
1809,Sala,63,Hombre,0,0,0,0.84,72.8,0,0,0,NA
1810,Sala,57,Mujer,0,0,0,1.02,167.1,0,0,1,0
1811,Sala,54,Hombre,0,0,0,1.33,54.6,0,0,0,NA
1812,Sala,54,Mujer,0,0,1,1.22,59.4,0,0,1,0
1813,Sala,63,Hombre,0,0,0,0.98,78.9,0,0,0,NA
1814,Sala,56,Mujer,0,0,0,0.63,36,0,0,0,NA
1815,UCI,55,Mujer,0,0,0,0.93,64,0,0,0,NA
1816,Sala,54,Mujer,0,0,1,0.89,157.6,0,0,1,0
1817,Sala,55,Mujer,0,0,1,1.58,36.8,0,0,0,NA
1818,UCI,64,Mujer,0,0,0,0.71,75.5,1,0,1,0
1819,Sala,72,Mujer,0,0,1,0.68,25.4,0,0,0,NA
1820,Sala,74,Hombre,0,1,0,0.93,33.3,0,0,0,NA
1821,UCI,68,Hombre,0,1,0,1.4,75.7,0,0,0,NA
1822,Sala,78,Mujer,0,0,0,0.97,49.4,0,0,0,NA
1823,Sala,59,Mujer,0,0,0,0.56,291.8,0,0,1,0
1824,Sala,52,Hombre,0,0,0,1.28,33.8,0,0,0,NA
1825,Sala,60,Hombre,0,0,0,1.1,88.8,0,0,0,NA
1826,Sala,71,Hombre,0,0,0,1.03,35.8,0,0,0,NA
1827,UCI,95,Mujer,1,0,0,1.61,76.2,3,1,0,NA
1828,UCI,53,Mujer,1,0,0,0.99,275.9,3,1,0,NA
1829,Sala,42,Hombre,0,0,0,1.09,77.5,0,0,0,NA
1830,Sala,32,Hombre,0,0,1,0.43,97.3,0,0,1,0
1831,UCI,78,Mujer,0,0,1,1.35,84.2,3,1,0,NA
1832,UCI,90,Hombre,0,0,0,0.58,78.4,0,0,1,0
1833,Sala,55,Mujer,0,0,1,1.05,49.5,0,0,0,NA
1834,Sala,73,Hombre,1,0,0,1.52,45.9,0,0,0,NA
1835,UCI,66,Mujer,0,0,1,1.19,71.8,0,0,0,NA
1836,Sala,62,Mujer,1,0,1,0.82,49.6,0,0,0,NA
1837,Sala,58,Hombre,0,0,0,0.77,39.4,0,0,0,NA
1838,Sala,78,Mujer,0,1,0,1.57,243.4,2,1,1,1
1839,Sala,67,Hombre,1,0,0,0.97,138.7,1,0,0,NA
1840,Sala,34,Hombre,0,0,1,0.85,21.7,0,0,1,0
1841,Sala,40,Mujer,1,0,0,0.53,29.2,0,0,0,NA
1842,UCI,39,Mujer,0,0,1,1.43,139.3,0,0,1,0
1843,Sala,73,Hombre,0,0,0,0.78,30.2,1,0,0,NA
1844,Sala,61,Mujer,0,0,0,1.12,107.9,1,0,0,NA
1845,Sala,51,Mujer,0,1,0,0.81,83.9,0,0,0,NA
1846,Sala,40,Hombre,1,0,1,1.32,63.2,0,0,1,0
1847,Sala,59,Hombre,0,0,1,0.63,228.8,0,0,0,NA
1848,Sala,71,Mujer,0,0,0,0.81,27.7,0,0,0,NA
1849,Sala,59,Mujer,0,0,1,1.07,38.9,0,0,0,NA
1850,UCI,69,Mujer,1,0,1,0.77,40.9,0,0,1,0
1851,UCI,78,Mujer,0,0,0,1.39,334.5,3,1,1,1
1852,Sala,69,Hombre,0,0,0,0.94,47.8,1,0,1,0
1853,Sala,59,Hombre,0,0,1,0.79,16.7,0,0,0,NA
1854,Sala,81,Hombre,0,0,0,1.29,52.6,0,0,0,NA
1855,Sala,58,Mujer,1,0,1,1.11,225.6,2,1,1,1
1856,Sala,58,Hombre,1,0,1,1.76,176.1,1,0,0,NA
1857,Sala,53,Hombre,0,0,0,1.02,58.2,0,0,0,NA
1858,Sala,73,Hombre,0,1,0,0.89,51,0,0,1,0
1859,Sala,69,Hombre,1,0,0,0.46,76.1,1,0,1,0
1860,UCI,56,Mujer,0,0,0,0.84,88.5,0,0,0,NA
1861,UCI,74,Mujer,0,0,0,1.17,176.1,0,0,1,0
1862,UCI,40,Mujer,0,0,0,0.95,37.5,2,1,0,NA
1863,Sala,71,Mujer,0,0,0,0.68,56,0,0,0,NA
1864,Sala,71,Hombre,0,0,0,1.74,9.5,0,0,0,NA
1865,Sala,58,Mujer,0,0,0,0.44,60.8,0,0,0,NA
1866,UCI,68,Mujer,0,0,0,0.82,31.1,0,0,0,NA
1867,Sala,90,Mujer,0,0,0,0.87,335.6,0,0,1,0
1868,Sala,47,Mujer,0,0,0,0.84,162.6,3,1,1,1
1869,Sala,61,Mujer,0,0,0,0.91,30.8,0,0,0,NA
1870,UCI,57,Hombre,0,1,1,1.01,391.5,0,0,1,0
1871,Sala,49,Mujer,1,0,1,0.71,19.2,0,0,0,NA
1872,Sala,47,Mujer,0,0,1,0.57,52.3,0,0,0,NA
1873,Sala,60,Mujer,0,0,0,2.23,269.7,2,1,1,1
1874,UCI,53,Hombre,0,1,0,1.61,220.7,2,1,1,1
1875,Sala,48,Mujer,1,0,0,1.11,136.3,0,0,0,NA
1876,Sala,60,Hombre,0,0,1,1.15,53.7,0,0,1,0
1877,Sala,55,Hombre,0,0,0,1.21,39.9,0,0,0,NA
1878,Sala,56,Hombre,0,0,0,0.81,147.4,0,0,1,0
1879,UCI,57,Hombre,0,0,1,0.9,103.1,0,0,0,NA
1880,Sala,56,Hombre,0,0,0,0.87,21.7,0,0,0,NA
1881,UCI,50,Mujer,0,0,0,0.55,91.5,0,0,1,0
1882,Sala,61,Mujer,0,0,0,1.15,76.5,0,0,1,0
1883,Sala,74,Mujer,0,0,1,1.37,19.9,0,0,0,NA
1884,UCI,58,Hombre,0,0,0,0.98,138.4,2,1,0,NA
1885,UCI,53,Mujer,0,0,1,0.51,19.4,0,0,0,NA
1886,Sala,69,Hombre,0,0,0,1.04,101.2,0,0,0,NA
1887,UCI,38,Hombre,0,1,0,0.85,551.8,3,1,1,1
1888,Sala,64,Mujer,0,0,0,0.93,23,0,0,0,NA
1889,Sala,85,Mujer,1,0,0,1.1,381.6,3,1,1,1
1890,Sala,52,Hombre,0,0,0,0.63,13.6,0,0,0,NA
1891,Sala,47,Hombre,1,0,0,0.86,25.4,0,0,0,NA
1892,Sala,58,Hombre,0,0,0,1.22,50.9,0,0,0,NA
1893,Sala,83,Mujer,1,1,1,1.39,289.4,2,1,0,NA
1894,Sala,46,Mujer,1,0,0,0.92,22.6,0,0,0,NA
1895,Sala,47,Mujer,0,0,0,1.08,141.9,0,0,0,NA
1896,UCI,64,Hombre,0,1,1,1.21,199.4,3,1,1,1
1897,UCI,82,Hombre,0,1,1,1.35,26.7,0,0,0,NA
1898,Sala,45,Mujer,0,1,1,1.34,54,0,0,0,NA
1899,UCI,77,Hombre,0,1,0,1.2,106.9,2,1,1,1
1900,Sala,55,Mujer,0,0,0,0.97,57.4,0,0,0,NA
1901,UCI,68,Hombre,0,0,0,1.2,19.3,0,0,1,0
1902,UCI,64,Hombre,0,0,0,1.26,62.1,0,0,0,NA
1903,UCI,44,Hombre,0,0,0,1.18,60.1,0,0,0,NA
1904,Sala,89,Mujer,1,0,0,1.9,75.6,3,1,0,NA
1905,UCI,65,Hombre,0,1,0,1.43,70.8,0,0,0,NA
1906,Sala,67,Hombre,0,0,0,1.11,38.5,0,0,0,NA
1907,Sala,72,Hombre,0,0,0,1.11,32.2,0,0,0,NA
1908,UCI,53,Mujer,0,1,0,0.73,151.5,0,0,1,0
1909,Sala,93,Hombre,0,0,0,1.4,87.8,0,0,1,0
1910,UCI,41,Hombre,0,1,1,1.04,334.3,2,1,1,1
1911,Sala,63,Hombre,0,0,0,0.71,47.9,0,0,0,NA
1912,Sala,46,Mujer,0,0,0,0.73,97.6,0,0,0,NA
1913,Sala,69,Hombre,0,0,0,0.94,21.3,0,0,0,NA
1914,Sala,83,Mujer,0,0,0,0.91,76.1,0,0,0,NA
1915,Sala,38,Hombre,0,0,0,0.65,123,3,1,1,1
1916,Sala,44,Mujer,0,0,0,0.8,46.1,0,0,0,NA
1917,UCI,46,Hombre,0,1,0,0.75,102.1,0,0,1,0
1918,Sala,61,Hombre,0,0,1,0.95,20.4,0,0,0,NA
1919,UCI,95,Hombre,1,0,1,1.24,53.6,0,0,0,NA
1920,Sala,70,Mujer,0,0,0,1.14,44.9,0,0,1,0
1921,Sala,48,Hombre,1,0,1,1.1,58.2,0,0,0,NA
1922,UCI,69,Hombre,0,1,0,0.96,62.6,0,0,1,0
1923,Sala,88,Mujer,1,0,0,3.32,52.5,0,0,0,NA
1924,Sala,27,Mujer,1,0,0,1,85.5,0,0,0,NA
1925,UCI,69,Hombre,0,0,0,1.53,113.5,0,0,1,0
1926,UCI,50,Hombre,0,0,0,0.6,77.3,0,0,0,NA
1927,UCI,85,Hombre,0,1,0,1.12,126.2,0,0,1,0
1928,Sala,95,Hombre,1,0,0,0.84,88.7,0,0,0,NA
1929,Sala,61,Hombre,1,0,0,0.87,39,0,0,0,NA
1930,Sala,53,Mujer,1,0,0,1.35,39.5,0,0,1,0
1931,Sala,78,Mujer,0,0,1,1.12,53.4,0,0,0,NA
1932,UCI,65,Hombre,0,0,1,0.77,55.2,0,0,1,0
1933,Sala,81,Hombre,0,1,0,1.39,500.3,2,1,1,1
1934,Sala,91,Mujer,0,0,0,0.68,51.8,0,0,0,NA
1935,Sala,50,Mujer,1,0,0,1.55,174.1,2,1,1,1
1936,Sala,55,Hombre,0,0,0,1.03,211.8,0,0,1,0
1937,Sala,40,Hombre,0,0,0,1.05,35,0,0,0,NA
1938,UCI,49,Hombre,0,0,0,1.44,40.2,0,0,0,NA
1939,UCI,80,Hombre,0,0,1,1.64,33.4,0,0,0,NA
1940,UCI,74,Hombre,0,1,0,1.22,96.5,3,1,0,NA
1941,Sala,71,Hombre,0,0,0,1.04,148.7,0,0,0,NA
1942,Sala,69,Mujer,0,0,1,0.72,38.1,0,0,0,NA
1943,UCI,74,Mujer,0,0,0,0.74,67.7,0,0,1,0
1944,Sala,77,Mujer,1,0,0,1.48,534.8,2,1,1,1
1945,Sala,56,Mujer,0,0,0,0.88,97.4,0,0,0,NA
1946,UCI,81,Mujer,0,0,0,1.22,30.5,0,0,0,NA
1947,Sala,68,Hombre,0,0,1,1.23,111.6,0,0,0,NA
1948,UCI,77,Mujer,1,1,1,1.82,109.1,2,1,0,NA
1949,UCI,76,Hombre,0,0,1,0.57,64,0,0,0,NA
1950,Sala,50,Hombre,0,0,0,0.69,9.4,0,0,0,NA
1951,Sala,79,Hombre,0,0,0,1.1,122.2,0,0,1,0
1952,Sala,52,Hombre,0,1,0,1.14,95.9,0,0,1,0
1953,Sala,58,Hombre,0,0,0,0.9,116.9,0,0,0,NA
1954,Sala,43,Mujer,0,0,0,1.09,53.3,0,0,0,NA
1955,Sala,68,Mujer,0,0,1,0.82,8.9,0,0,0,NA
1956,Sala,75,Hombre,1,0,0,0.86,70.5,0,0,0,NA
1957,Sala,55,Hombre,0,0,0,0.67,29.6,0,0,0,NA
1958,Sala,78,Hombre,0,0,0,0.73,13.4,0,0,0,NA
1959,Sala,49,Hombre,0,0,0,1.56,17.7,1,0,0,NA
1960,UCI,82,Mujer,0,1,0,1.19,222.9,0,0,1,0
1961,Sala,47,Mujer,0,0,0,1.41,28,1,0,0,NA
1962,Sala,43,Hombre,1,0,0,0.55,66,0,0,0,NA
1963,UCI,95,Hombre,0,0,1,1.04,99.7,0,0,0,NA
1964,Sala,81,Mujer,1,0,0,1.8,37,3,1,0,NA
1965,UCI,60,Hombre,0,1,0,2.02,185.5,0,0,1,0
1966,Sala,41,Mujer,1,0,0,1.09,51,0,0,1,0
1967,Sala,77,Hombre,1,0,0,0.95,118.3,0,0,1,0
1968,Sala,81,Hombre,0,0,0,1.07,35.7,0,0,1,0
1969,Sala,55,Hombre,1,0,0,0.79,64.5,1,0,0,NA
1970,Sala,40,Mujer,0,0,1,1.36,228.3,0,0,1,0
1971,Sala,63,Mujer,0,0,0,0.99,65.7,0,0,0,NA
1972,Sala,39,Hombre,0,0,0,0.97,35.3,0,0,1,0
1973,Sala,88,Mujer,0,0,0,1.05,21.5,0,0,0,NA
1974,UCI,36,Mujer,0,0,0,0.72,37.3,0,0,0,NA
1975,Sala,70,Hombre,0,0,1,1.29,74.3,0,0,1,0
1976,Sala,73,Hombre,1,0,0,0.9,179.6,0,0,1,0
1977,Sala,63,Mujer,0,0,0,1.05,28.4,0,0,0,NA
1978,UCI,77,Hombre,1,0,1,1.26,117.4,2,1,1,1
1979,Sala,61,Hombre,0,0,0,1.11,109.2,0,0,1,0
1980,UCI,60,Hombre,0,1,0,1.46,246,2,1,1,1
1981,Sala,50,Mujer,1,0,0,0.9,105.1,0,0,0,NA
1982,Sala,74,Mujer,0,0,0,1.63,195.4,0,0,1,0
1983,Sala,73,Mujer,1,0,0,1.32,41.1,0,0,0,NA
1984,Sala,84,Hombre,0,0,0,0.82,57.5,0,0,0,NA
1985,Sala,76,Mujer,0,0,0,0.58,92.1,0,0,0,NA
1986,Sala,78,Mujer,0,0,0,1.12,30.8,0,0,1,0
1987,Sala,59,Mujer,0,0,0,1.18,86.5,0,0,0,NA
1988,Sala,95,Mujer,0,0,0,1.39,74.7,0,0,0,NA
1989,UCI,39,Hombre,0,0,0,0.77,205.2,0,0,1,0
1990,Sala,52,Mujer,1,1,0,1.11,91.2,2,1,0,NA
1991,UCI,59,Hombre,0,1,0,1.5,707.5,2,1,1,1
1992,UCI,70,Hombre,1,1,0,0.85,171,0,0,1,0
1993,Sala,42,Hombre,0,0,0,0.7,131.4,0,0,1,0
1994,Sala,53,Mujer,0,0,1,1.03,18.2,0,0,0,NA
1995,Sala,81,Hombre,1,0,0,0.82,27.2,0,0,0,NA
1996,Sala,71,Mujer,0,0,1,0.96,83.6,0,0,0,NA
1997,UCI,77,Hombre,1,1,0,1.68,487.5,3,1,1,1
1998,Sala,42,Mujer,1,0,1,0.88,63,0,0,0,NA
1999,Sala,56,Hombre,0,0,1,0.73,75,0,0,0,NA
2000,Sala,95,Mujer,1,0,0,0.84,38.6,0,0,0,NA
