id,centro,brazo,edad,sexo,dm,tfg0,bic0,uacr,pas,adhiere,tfg_6,tfg_12,tfg_24,tiempo_meses,estado
1,8,Placebo,80,Mujer,0,32.4,21,77,150,0,29.5,31.6,23.7,29.58,0
2,7,Placebo,65,Mujer,1,34.6,20.2,250,133,0,33.8,29.3,27.7,34.73,0
3,16,Placebo,45,Mujer,1,27.7,20.5,29,158,0,24.8,22.7,22.6,32.22,0
4,11,Placebo,81,Mujer,0,22.8,16.2,24,123,0,21.5,21.9,17.2,29.39,0
5,8,Placebo,70,Hombre,0,24.5,21.7,454,174,0,23.3,21.1,25,24.45,0
6,15,Bicarbonato,74,Hombre,0,30.2,21.2,23,153,1,28.5,28.1,28.1,33.57,0
7,11,Placebo,56,Hombre,1,26.4,20.6,55,132,0,27,26.9,21.7,28.39,0
8,6,Placebo,45,Hombre,0,34.2,20.2,1039,145,0,30.8,39.9,36.9,35.38,0
9,15,Bicarbonato,37,Hombre,0,30.2,17.5,46,147,1,29.6,32.5,30.6,7.82,1
10,11,Placebo,47,Mujer,0,37.5,21.4,639,127,0,35.2,34.3,32.6,17.41,1
11,14,Bicarbonato,80,Mujer,0,36.6,18.6,65,136,0,34,32.9,28.6,22.89,1
12,8,Bicarbonato,63,Mujer,1,19.1,21.3,372,127,1,15.1,20.1,11.7,27.88,0
13,4,Placebo,61,Hombre,0,30,19.7,856,159,0,29.7,27.3,23.7,5.45,1
14,9,Placebo,59,Hombre,1,25.2,20.1,66,128,0,24.9,22.9,12.8,18.68,1
15,6,Bicarbonato,49,Hombre,0,32.7,19.4,104,132,1,36.8,37.5,34.5,31.08,0
16,4,Bicarbonato,71,Hombre,0,33.8,20.5,44,106,1,32.3,33.4,34.2,29.82,0
17,14,Placebo,74,Mujer,0,31.7,16.1,428,106,0,31.2,31.7,25.2,29.52,0
18,3,Bicarbonato,63,Hombre,0,28.7,18.6,182,150,1,26.1,24.2,24.5,29,0
19,9,Bicarbonato,56,Mujer,1,20.3,22.9,129,151,1,20.7,NA,NA,31.38,0
20,2,Bicarbonato,69,Hombre,0,32.3,19.8,13,155,1,28.5,24.8,30.4,32.52,0
21,1,Bicarbonato,61,Hombre,1,21.6,18.4,49,130,1,NA,NA,NA,26.82,0
22,6,Placebo,73,Hombre,0,29.5,21.1,48,123,0,31.3,25.7,22.6,35.88,0
23,1,Placebo,85,Hombre,1,31.8,20.9,732,143,0,33.3,28.1,24.5,26.04,0
24,11,Placebo,65,Hombre,1,32.1,21.2,114,134,0,29,29.4,26.5,29.94,0
25,9,Placebo,70,Hombre,0,32.9,19.5,207,137,0,32.1,28.8,28.1,0.31,1
26,12,Placebo,60,Mujer,0,25.4,20.7,141,127,0,23.6,22.5,NA,23.43,1
27,10,Bicarbonato,41,Mujer,1,20.4,18.5,209,131,1,NA,NA,NA,32.85,0
28,11,Placebo,83,Hombre,1,20,22.3,335,138,0,15.1,17,14.8,31.57,0
29,5,Placebo,72,Hombre,1,23.9,21,597,142,0,18.9,17.4,12.9,24.26,1
30,13,Placebo,51,Mujer,0,31.4,19.7,96,126,0,28.9,30.4,NA,32.13,0
31,7,Bicarbonato,79,Hombre,1,26.3,20.2,230,158,1,20.8,22.8,20.4,13.79,2
32,6,Placebo,68,Hombre,1,44,23,44,137,0,43.8,42.7,37.7,32.93,0
33,3,Bicarbonato,48,Hombre,1,38.7,20.2,270,131,1,40.9,36.4,39.5,13.09,1
34,3,Bicarbonato,62,Mujer,1,28.3,20,2449,100,0,27.4,24,15.7,2.14,1
35,16,Bicarbonato,73,Hombre,0,27.7,20.6,173,141,0,27.1,24.2,26.3,15.96,2
36,2,Bicarbonato,50,Mujer,0,30.2,19.1,975,124,1,35.3,26.1,26.6,34.85,0
37,16,Placebo,74,Hombre,1,29.3,20.9,37,132,0,28.4,NA,NA,4.66,2
38,8,Bicarbonato,65,Mujer,0,32.6,20.3,282,117,1,33.5,29.9,31.4,27.98,0
39,6,Bicarbonato,78,Hombre,1,24.7,19.4,154,119,0,19.8,18.9,16.5,10.87,1
40,1,Bicarbonato,53,Hombre,0,27.8,20.7,680,136,1,27.2,26.8,26.7,35.22,0
41,16,Bicarbonato,58,Hombre,0,31.2,16.6,435,132,1,34.3,31.6,29.3,32.3,0
42,9,Placebo,57,Hombre,0,36.8,20,87,131,0,37.7,37.4,36.3,29.36,0
43,13,Placebo,67,Hombre,1,28.9,22.3,86,177,0,26.2,21.7,20,3.26,2
44,7,Bicarbonato,57,Mujer,0,31.8,21.6,524,132,1,28.7,31.4,30.1,31.73,0
45,3,Placebo,69,Hombre,1,28.8,20.6,34,131,0,28,31.5,22.5,32.48,0
46,13,Bicarbonato,65,Hombre,0,25.8,20.2,102,135,1,24.2,24.2,20.7,29.76,0
47,3,Bicarbonato,44,Mujer,1,29.1,20.3,293,121,1,28.2,28,NA,30.92,0
48,14,Bicarbonato,70,Mujer,1,44,19.5,430,151,1,43.8,38.8,33.4,25.45,2
49,10,Placebo,75,Hombre,0,31.7,20.2,118,138,0,30.5,25.1,21.1,25.18,2
50,14,Placebo,68,Hombre,1,30,18.8,62,139,0,29.4,27.5,20.2,34.19,0
51,7,Bicarbonato,69,Mujer,0,21.1,19.6,230,148,0,16.2,16.2,13.1,6.49,1
52,13,Bicarbonato,73,Hombre,0,41.1,18.6,68,125,1,NA,NA,NA,29.92,0
53,7,Placebo,59,Mujer,0,21.7,19.5,208,109,0,NA,NA,NA,19.05,1
54,9,Placebo,77,Mujer,0,36.8,19.8,1366,155,0,36.9,32.3,27.7,25.48,0
55,12,Bicarbonato,62,Mujer,1,34.9,19.5,363,134,1,34.3,37.2,33.5,8.87,1
56,8,Bicarbonato,71,Hombre,1,33.7,21.5,74,162,0,32.2,28.2,27.7,26.47,2
57,11,Placebo,70,Mujer,0,30.4,19.7,892,130,0,27.7,28.7,19.7,27.72,0
58,14,Placebo,70,Hombre,0,29.8,21.1,9,140,0,31.1,27.3,23.1,7.98,1
59,16,Bicarbonato,84,Mujer,1,34.2,16.3,153,120,1,36.7,NA,NA,0.21,2
60,1,Placebo,70,Mujer,1,31,21.8,63,136,0,31.7,25.3,27,35.88,0
61,9,Placebo,88,Hombre,0,28,22.9,321,133,0,21.9,24.1,18.8,33.24,0
62,15,Placebo,68,Mujer,1,30.8,18.9,3425,153,0,30,24.1,20.8,11.59,1
63,6,Bicarbonato,61,Hombre,1,44,20.5,461,149,1,42,36,35.2,8.14,2
64,9,Placebo,74,Hombre,1,25.6,24,190,144,0,24.7,22.1,18.7,30.08,0
65,3,Placebo,77,Hombre,0,33.4,19,266,180,0,32.9,27.3,21.8,10.19,1
66,8,Placebo,50,Hombre,0,25.2,18.7,1836,129,0,22.6,24.4,16.6,22.79,1
67,16,Bicarbonato,84,Hombre,0,32.2,19.6,220,138,1,35.3,30.3,28.7,16.06,2
68,2,Bicarbonato,57,Hombre,1,31,18.6,110,136,1,23.9,30.8,28.4,34.29,0
69,12,Bicarbonato,61,Mujer,0,30.5,20.2,195,120,1,29.3,28.4,24.8,2.19,1
70,7,Placebo,60,Hombre,1,37.7,24,1316,114,0,37,36.5,31.4,13.49,1
71,13,Placebo,60,Mujer,0,29.8,19.2,188,132,0,28.8,25.2,29.6,7.45,2
72,8,Placebo,55,Mujer,1,33.2,21,303,147,0,30.3,30.3,29.2,35.32,0
73,10,Bicarbonato,75,Hombre,0,36.6,20.8,258,122,1,34.1,32.3,29.4,27.83,1
74,14,Placebo,76,Hombre,0,37,19.5,47,139,0,41.1,34.3,30,31.93,0
75,13,Bicarbonato,63,Hombre,1,40.5,22,603,169,1,37.7,34.1,38.7,27.02,0
76,5,Bicarbonato,66,Mujer,0,33.4,21.9,38,118,1,32.2,33.4,31,11.09,1
77,11,Placebo,81,Hombre,1,30.2,21.6,290,111,0,NA,NA,NA,0.55,1
78,13,Bicarbonato,69,Mujer,1,32.8,18.5,234,135,1,26.8,34.5,25.7,28.48,0
79,1,Bicarbonato,65,Mujer,0,43.4,21,810,151,1,39.2,35.9,33.8,29.24,0
80,13,Bicarbonato,77,Hombre,0,28.2,18.7,195,150,1,NA,NA,NA,29.29,1
81,1,Bicarbonato,61,Hombre,0,22.4,17.5,29,160,0,24.1,20.9,19.7,31.76,0
82,12,Bicarbonato,70,Mujer,1,27.2,18.9,465,116,0,22.1,22.6,20,26.12,0
83,4,Placebo,60,Hombre,1,39.6,21.1,675,131,0,37.6,36.3,NA,32.98,0
84,3,Bicarbonato,63,Mujer,0,41.9,22.6,30,150,1,40.1,43.2,40,25.05,0
85,3,Bicarbonato,65,Mujer,0,33.9,22.5,57,153,0,29,26.9,26.3,33.6,0
86,16,Placebo,70,Hombre,0,29,19.5,151,129,0,25.3,28,25.5,24.81,0
87,12,Placebo,65,Hombre,0,38.1,19.2,1226,138,0,34.1,32.4,NA,27.01,0
88,10,Placebo,73,Mujer,0,30.5,23.4,64,161,0,29.7,25.3,21.2,24.69,0
89,16,Bicarbonato,63,Mujer,0,34.4,24,255,143,1,36.2,32.2,31.3,25.72,0
90,6,Placebo,55,Hombre,0,35.8,18.7,109,142,0,35.8,29.7,27.9,31.96,0
91,8,Bicarbonato,64,Mujer,1,15,21.9,20,143,0,15.7,12.5,4,0.53,1
92,7,Placebo,73,Mujer,0,34.5,19.9,606,118,0,31,30.9,30.8,3.06,1
93,16,Placebo,64,Mujer,0,27.2,18,329,138,0,23,26.9,26.8,24.93,0
94,10,Bicarbonato,57,Hombre,1,23.2,20,436,129,1,NA,NA,NA,31.21,0
95,8,Bicarbonato,64,Mujer,0,43.7,19.7,392,146,1,41.8,47.1,42.3,24.98,0
96,3,Placebo,49,Hombre,1,26.7,18,199,118,0,28.9,20.1,15.9,2.69,1
97,2,Bicarbonato,74,Hombre,0,23.8,21.8,23,108,1,24,19.7,23,33.11,0
98,6,Bicarbonato,78,Mujer,0,23.4,18.3,138,151,1,23.6,19.9,19.2,27.79,0
99,11,Placebo,45,Hombre,1,30.7,20.9,290,141,0,27.1,28.1,27.6,27.75,0
100,3,Bicarbonato,46,Hombre,1,29.4,19.9,265,121,1,26.7,NA,NA,24.16,1
101,12,Bicarbonato,46,Hombre,1,30.3,21.8,549,142,1,29.1,26.6,27.6,15.08,1
102,3,Bicarbonato,50,Mujer,0,28.7,18.5,238,125,1,26.4,32.1,28.3,30.96,0
103,3,Bicarbonato,61,Hombre,0,27.6,21.6,725,123,1,23.6,NA,NA,34.72,0
104,6,Placebo,53,Hombre,0,24.9,18.9,165,128,0,29.5,23.1,21,27.85,0
105,9,Placebo,47,Mujer,0,31.7,19.2,141,123,0,30.1,29.4,29.2,31.54,0
106,3,Placebo,53,Hombre,1,31.9,20.6,17,130,0,27.7,NA,NA,34.24,0
107,5,Bicarbonato,53,Hombre,0,22.4,17.4,3206,156,1,24.1,22.3,NA,32.84,0
108,2,Placebo,71,Mujer,1,19.9,17,263,125,0,15,18.8,NA,16.26,1
109,2,Bicarbonato,78,Hombre,0,28.8,17.8,48,135,1,26.3,27.5,NA,34.36,0
110,6,Bicarbonato,63,Mujer,1,30.7,22.1,227,119,1,29.5,NA,NA,24.72,0
111,4,Placebo,59,Mujer,0,31.1,17.6,45,138,0,30.7,30.5,24.6,29.14,0
112,15,Placebo,55,Mujer,0,43.6,22.5,50,136,0,42.2,41.6,30.6,9.96,1
113,13,Bicarbonato,53,Hombre,0,26.7,18.6,196,142,1,23.6,24.5,18.2,28.68,0
114,1,Bicarbonato,60,Hombre,1,29.6,18.3,253,100,1,27.7,29.6,30.4,30.82,0
115,11,Bicarbonato,76,Mujer,1,37.4,18,247,130,1,37.3,31.9,32.4,29.05,0
116,14,Placebo,60,Mujer,1,28.5,18.3,151,131,0,27,23.7,18,25.44,0
117,11,Bicarbonato,50,Hombre,1,34.1,17.7,294,151,1,34.5,32.8,32.4,30,0
118,11,Placebo,61,Hombre,1,22.6,19.8,280,160,0,18.3,17.9,12.4,3.63,2
119,4,Bicarbonato,67,Hombre,1,30.9,20.3,156,140,1,27.6,25.3,27,9.2,2
120,4,Bicarbonato,67,Hombre,1,35.4,19.5,386,155,1,35.7,33.7,31.7,31.96,0
121,11,Placebo,55,Hombre,1,27.4,19.5,529,141,0,26.1,NA,NA,28.73,0
122,6,Placebo,69,Mujer,0,29.6,22,148,128,0,28.2,22.5,25.9,24.85,2
123,16,Bicarbonato,58,Hombre,1,25.7,21,59,148,1,27.9,23.1,24.6,0.81,2
124,4,Placebo,67,Hombre,1,39.1,21.2,2183,153,0,35.7,34.2,26.5,6.26,1
125,13,Placebo,66,Hombre,0,30.3,19.5,107,123,0,28.9,29.7,23,33.74,0
126,2,Placebo,62,Hombre,0,27.4,19.6,493,151,0,24.2,25,21.7,10.82,1
127,10,Bicarbonato,56,Hombre,1,21.6,20.6,208,163,0,22.7,18.9,12.9,34.2,0
128,3,Placebo,64,Mujer,1,21.6,19.2,736,144,0,21.2,19.5,22,29.66,0
129,5,Bicarbonato,58,Hombre,1,25.1,21.4,349,127,1,28.2,NA,NA,24.63,0
130,1,Bicarbonato,48,Hombre,0,29,21.1,193,139,1,23.4,28.4,23.8,28.24,0
131,16,Bicarbonato,54,Mujer,0,44,22.8,137,124,1,43,41.4,38.8,26.91,0
132,11,Bicarbonato,59,Hombre,1,32.5,19.2,166,134,0,27.2,29.5,24.6,31.58,0
133,8,Placebo,59,Hombre,1,26.8,19.9,176,160,0,23.2,26.1,25.6,33.16,0
134,14,Bicarbonato,88,Hombre,0,24.1,20.6,55,156,1,NA,NA,NA,32.92,0
135,16,Placebo,82,Hombre,0,23.9,14.5,1859,141,0,22,18,15.2,24.93,0
136,2,Placebo,66,Mujer,1,17.5,18.6,420,153,0,17.9,14.8,11.4,22.45,1
137,14,Bicarbonato,71,Mujer,0,26.9,19.5,319,133,1,26,23.8,23.8,16.51,1
138,9,Bicarbonato,64,Hombre,0,26.9,16.7,282,134,0,21.9,25.5,NA,5.08,2
139,1,Bicarbonato,70,Mujer,0,23.4,18.9,72,140,0,21,17,19.8,35.97,0
140,6,Placebo,68,Hombre,0,24.1,21.9,199,123,0,21.1,21.5,16.9,1.19,2
141,8,Placebo,65,Hombre,0,43.2,23.4,60,138,0,44.5,43.8,41.9,14.3,1
142,12,Placebo,55,Hombre,1,39.2,19,19,120,0,37.2,34.3,32.6,30.18,0
143,5,Placebo,58,Hombre,0,32.2,16.3,118,148,0,32.1,30.3,27.6,35.13,0
144,11,Bicarbonato,71,Hombre,0,26.1,18.9,63,143,1,25.1,25.8,23.4,35.41,0
145,10,Bicarbonato,61,Hombre,0,40.6,20.6,23,133,1,40.6,39.8,40,25.87,0
146,15,Bicarbonato,74,Mujer,0,37.4,21,77,132,0,39.2,36.8,33.6,26.77,0
147,15,Placebo,60,Hombre,0,29,19.4,223,123,0,27.8,25.9,23.1,24.81,0
148,2,Bicarbonato,68,Hombre,1,35.8,23.3,1217,135,0,25.9,30.2,24.9,28.86,0
149,7,Placebo,61,Mujer,1,30.8,19.6,7,146,0,30.7,31.3,NA,25.87,0
150,2,Bicarbonato,69,Hombre,1,23,18.8,103,153,1,26.6,NA,NA,33.82,0
151,3,Bicarbonato,50,Mujer,0,34.2,20.5,11,138,1,35.4,37.5,34.7,34.03,0
152,5,Bicarbonato,63,Hombre,1,36.5,20.4,321,108,1,34.1,33.7,31.5,26.99,0
153,1,Placebo,60,Hombre,0,39.1,24,335,150,0,35.8,39.7,35.5,35.59,0
154,2,Placebo,61,Hombre,0,36.7,21,83,130,0,37.7,35.7,NA,25.24,0
155,2,Bicarbonato,88,Hombre,0,37.7,22.9,321,102,1,36.6,33.8,34.2,28.46,0
156,1,Bicarbonato,64,Hombre,0,29.5,16.2,265,148,1,26.8,26.1,30.1,25.42,1
157,14,Bicarbonato,59,Hombre,0,42,20.7,27,132,1,42.3,38.9,40.7,8.68,2
158,6,Bicarbonato,40,Hombre,1,29.9,18.6,258,156,0,30.2,28.8,19.7,31.93,0
159,12,Bicarbonato,61,Hombre,0,28.7,20.1,170,137,1,28,24.3,20.3,22.47,1
160,6,Bicarbonato,72,Hombre,1,31.8,19.9,126,136,1,28.9,30.7,25.1,25.2,0
161,15,Bicarbonato,83,Hombre,0,19.3,20.4,135,120,1,19.1,15.6,NA,4.6,1
162,4,Bicarbonato,60,Hombre,1,36.2,21,111,121,1,31.5,33.5,28.3,30.9,0
163,2,Placebo,71,Hombre,0,35,18.6,238,161,0,36.8,32.9,31.1,28.07,0
164,16,Placebo,71,Hombre,1,42.9,19.5,794,152,0,40.8,41.1,31.5,30.12,1
165,9,Bicarbonato,54,Mujer,0,40,24,54,123,0,42.9,41.5,40.3,13.17,1
166,15,Placebo,56,Hombre,1,37.6,20.6,461,124,0,37.2,30.5,36.7,21.5,1
167,14,Bicarbonato,56,Mujer,0,39.7,20.1,476,138,0,33.6,39.6,33.2,28.44,0
168,12,Bicarbonato,83,Mujer,1,31.7,21.3,191,153,1,25.9,27.1,28.5,34.03,0
169,6,Bicarbonato,73,Hombre,1,35.7,18.2,2755,137,1,36.4,31,30.7,28.97,0
170,15,Placebo,61,Hombre,0,29.2,22.9,182,142,0,30.9,23.2,27.8,5.07,1
171,9,Placebo,83,Hombre,1,23.8,20.6,1184,112,0,24.3,22.1,18,15.79,1
172,6,Placebo,73,Mujer,0,27.4,19.6,444,116,0,29.2,20.9,21.3,32.61,0
173,14,Placebo,55,Mujer,1,33.5,19.8,9,141,0,29.4,29.4,26.9,28.45,0
174,5,Placebo,74,Mujer,0,19.1,17.4,54,187,0,15.3,12.7,6.7,11.54,2
175,4,Placebo,65,Hombre,1,25.7,19.1,111,108,0,27.3,24.5,26.7,4.38,1
176,14,Placebo,57,Mujer,0,23.3,21,173,141,0,22.3,21.4,17.3,19.02,1
177,15,Bicarbonato,79,Hombre,1,19.4,17.4,288,145,0,NA,NA,NA,24.26,0
178,9,Placebo,65,Hombre,1,27.2,20.7,74,121,0,25.5,20.9,20.4,5.94,1
179,13,Placebo,59,Hombre,0,29.8,20.7,717,120,0,NA,NA,NA,25.69,0
180,13,Placebo,63,Hombre,0,30.7,23.7,1232,121,0,26.9,25.6,22.6,24.19,0
181,13,Placebo,61,Hombre,0,24.8,19.6,34,136,0,29.6,22.9,22,25.99,2
182,14,Placebo,84,Hombre,1,31.8,21.2,118,172,0,28.5,29,22.4,12.06,1
183,12,Bicarbonato,51,Hombre,1,15,19.7,846,100,0,15.6,10.1,NA,4.18,1
184,7,Bicarbonato,67,Hombre,0,23.8,20.9,42,102,1,22.9,22.9,NA,28.56,0
185,15,Bicarbonato,57,Mujer,1,31.5,22.7,2035,148,1,32.6,27.1,21.1,31.09,0
186,14,Bicarbonato,71,Mujer,0,28.1,21,223,136,0,26.6,21.3,19.4,1.95,1
187,3,Placebo,70,Hombre,1,37.4,18.7,179,120,0,34.4,35.1,35.3,32.25,0
188,7,Placebo,72,Hombre,1,37.1,19.5,1383,134,0,32.5,30.6,25.7,6.64,1
189,1,Placebo,52,Hombre,0,36.9,20.9,139,133,0,38,35.7,32.5,26.54,0
190,13,Bicarbonato,72,Hombre,0,27.1,19.6,18,137,1,29.2,21.5,24.8,34.27,0
191,5,Placebo,68,Hombre,0,25.8,22.1,47,108,0,30,23.3,NA,34.34,0
192,7,Placebo,62,Mujer,0,38.6,20.6,284,134,0,41,35.5,33.3,27.22,0
193,8,Placebo,51,Hombre,0,21.3,18.7,35,131,0,22.4,21.3,19.7,29.26,0
194,8,Bicarbonato,52,Hombre,1,29.7,19.6,97,131,1,29.9,30.6,26.9,31.11,0
195,7,Placebo,63,Mujer,0,33.2,20.8,68,147,0,31.1,29.4,26.3,10.35,1
196,16,Placebo,56,Hombre,1,19.7,20.1,319,142,0,17.6,17.4,13.7,31.42,0
197,1,Placebo,76,Hombre,0,32.6,14,82,150,0,31.6,28.3,27.5,26.25,0
198,7,Bicarbonato,76,Mujer,1,37.3,18.7,34,151,0,36.1,28.5,24.8,27.23,1
199,16,Placebo,67,Mujer,0,31.7,21.2,183,148,0,32.8,26.2,26.7,8.37,2
200,13,Placebo,68,Mujer,0,18.3,17.9,45,122,0,13.6,18.1,15.4,17.93,2
201,10,Bicarbonato,57,Hombre,0,34.4,20.1,392,119,0,NA,NA,NA,13.07,1
202,8,Bicarbonato,64,Hombre,0,24.7,18,678,144,1,26.9,26.4,26.4,30.17,0
203,12,Placebo,68,Mujer,0,35.9,19.5,248,141,0,33.4,28.4,24.8,12.79,2
204,10,Bicarbonato,70,Hombre,0,37.9,20.9,128,129,1,35.9,32,32.2,33.48,0
205,15,Placebo,69,Mujer,0,19.9,19.2,383,139,0,15.4,20.5,15.3,12.58,2
206,2,Bicarbonato,42,Mujer,1,33.6,19.1,306,142,1,31.3,30.8,NA,34.13,0
207,1,Bicarbonato,37,Mujer,0,31.8,24,12,116,1,37.2,32.5,NA,33.75,0
208,1,Placebo,66,Hombre,0,25.9,20.2,77,163,0,22,21.3,17.2,31.71,0
209,7,Placebo,78,Mujer,1,27.1,21,959,102,0,25.3,21.6,NA,6.58,1
210,13,Bicarbonato,82,Hombre,0,27.6,21,196,136,0,27,23.4,20.9,20.14,1
211,6,Bicarbonato,64,Hombre,0,26.5,20.4,107,127,0,25.3,NA,NA,4.25,2
212,4,Placebo,67,Hombre,0,38,19,471,143,0,34.3,33.8,30.6,24.05,1
213,12,Bicarbonato,67,Hombre,0,22.9,17.2,499,150,1,23.1,NA,NA,24.47,1
214,8,Bicarbonato,41,Hombre,0,29.3,15,5,144,1,NA,NA,NA,35.52,0
215,7,Placebo,63,Hombre,0,29.6,21.9,39,125,0,28.6,24.2,NA,25.81,0
216,8,Placebo,64,Mujer,0,26.6,19.4,25,119,0,26,25.5,21.7,5.56,1
217,11,Placebo,62,Hombre,0,18.2,19.1,2715,149,0,NA,NA,NA,5.41,1
218,2,Placebo,70,Hombre,0,33.7,21.2,25,165,0,31.4,29.3,23.6,30.71,0
219,1,Bicarbonato,57,Hombre,0,32.2,22.8,251,151,0,29.2,24.6,27.3,13.2,1
220,7,Placebo,52,Mujer,1,37.5,19.5,470,132,0,33.9,29.3,25,27.31,0
221,8,Placebo,65,Mujer,1,32.3,18.4,29,131,0,31.4,NA,NA,0.1,1
222,13,Placebo,60,Hombre,1,20.3,21.9,535,109,0,18.5,NA,NA,7.42,1
223,13,Bicarbonato,48,Mujer,0,33.7,19.6,735,174,0,31.6,30.2,28.1,0.57,1
224,5,Placebo,74,Hombre,0,28.8,24,66,111,0,28.1,NA,NA,4.61,1
225,2,Bicarbonato,73,Hombre,1,26.5,22.2,125,130,1,26,22.4,20,26.24,2
226,16,Bicarbonato,78,Hombre,0,32.5,20.2,85,153,1,32.8,30,28,25.16,0
227,11,Bicarbonato,62,Mujer,0,35.7,18.2,138,163,0,34.2,32.8,30.9,33.19,0
228,14,Bicarbonato,66,Mujer,0,22.7,18.2,22,128,1,NA,NA,NA,21.5,1
229,7,Placebo,58,Hombre,1,29.3,19.4,1769,156,0,28.1,23.4,19.3,23.99,2
230,2,Placebo,62,Mujer,0,32.2,21.1,120,138,0,NA,NA,NA,35.64,0
231,1,Bicarbonato,64,Mujer,1,33.8,22.3,786,124,1,35.8,28,26.7,34.38,0
232,2,Placebo,88,Hombre,1,28.8,21.1,295,143,0,NA,NA,NA,24.88,0
233,3,Bicarbonato,68,Mujer,0,25.4,15.9,187,133,1,28.4,25.1,26.7,29.54,0
234,9,Bicarbonato,60,Hombre,0,16.7,17,232,126,1,17.2,18.5,16.5,30.43,2
235,4,Bicarbonato,64,Hombre,0,25.4,19.3,79,159,1,25.9,22,19.8,28.4,2
236,11,Bicarbonato,60,Hombre,0,29,21.6,287,147,1,22.6,NA,NA,25.34,2
237,14,Placebo,58,Hombre,1,22.5,19.3,81,140,0,26.2,16.5,NA,32.51,0
238,2,Bicarbonato,70,Hombre,1,24.9,17.3,370,123,0,19,21.5,18.9,18.03,1
239,7,Placebo,39,Hombre,0,25.3,20.5,216,135,0,24.4,23.4,21,9.27,1
240,3,Bicarbonato,71,Mujer,1,32.1,18.8,87,151,0,28.2,26.6,NA,32.32,0
241,16,Placebo,63,Hombre,0,26.1,16.3,82,133,0,24.9,26.6,21.9,35.93,0
242,14,Placebo,74,Hombre,0,30.9,20.2,12,129,0,25.3,23.9,23.6,33.51,0
243,3,Placebo,77,Mujer,0,22.5,17.7,354,133,0,20.3,19,12.9,19.19,1
244,4,Bicarbonato,66,Hombre,1,26.3,19.8,693,125,0,25.4,24.5,22.2,4.25,1
245,11,Placebo,65,Mujer,0,30.7,23.3,11,119,0,29.5,29.8,25.2,28.31,0
246,16,Bicarbonato,43,Mujer,1,33.9,17.7,493,130,1,30.1,35.5,33.9,24.12,0
247,12,Placebo,88,Hombre,0,29.6,18.1,383,107,0,30.6,23.1,19.6,33.22,0
248,7,Bicarbonato,87,Mujer,0,32.3,19.3,41,113,1,31.8,32.1,32,25.42,0
249,4,Bicarbonato,57,Hombre,1,38.4,23.3,212,154,1,38,34.9,32,29.94,0
250,16,Bicarbonato,44,Hombre,0,32.7,23.1,43,136,1,30.8,29.1,31.1,35.4,0
251,3,Placebo,79,Mujer,0,29.2,18.9,55,119,0,29.5,29.9,28.5,25.68,0
252,3,Bicarbonato,76,Hombre,0,38.1,20.2,49,134,1,33.9,37.5,32.9,35.79,0
253,10,Bicarbonato,63,Hombre,0,32,19.7,136,134,0,31.5,NA,NA,28.92,0
254,7,Bicarbonato,68,Hombre,0,36.8,19.7,587,151,1,41.1,30.1,38.2,28.65,1
255,16,Placebo,79,Hombre,1,33,21.5,395,124,0,30,30.6,28.5,7.68,1
256,5,Placebo,82,Mujer,1,33.8,19.9,28,151,0,35.1,29.6,26.4,27.55,0
257,11,Placebo,57,Mujer,1,28,20.2,277,138,0,27.6,21.9,21,24.62,1
258,4,Bicarbonato,64,Mujer,0,28.3,19.3,231,153,0,29,25.6,22.2,28.46,0
259,15,Placebo,68,Hombre,0,22.2,17.8,276,127,0,17.8,17.3,12.3,13.02,2
260,13,Placebo,47,Hombre,0,28.2,18.4,238,137,0,30.3,27.4,23.4,27.57,0
261,14,Placebo,80,Hombre,0,34.5,19.8,5090,139,0,32.2,29.3,26.8,31.95,0
262,14,Placebo,55,Hombre,1,24.5,18.5,158,120,0,21.3,21.3,16.7,27.4,0
263,15,Bicarbonato,72,Hombre,0,30.4,20.3,72,141,0,23.1,27.8,26.5,34.5,0
264,11,Bicarbonato,55,Mujer,1,39.1,17.9,113,132,0,38.8,37,30.8,24.85,0
265,13,Placebo,74,Hombre,1,28.3,20.2,162,126,0,29.7,19.8,25,5.24,2
266,16,Placebo,63,Hombre,1,26.7,19.8,440,120,0,21.6,22.4,23.3,19.24,2
267,10,Bicarbonato,58,Mujer,0,26.8,22.5,69,142,1,24.6,20.9,20,24.17,0
268,12,Bicarbonato,65,Mujer,1,43.6,22,342,138,1,48.9,41.8,39.7,12.33,1
269,2,Placebo,64,Hombre,1,29.9,18,143,137,0,25.8,31.9,23.9,28.93,0
270,9,Bicarbonato,79,Hombre,0,29.6,17.7,439,136,1,25.3,27.4,26.3,31.09,0
271,8,Placebo,56,Hombre,1,24.5,18.2,47,115,0,20.1,22.7,NA,29.5,0
272,3,Bicarbonato,60,Hombre,0,25.9,18.3,230,136,1,24.9,28.8,23.6,29.02,0
273,9,Bicarbonato,70,Hombre,0,25.7,18.4,119,129,1,21.7,24.6,17.9,30.7,0
274,10,Bicarbonato,75,Mujer,0,29.7,19.2,482,142,0,25.8,26.4,21.2,5.31,1
275,11,Placebo,66,Hombre,1,31.8,22.4,2032,141,0,28.8,28.5,23.9,3.46,2
276,2,Placebo,64,Hombre,1,37.7,18.2,136,119,0,37.1,35,30.3,31.27,0
277,14,Bicarbonato,56,Hombre,0,31,22.3,61,121,1,28.8,27.5,30,24.82,0
278,13,Bicarbonato,68,Hombre,0,40.4,20.8,36,126,1,40.5,38.8,34.7,0.75,1
279,16,Placebo,63,Mujer,0,27.3,20.8,26,154,0,28.7,NA,NA,35.94,0
280,14,Bicarbonato,74,Hombre,0,33.3,18.8,309,143,1,33.8,30.1,27.7,32.58,0
281,12,Placebo,77,Mujer,1,25.1,21.2,698,133,0,20,21.1,14.6,5.72,2
282,15,Bicarbonato,80,Mujer,0,27.2,19.6,78,148,1,28,26.2,21.4,31.41,0
283,2,Bicarbonato,53,Hombre,1,34.1,17.8,136,145,0,34,22.5,27,0.66,2
284,5,Bicarbonato,67,Mujer,1,26.3,21.1,62,121,0,25.9,23.2,19.8,23.12,1
285,2,Placebo,48,Mujer,0,25.1,21.1,54,151,0,25.2,23.5,20.1,29.6,0
286,9,Bicarbonato,68,Hombre,1,29.7,22,1279,138,1,30,29,18,26.22,0
287,4,Placebo,48,Hombre,0,35.4,20,82,146,0,34.5,35.7,31.2,26.55,0
288,2,Bicarbonato,60,Mujer,1,27.8,16.4,1204,137,1,27.9,29.6,20.4,34.44,0
289,3,Placebo,72,Mujer,0,35.6,21.9,452,143,0,34.2,34.7,27.7,31.22,0
290,5,Bicarbonato,69,Hombre,1,24,21.7,982,119,1,22.9,NA,NA,11.88,2
291,1,Bicarbonato,47,Hombre,1,38.8,21.9,379,132,1,37.4,42.3,34.6,28.02,2
292,6,Bicarbonato,73,Mujer,1,32.6,20.5,558,136,0,32.1,30,28,0.82,2
293,9,Bicarbonato,56,Mujer,0,31.1,20.4,166,150,1,31.4,31.5,33,7,1
294,15,Bicarbonato,70,Mujer,1,28.7,19.5,718,150,1,27.4,28.3,23.4,31.19,0
295,6,Placebo,55,Mujer,1,37.1,19.1,90,142,0,37.6,34.3,32.2,28.73,0
296,8,Placebo,43,Mujer,0,28.9,20.7,300,159,0,26.4,30.9,19.2,28.86,0
297,13,Bicarbonato,71,Hombre,1,33.3,19.4,132,129,0,32.8,28.8,23.1,24.85,0
298,9,Placebo,88,Hombre,0,31.9,20.3,33,139,0,34.2,31.6,27.4,26.83,2
299,5,Bicarbonato,71,Mujer,1,34,19.7,82,121,1,33.4,31.7,26,32.46,0
300,4,Bicarbonato,45,Mujer,0,33.9,18.2,1119,136,1,36.7,32,25.8,35.49,0
301,9,Bicarbonato,54,Hombre,0,24.2,20.5,152,114,0,19,17.6,16.6,26.26,1
302,2,Placebo,48,Hombre,1,27.6,19.9,67,135,0,30.3,25.4,21.7,29.22,0
303,1,Placebo,61,Hombre,1,28.2,20,119,152,0,25.8,27.1,19.8,8.2,1
304,1,Placebo,47,Mujer,0,24.8,21,60,133,0,21.4,21.2,NA,28.84,0
305,7,Bicarbonato,57,Mujer,0,31.1,19.6,1556,140,1,27.1,28.5,27.4,30.81,1
306,9,Placebo,68,Mujer,0,36.3,18.9,424,134,0,35.1,33,27.1,8.15,1
307,10,Placebo,65,Mujer,1,38.6,21.3,102,126,0,37.3,34.1,29.9,19.05,1
308,12,Placebo,59,Hombre,0,31.9,19.5,262,134,0,31.5,26.7,27.9,5.91,1
309,7,Placebo,59,Hombre,1,25.5,17.3,186,127,0,25.7,22,16.8,26.34,0
310,3,Bicarbonato,64,Hombre,0,30.6,20.4,182,122,1,30.8,29.8,26.5,27.72,0
311,2,Bicarbonato,59,Mujer,0,30.3,20.3,788,144,1,29,27.6,NA,32.93,0
312,12,Placebo,65,Hombre,0,35,22.1,257,174,0,32.5,37.2,32.4,24.69,0
313,10,Placebo,54,Mujer,1,28.4,19.3,345,133,0,26.8,25.4,24,33.36,0
314,15,Placebo,61,Hombre,0,27.3,20.4,107,135,0,23.4,24.5,27.3,23.29,1
315,15,Bicarbonato,56,Hombre,1,27.6,20.3,542,142,0,25.9,23.2,24.3,34.21,0
316,8,Bicarbonato,63,Mujer,1,32.4,17,66,132,0,30.8,29.1,21.7,4.27,1
317,4,Placebo,70,Mujer,0,35.3,17.2,72,143,0,30.8,30.3,25.1,29.22,0
318,6,Placebo,81,Hombre,0,28.7,20.7,329,127,0,24.9,24.1,23.4,16.2,2
319,5,Bicarbonato,59,Mujer,0,27.5,18.7,5606,140,1,24,NA,NA,27.93,0
320,4,Placebo,44,Hombre,0,28.1,18.2,25,134,0,26.6,25.9,27.6,26.97,0
321,7,Bicarbonato,88,Hombre,0,28.5,20.1,187,115,1,27.4,22.1,23.3,3.56,2
322,5,Placebo,51,Hombre,1,22.5,15.5,108,140,0,22.1,15.6,19.4,32.6,0
323,6,Placebo,55,Mujer,0,15,15.7,1767,149,0,15.8,10.7,10.5,13.41,2
324,16,Placebo,55,Hombre,0,26.9,24,325,138,0,23.2,26.8,21.1,32.18,0
325,12,Bicarbonato,65,Mujer,0,19.6,20.9,48,107,1,21.6,15.8,16.3,26.86,0
326,13,Bicarbonato,61,Hombre,0,29.3,19.7,767,139,0,29.4,26.6,21.3,33.73,0
327,5,Placebo,63,Mujer,0,37.8,18.2,257,155,0,41.3,36.4,31.6,30.2,0
328,2,Placebo,69,Mujer,0,35.3,20.6,63,135,0,36.2,33,35.1,33.39,0
329,2,Bicarbonato,51,Hombre,0,21.6,16.7,80,133,0,20.7,21.4,14.1,0.47,1
330,11,Bicarbonato,85,Hombre,0,40.3,19.9,152,127,0,37.5,37,31.5,35.82,0
331,4,Bicarbonato,73,Mujer,0,41,24,263,114,0,36.7,35.3,34.3,28.45,0
332,2,Bicarbonato,47,Mujer,0,33.6,19.3,66,128,1,30.9,30.8,30.9,30.84,0
333,10,Placebo,64,Hombre,0,30.4,21.3,169,124,0,30.5,30.4,23.4,35.43,0
334,13,Placebo,62,Hombre,1,34.4,22,227,138,0,31,30.3,26.2,16.14,1
335,3,Placebo,80,Mujer,0,22.5,19.3,74,157,0,22.5,14.8,14.9,1.01,1
336,11,Placebo,30,Hombre,0,25.9,21.4,391,122,0,25.1,23,21.3,28.8,0
337,5,Bicarbonato,69,Mujer,0,29.2,20.7,60,147,1,30.1,24.6,28.3,26.58,0
338,11,Bicarbonato,83,Hombre,1,36.8,23,156,112,1,33.9,33.5,30.9,13.66,2
339,3,Placebo,55,Hombre,0,27.4,17,163,115,0,27.7,28.1,26.6,26.24,0
340,14,Bicarbonato,76,Hombre,1,33.2,21,37,117,0,31.7,29.9,25.5,12.08,2
341,10,Bicarbonato,63,Mujer,1,32.4,20.2,274,118,1,31.4,27.9,27,27.12,0
342,9,Placebo,74,Hombre,1,27.5,21.6,417,155,0,22.8,27.7,19.3,3.03,1
343,16,Placebo,57,Mujer,0,30.6,20,347,134,0,NA,NA,NA,35.87,0
344,15,Bicarbonato,61,Hombre,0,34.4,22.5,780,151,0,32.2,31.9,25,8.88,1
345,4,Bicarbonato,73,Hombre,1,37.7,20.4,331,145,1,32.7,38.2,32.9,11.3,1
346,9,Bicarbonato,74,Hombre,1,28.4,17.2,537,154,0,24.2,22.9,20.4,26.43,0
347,10,Placebo,67,Hombre,0,33.2,18.8,134,118,0,28.6,31.7,25.3,20.04,1
348,3,Placebo,67,Hombre,1,24.1,21.6,1190,146,0,25.4,22.2,15.3,28.56,0
349,3,Placebo,67,Mujer,1,30.9,16.6,101,109,0,30.5,34.8,23.6,28.21,0
350,6,Bicarbonato,72,Hombre,0,28.9,17.4,183,142,1,27,NA,NA,30.16,0
351,16,Placebo,78,Hombre,1,41,19.9,288,126,0,38.3,35.2,33.7,32.69,0
352,7,Placebo,63,Hombre,1,27.3,18.9,519,129,0,28.4,28.1,17.3,10.03,1
353,6,Placebo,76,Mujer,0,27.1,19.4,482,125,0,22,20.7,16.2,18.01,1
354,15,Bicarbonato,76,Mujer,0,33.4,19.4,120,126,0,29.4,31.3,24.3,24.86,0
355,10,Bicarbonato,75,Hombre,0,28,21.8,355,134,1,NA,NA,NA,4.19,1
356,7,Bicarbonato,54,Mujer,0,15,21.8,1206,126,1,15.7,11.9,14.3,24.04,0
357,6,Bicarbonato,60,Hombre,1,17,21.4,194,170,1,NA,NA,NA,34.16,0
358,12,Placebo,63,Hombre,1,31,20.5,616,174,0,27.3,29.8,21.5,32.12,0
359,3,Bicarbonato,47,Hombre,1,29.4,21.4,876,126,0,27.8,25.7,20,10.77,2
360,16,Placebo,73,Hombre,0,32,19.6,899,136,0,34.8,26,NA,26.3,0
361,16,Placebo,57,Hombre,0,17.4,19.8,33,132,0,18.5,14,15.4,35.79,0
362,7,Placebo,57,Hombre,1,23.2,19.6,207,142,0,20.5,20.6,15,6.59,2
363,4,Bicarbonato,57,Mujer,0,33.9,21.5,1787,142,1,30,27.5,24.2,27.88,0
364,5,Placebo,60,Mujer,0,29.2,23.5,208,161,0,27.4,27.6,16.1,1.95,2
365,15,Placebo,83,Mujer,1,35.7,21.9,952,143,0,30.1,30,31.8,11.15,1
366,15,Placebo,65,Mujer,1,20.5,19.5,174,160,0,20,15.8,12.5,31.54,0
367,5,Bicarbonato,61,Mujer,1,34.2,16.6,1132,109,0,28,31.6,21.4,11.15,1
368,13,Bicarbonato,57,Hombre,1,27.9,17.9,568,171,0,26.1,NA,NA,27.12,1
369,3,Bicarbonato,63,Mujer,0,29.8,19.4,171,142,0,27.5,28.4,22.7,24.34,0
370,4,Placebo,83,Hombre,0,24.5,19.7,457,108,0,27.1,21.9,9.6,35.88,0
371,11,Bicarbonato,80,Hombre,1,32.1,23,193,131,0,29.3,22.7,21.9,22.19,2
372,2,Placebo,64,Mujer,1,31.6,21.1,133,166,0,34.5,24,25.1,23.07,1
373,5,Placebo,63,Hombre,0,27.2,15.2,90,127,0,23.8,27.5,20.9,34.61,0
374,13,Placebo,51,Hombre,1,31.1,21.6,389,140,0,31.7,25.7,25.9,24.8,0
375,4,Bicarbonato,60,Hombre,1,31.9,20.5,150,156,1,30,27,29.9,31.75,0
376,3,Placebo,68,Mujer,0,37.1,19.4,259,137,0,33,NA,NA,26.97,0
377,2,Placebo,74,Mujer,1,29.9,20.1,71,127,0,30.1,NA,NA,6.71,1
378,8,Bicarbonato,88,Hombre,0,32.2,20.2,225,138,0,31.2,27.8,24.1,30.97,0
379,3,Placebo,77,Hombre,0,36.4,23.7,513,143,0,37.7,31,31.2,10.23,2
380,16,Bicarbonato,67,Hombre,0,29.7,22.3,249,145,1,26.5,30.8,25,25.68,0
381,12,Placebo,72,Mujer,1,26.3,22.4,174,133,0,22.3,24.5,18.9,23.81,1
382,15,Bicarbonato,51,Mujer,1,28.1,19.3,114,143,0,27.7,30.1,25.3,31.28,0
383,8,Placebo,65,Hombre,1,28.5,19.7,93,133,0,27.5,23.3,24.6,28.81,0
384,1,Placebo,55,Mujer,1,25.3,19.7,160,135,0,28.4,23,13.6,32.15,1
385,15,Placebo,59,Mujer,1,22.4,17.3,281,135,0,19.3,17.4,NA,15.62,2
386,14,Bicarbonato,48,Hombre,0,22.6,21.6,568,151,0,21.7,20.6,16.2,28.35,0
387,7,Placebo,80,Hombre,0,24.3,18.2,2363,164,0,26.6,19,NA,7.5,1
388,1,Bicarbonato,80,Mujer,1,31.2,21.1,1837,142,0,29.1,28.8,22.5,17.08,2
389,3,Bicarbonato,64,Mujer,0,27.7,20.3,45,130,1,30.1,26.7,NA,32.12,0
390,1,Bicarbonato,58,Mujer,1,29.9,19.5,33,167,0,NA,NA,NA,0.11,2
391,8,Bicarbonato,31,Mujer,1,40.3,20.3,285,116,1,39.9,39.6,35.4,30.3,0
392,15,Bicarbonato,86,Hombre,0,40.2,17.2,32,140,1,41.2,39.3,34.2,31.54,0
393,10,Placebo,67,Mujer,1,15,22.3,158,169,0,NA,NA,NA,30.81,0
394,16,Placebo,67,Mujer,1,25.5,20.3,57,162,0,23.7,18.3,20.2,24.48,0
395,2,Bicarbonato,51,Mujer,1,25.2,21.1,227,148,1,NA,NA,NA,26.16,0
396,13,Placebo,52,Hombre,0,37.8,18.6,63,140,0,34.1,33.5,34.3,31.67,2
397,9,Placebo,70,Hombre,0,19.8,19.6,252,144,0,14.2,16.7,15.6,24.22,0
398,11,Placebo,68,Mujer,0,29.2,19.7,26,133,0,23.6,26.5,21.1,33.23,0
399,6,Placebo,70,Hombre,1,17.5,20.1,379,138,0,NA,NA,NA,26.41,1
400,14,Placebo,51,Hombre,1,37.9,21.3,978,114,0,33.7,33.1,29.2,32.64,0
401,10,Placebo,58,Mujer,0,28.2,19.6,376,144,0,25.3,24.9,19.6,31.11,0
402,16,Placebo,76,Mujer,0,20.7,20.2,131,161,0,18.1,NA,NA,29.91,0
403,5,Bicarbonato,65,Mujer,1,34,17.9,1088,135,0,28.7,27,27.2,2.26,1
404,16,Placebo,82,Mujer,0,21.6,22.2,233,135,0,17.3,18,19.1,5.41,1
405,15,Bicarbonato,71,Hombre,0,25.2,18.4,131,169,1,NA,NA,NA,24.74,0
406,12,Placebo,74,Hombre,1,36.8,22.9,1046,135,0,NA,NA,NA,10.38,1
407,11,Bicarbonato,51,Mujer,1,23.4,19.8,904,127,1,NA,NA,NA,31.7,0
408,14,Bicarbonato,80,Hombre,0,36.4,21.7,87,145,0,33.2,30.6,29.8,14.21,1
409,12,Placebo,62,Hombre,1,35.5,19,257,127,0,32.2,32.5,31,26.11,0
410,15,Placebo,54,Hombre,0,28.8,16.2,51,103,0,24.8,25.7,17.8,32.2,0
411,8,Bicarbonato,63,Hombre,0,29.9,19.5,32,139,1,27.1,29.2,28.7,27.31,0
412,2,Bicarbonato,67,Hombre,0,28.1,17.9,112,107,1,28.1,25.7,24,30.9,0
413,13,Bicarbonato,67,Hombre,0,26.2,20.2,937,157,1,24.5,23,19.9,3.98,1
414,3,Placebo,51,Hombre,0,35.5,19.9,392,169,0,33.6,34.3,30.3,0.67,1
415,13,Bicarbonato,68,Hombre,0,32.6,21.1,430,129,1,NA,NA,NA,24.91,0
416,4,Placebo,58,Hombre,0,22,17.7,730,142,0,NA,NA,NA,11.44,1
417,1,Bicarbonato,70,Mujer,1,29.6,19.9,278,132,0,26.9,25.4,24.5,28.52,0
418,15,Bicarbonato,71,Mujer,1,27.7,19.4,118,159,1,25,26.4,19.3,28.69,0
419,10,Placebo,49,Mujer,1,26.7,21,130,155,0,27.3,26,18.5,25.22,1
420,2,Bicarbonato,73,Mujer,0,34,18.9,561,128,0,31.4,NA,NA,13.99,1
421,7,Bicarbonato,69,Hombre,1,24.3,20.7,352,145,1,25,25.6,15.4,31.95,0
422,5,Placebo,66,Mujer,0,36.8,17.5,73,128,0,32.6,38.7,35.3,35.89,0
423,7,Bicarbonato,79,Hombre,0,30.5,21.2,87,124,0,27.4,25.8,17.5,13.19,1
424,13,Bicarbonato,48,Hombre,0,35.1,18.7,78,152,1,NA,NA,NA,27.24,0
425,15,Placebo,69,Mujer,1,36.2,19.2,64,131,0,29.7,33.1,31.7,27.42,2
426,2,Bicarbonato,69,Hombre,1,33.5,20,67,130,1,NA,NA,NA,31.71,0
427,9,Placebo,68,Mujer,0,30.2,20.9,72,111,0,30,30.2,27.3,35.12,0
428,10,Placebo,72,Hombre,1,33.8,23.9,238,120,0,33.2,29.3,25.1,5.25,2
429,4,Placebo,57,Hombre,0,31.3,19.8,224,134,0,32.3,29.2,29.1,9.57,1
430,3,Placebo,79,Hombre,1,32.6,23.1,191,114,0,33.4,30.9,29.9,35.08,0
431,1,Placebo,75,Mujer,0,41.7,21.3,163,123,0,41.6,41.1,37.5,28.39,2
432,10,Bicarbonato,65,Hombre,1,29.8,21.5,23,142,0,31.3,28.2,23.8,4.09,1
433,5,Bicarbonato,58,Hombre,0,24.6,19.4,49,139,0,25.4,18.7,16.9,32.16,0
434,8,Placebo,61,Mujer,1,27.4,21.9,1651,133,0,21.3,25.3,24.6,31.08,0
435,11,Bicarbonato,72,Mujer,1,35.9,21.5,25,131,0,36.5,33.9,NA,27.07,0
436,2,Placebo,68,Mujer,1,22.8,20.5,27,158,0,21.3,17.3,NA,32.21,0
437,14,Placebo,70,Hombre,1,31.1,18.8,277,127,0,33.3,26.1,22.6,12.36,2
438,9,Bicarbonato,57,Hombre,0,43.4,17.4,172,143,1,43.1,41.6,41.8,25.49,0
439,2,Placebo,57,Mujer,0,23.8,20.8,39,143,0,24,21.2,22,26.56,0
440,4,Placebo,62,Mujer,0,35.5,20.8,57,122,0,37,33.2,31.1,14.97,1
441,13,Bicarbonato,60,Hombre,1,27.8,17.7,36,142,1,24.9,NA,NA,16.78,2
442,9,Placebo,59,Mujer,1,34.5,23.4,450,131,0,29.4,31.9,21.6,30.66,0
443,1,Placebo,70,Hombre,1,36.1,19.1,1369,139,0,34.4,31.1,24.6,9.53,1
444,12,Placebo,53,Mujer,0,39,19,43,144,0,39.3,35.6,NA,25.43,0
445,9,Placebo,81,Hombre,0,33.6,19.6,227,154,0,29.1,30.6,26.8,32.51,0
446,7,Placebo,47,Hombre,0,32.3,21.2,27,164,0,30.8,31.4,27.9,32.07,0
447,2,Bicarbonato,71,Mujer,0,22.5,21.6,19,129,1,25.3,23.6,21.8,28.48,0
448,7,Bicarbonato,60,Hombre,0,24.8,19.4,512,128,1,23.3,20.8,16.3,27.05,0
449,10,Placebo,73,Hombre,0,31.2,22.1,91,130,0,30.8,29.7,20.3,27.43,1
450,6,Placebo,81,Hombre,0,21.5,20.4,72,166,0,21.4,15.4,17.3,9.08,1
451,15,Placebo,68,Hombre,0,19.9,22.6,116,129,0,NA,NA,NA,29.44,0
452,1,Placebo,51,Hombre,1,17.8,17.3,215,157,0,12.7,11.7,NA,27.74,0
453,14,Placebo,70,Mujer,0,30,20.7,48,128,0,28.1,28.2,27.4,35.02,0
454,7,Placebo,69,Hombre,0,26.6,20,146,113,0,26.4,25.1,15.8,4.97,2
455,14,Bicarbonato,88,Mujer,1,23.9,21,2174,157,0,22.6,19.8,12.3,1.87,1
456,4,Bicarbonato,78,Mujer,1,24,21.2,343,122,1,26.3,19.8,NA,30.23,0
457,14,Placebo,56,Mujer,0,33.6,18.7,84,141,0,32,27.2,30.2,32.02,0
458,10,Bicarbonato,54,Mujer,1,32.4,17.7,1014,125,0,32.7,26.6,28.2,32.2,0
459,7,Bicarbonato,56,Hombre,0,29.1,18,221,107,1,29.9,25.6,27.1,21.17,1
460,10,Bicarbonato,76,Mujer,0,34.6,19.8,2675,119,1,35.6,32,29.6,7.95,1
461,10,Placebo,63,Hombre,0,37.8,20.4,1063,128,0,30.9,32.5,29.7,33.7,0
462,12,Placebo,67,Mujer,1,28.2,19.6,568,133,0,30.1,25.8,25.5,7.41,1
463,13,Placebo,56,Hombre,1,34.5,18.4,432,130,0,31.6,31,24.3,35.77,0
464,7,Bicarbonato,70,Hombre,0,27.9,22.2,46,121,1,26,26.9,24.4,33.62,0
465,13,Placebo,57,Mujer,1,37.6,21.5,860,129,0,35.2,33.4,33,31.99,0
466,3,Bicarbonato,52,Hombre,0,33.8,21.1,398,133,1,33.3,33,30.2,28.47,0
467,3,Placebo,69,Hombre,1,28.5,19.4,1907,134,0,25,22.4,21.6,10.35,1
468,3,Bicarbonato,58,Hombre,0,34.9,23.6,13,152,0,35.5,33.8,NA,31.83,0
469,15,Placebo,82,Hombre,1,30.9,18.5,127,141,0,26.4,26.6,18,4.78,2
470,14,Placebo,60,Hombre,1,28.5,18.3,117,149,0,28.2,29.1,21.5,14.13,2
471,10,Placebo,72,Hombre,1,28,23,287,133,0,28.4,28.9,20,12.27,2
472,5,Bicarbonato,42,Hombre,0,32.2,16.7,79,142,1,32.1,32.6,34.2,26.71,0
473,10,Placebo,85,Mujer,1,32.9,16.4,498,169,0,31.2,26.5,22.9,21.74,1
474,8,Bicarbonato,63,Hombre,1,37.6,20.1,42,171,1,39.7,35.8,33.5,27.34,2
475,2,Bicarbonato,56,Mujer,1,30.7,20.1,149,159,1,NA,NA,NA,24.18,0
476,7,Placebo,70,Mujer,0,27.8,22.7,170,140,0,32.8,NA,NA,16.56,1
477,6,Placebo,43,Mujer,0,15,20.4,971,123,0,12.1,NA,NA,30.12,0
478,4,Placebo,63,Hombre,0,30.8,22.9,287,156,0,26,33.2,24.8,35.48,0
479,2,Placebo,62,Mujer,0,29.3,20.7,240,134,0,25.8,28.6,21.2,18.53,1
480,4,Placebo,55,Mujer,0,28.8,20.6,46,129,0,27.9,26.4,29.7,30.35,0
481,12,Bicarbonato,69,Hombre,0,30.8,16.7,155,116,1,35.2,34.2,31.5,26.75,0
482,3,Placebo,52,Hombre,0,35.5,18.8,99,157,0,37.5,35.6,26.9,30.64,0
483,7,Bicarbonato,69,Hombre,0,31,17.5,764,148,1,31.4,NA,NA,31.21,0
484,7,Placebo,73,Hombre,1,26.9,16.9,5376,149,0,22.7,24.6,11.9,13.18,1
485,5,Placebo,68,Mujer,1,26.8,17.5,662,131,0,30.8,22.5,22.6,32.03,0
486,14,Placebo,88,Hombre,1,23.6,22,60,146,0,NA,NA,NA,24.86,2
487,13,Placebo,61,Hombre,1,30.8,24,97,112,0,29.1,NA,NA,33,0
488,5,Bicarbonato,56,Mujer,1,22.5,18.3,679,131,1,20.1,22.8,18.5,32.1,0
489,15,Placebo,70,Mujer,0,41.9,21,241,127,0,43.3,39.5,40,27.34,0
490,4,Placebo,54,Mujer,1,36.7,18.9,890,164,0,34.6,33.5,26.1,30.57,0
491,12,Placebo,40,Mujer,0,29.2,21,179,131,0,27.5,25,22.7,32.5,0
492,8,Placebo,78,Mujer,1,23.2,20,2306,135,0,NA,NA,NA,28.68,0
493,1,Placebo,71,Hombre,0,27.8,19.7,618,121,0,26.8,26.4,20.6,26.37,0
494,14,Placebo,59,Mujer,0,32.3,19.4,394,140,0,33.3,28.3,24.9,6.28,1
495,3,Placebo,63,Hombre,0,28.4,22.2,316,128,0,24.8,24.9,26.2,34.73,0
496,5,Placebo,78,Hombre,0,28.7,20,557,149,0,26.1,28.3,26.9,27.6,0
497,14,Bicarbonato,61,Hombre,0,34.9,19.2,86,149,1,34,36.9,30.6,30.34,0
498,6,Placebo,68,Mujer,0,44,21.9,106,128,0,43.1,41.5,42.1,9.3,1
499,3,Bicarbonato,86,Hombre,0,39.4,19.9,953,145,1,35.4,36.4,30.3,27.8,0
500,8,Placebo,52,Mujer,0,36.5,20.2,271,144,0,36.8,32.9,37.7,15.58,1
501,8,Placebo,53,Hombre,1,23.4,19.7,25,128,0,21,20.9,22.2,35.52,0
502,3,Placebo,55,Mujer,1,24.6,18.7,531,127,0,23.6,25.5,22.4,24.91,0
503,1,Bicarbonato,66,Mujer,0,26.9,21.9,154,135,1,NA,NA,NA,34.34,0
504,15,Bicarbonato,74,Hombre,1,44,21.2,136,133,1,41.5,43.3,43.3,25.05,2
505,5,Bicarbonato,56,Mujer,0,31.4,20,330,146,1,36.1,27.7,30,28.1,0
506,8,Bicarbonato,53,Hombre,1,28.6,19.7,95,144,1,26.3,23.7,21.2,25.83,0
507,4,Bicarbonato,71,Mujer,1,26.1,18.6,1700,119,0,19.9,20.4,NA,13.51,1
508,7,Bicarbonato,83,Hombre,1,21.8,20.8,54,160,1,22.5,21.4,13.2,32.84,0
509,16,Bicarbonato,56,Mujer,0,30.7,17.3,14,146,1,30.9,28.3,31,34.77,0
510,10,Placebo,61,Mujer,1,23.9,20.8,85,135,0,22.5,20,16.5,25.5,0
511,11,Bicarbonato,59,Hombre,1,37.8,19.4,324,140,0,37.7,35.3,28.7,15.52,1
512,13,Bicarbonato,55,Mujer,0,30.4,16.6,99,136,1,30.6,32.9,30.9,30.24,0
513,9,Bicarbonato,54,Mujer,1,20,18.1,273,138,1,16,17.6,12.8,35.03,1
514,2,Bicarbonato,65,Mujer,0,27.5,18.1,32,137,0,23.8,23,NA,28.8,0
515,12,Placebo,67,Hombre,0,36.7,20.1,119,161,0,33.6,33.1,32.9,26.13,0
516,16,Bicarbonato,69,Hombre,0,26.4,22.6,203,133,0,23.1,23.8,18.3,12.24,1
517,9,Bicarbonato,61,Hombre,0,29.3,19.7,15,148,1,29,28.1,28.6,26.35,0
518,9,Placebo,65,Hombre,1,32.5,16.9,196,156,0,26.4,32.3,27.3,20,1
519,11,Bicarbonato,81,Mujer,0,35.7,20,989,136,1,35.4,32.4,31.7,34.21,0
520,16,Bicarbonato,58,Hombre,0,37,20.3,20,100,1,32.3,31.7,35.5,35.62,0
521,1,Placebo,43,Hombre,1,30.1,22.2,151,143,0,31.2,24.9,20,35.02,0
522,2,Placebo,59,Mujer,0,29.4,22,349,114,0,29.4,22.1,21.6,31.87,1
523,9,Placebo,63,Mujer,1,30.8,19.4,300,160,0,35,26.2,22.3,14.54,1
524,14,Bicarbonato,48,Hombre,0,29.4,21,44,131,0,28.7,22.7,21.6,24.75,0
525,5,Placebo,70,Hombre,1,27.6,16.8,164,126,0,NA,NA,NA,17.77,1
526,1,Placebo,55,Hombre,1,18.9,19.2,502,129,0,14.9,13.7,NA,8.98,2
527,9,Bicarbonato,76,Mujer,0,29.7,16.1,37,104,1,30.9,35.1,34.4,25.63,0
528,6,Bicarbonato,47,Hombre,0,20.8,19.5,238,149,1,16.8,21.3,NA,31.45,0
529,2,Placebo,75,Hombre,0,41.5,17.8,227,118,0,38.9,38.4,32.8,4.46,2
530,14,Placebo,50,Hombre,0,35.3,19.1,313,130,0,33.6,29.6,33,25.1,0
531,12,Bicarbonato,49,Mujer,0,28.9,19.5,116,127,1,28,29.7,26.9,33.6,0
532,14,Bicarbonato,54,Hombre,1,38.3,17.1,83,115,1,33.5,39.2,34.7,29.37,0
533,11,Bicarbonato,57,Hombre,0,22.6,18,375,112,0,20.7,NA,NA,26.26,0
534,10,Bicarbonato,79,Hombre,0,25.4,19.3,305,148,0,30.7,22.4,19.1,3.72,1
535,9,Bicarbonato,50,Hombre,0,39.2,21.5,49,149,1,35.5,37.1,28.3,32.77,0
536,8,Bicarbonato,60,Hombre,0,26.2,19.9,18,123,1,26.4,26.9,24.7,30.65,0
537,3,Placebo,66,Mujer,0,34.6,22.3,70,141,0,32.2,33.3,34.8,27.63,0
538,14,Bicarbonato,65,Hombre,1,27.6,21.2,390,139,1,28.2,20.6,22.1,7.28,1
539,10,Placebo,67,Hombre,1,33,22.7,82,136,0,31.5,30.3,25.5,35.68,0
540,12,Bicarbonato,62,Mujer,0,22.6,19.9,204,143,0,20.6,15,NA,0.56,2
541,15,Bicarbonato,65,Hombre,0,42,21.8,56,155,1,38.6,40.9,36.7,35.66,0
542,13,Bicarbonato,53,Mujer,0,30,20.4,101,156,1,30.4,29.8,25.6,32.18,0
543,12,Placebo,88,Mujer,1,26.7,20.1,163,116,0,24.8,25.1,20.9,31.01,0
544,10,Placebo,67,Hombre,0,17.2,16.3,51,150,0,11.9,11.7,6.9,35.88,0
545,10,Placebo,30,Mujer,0,29.8,19.4,212,125,0,28.9,28.9,23.6,29.78,0
546,12,Bicarbonato,74,Hombre,1,33.6,19,313,124,1,33.9,33.1,NA,35.03,0
547,1,Placebo,56,Hombre,0,26.3,19.7,73,136,0,22.7,18.2,NA,28.9,0
548,14,Bicarbonato,70,Hombre,0,28.8,18.1,3989,134,1,25.7,NA,NA,22.03,1
549,15,Bicarbonato,54,Mujer,0,41.6,21.7,50,155,1,40.8,42.5,38.5,32.66,0
550,16,Bicarbonato,82,Mujer,0,35.7,21.7,772,138,1,30.3,31,33.6,9.53,2
551,14,Bicarbonato,69,Mujer,1,44,24,179,131,0,46.3,41.9,NA,1.76,1
552,15,Placebo,34,Mujer,0,31.1,17.3,481,122,0,30.2,30,31.2,34.96,0
553,8,Bicarbonato,52,Hombre,0,27.1,18.2,326,152,1,27.5,NA,NA,24.84,2
554,2,Placebo,71,Hombre,0,44,20.9,82,147,0,43,39.4,35.4,30.32,0
555,5,Bicarbonato,59,Hombre,1,36,22,863,147,0,33.7,24.8,21.1,33.14,0
556,16,Bicarbonato,50,Hombre,0,40.2,20,340,142,1,34.8,38.4,35.7,33.59,0
557,8,Bicarbonato,59,Hombre,1,37,21.2,705,126,1,36,34.7,28.9,27.74,0
558,9,Bicarbonato,52,Hombre,0,35.3,22.4,1437,163,1,34.1,29.9,29.5,7.31,1
559,13,Placebo,61,Mujer,0,20.9,19.4,313,131,0,21.8,13.8,NA,23.65,2
560,10,Bicarbonato,70,Hombre,1,29.7,17.9,121,118,1,31.4,25.3,22.2,13.25,1
561,2,Placebo,81,Hombre,1,36.3,19.7,77,136,0,36.9,34.6,31.2,35.9,0
562,7,Bicarbonato,61,Mujer,0,29.2,20.8,82,116,1,28.2,27.3,27.3,35.28,0
563,6,Placebo,53,Hombre,0,15,19.5,22,149,0,NA,NA,NA,31.83,0
564,13,Bicarbonato,63,Mujer,1,29.8,19.2,122,169,1,30.7,29.9,23.5,24.99,0
565,11,Bicarbonato,61,Mujer,0,27.7,19.2,842,152,0,22.4,NA,NA,34,0
566,2,Placebo,73,Mujer,1,31.1,19.8,189,173,0,31.3,29.2,19.6,27.43,0
567,11,Bicarbonato,65,Hombre,0,30.3,22.7,203,151,1,29.3,28.2,28,33.85,0
568,8,Bicarbonato,74,Hombre,0,26.3,20.7,430,146,1,24.6,22.7,18.8,10.01,2
569,5,Bicarbonato,63,Mujer,1,35.9,19.5,32,111,1,32.5,34.7,32.8,33.95,0
570,15,Bicarbonato,78,Hombre,0,31.9,19.3,405,156,1,NA,NA,NA,24.25,0
571,11,Placebo,72,Mujer,0,31.3,20.4,161,111,0,34.7,28.9,20.2,10.48,1
572,15,Placebo,65,Mujer,0,35.8,21.9,91,168,0,32.1,33.8,28.5,24.54,0
573,4,Bicarbonato,54,Hombre,1,31.2,20.1,762,130,1,28.9,NA,NA,33.85,0
574,2,Bicarbonato,68,Hombre,1,22.8,18,22,121,1,22.1,22.4,17.8,35.24,0
575,10,Placebo,64,Mujer,1,40.1,20.7,590,116,0,38.9,37.7,28.6,25.5,0
576,12,Bicarbonato,54,Mujer,0,25.3,19.1,129,124,1,25.7,26.9,21.3,29.7,0
577,10,Placebo,47,Hombre,0,31.5,21.1,84,154,0,27.2,28.4,26.6,24.16,0
578,2,Placebo,65,Hombre,1,37.2,17.1,168,133,0,37.7,31.2,29.5,31.26,0
579,7,Bicarbonato,88,Mujer,0,32.9,20.1,41,153,1,34.6,30.3,25.3,34.08,0
580,12,Bicarbonato,88,Hombre,0,23.6,18.2,566,133,1,20.6,22.7,19.8,2.59,1
581,9,Bicarbonato,51,Mujer,0,30.9,21.2,173,130,1,33.1,27.2,30.6,27.63,0
582,10,Bicarbonato,85,Mujer,0,34,20.8,371,127,1,30,30.6,29.4,33.66,0
583,1,Placebo,59,Hombre,0,29.1,20.1,70,115,0,28.5,32.4,23.2,22.89,1
584,9,Placebo,75,Mujer,0,29.1,20.9,37,133,0,28.2,30.4,23.2,26,0
585,16,Bicarbonato,67,Hombre,1,34.8,20.1,218,132,1,33.6,31.9,33.5,31.07,0
586,4,Placebo,66,Hombre,1,26.9,20.5,242,138,0,26.8,23.2,19,24.61,0
587,1,Placebo,70,Mujer,0,31,18.2,43,140,0,33.1,31.6,28.4,13.1,1
588,9,Placebo,73,Mujer,1,24,17.7,99,134,0,23.8,22.9,16.6,33.47,0
589,5,Placebo,88,Hombre,0,32.3,21.4,68,148,0,30.4,30.9,27.6,32.46,0
590,2,Bicarbonato,61,Mujer,0,28.7,20.3,33,143,1,29.6,NA,NA,8.93,2
591,8,Placebo,58,Mujer,0,25.1,18.4,91,141,0,24.1,22.2,19.9,24.03,0
592,14,Bicarbonato,75,Mujer,0,27,22.4,673,115,1,27.6,22.2,21.9,34.68,0
593,6,Bicarbonato,61,Hombre,0,29.2,23.4,924,156,1,24.5,24.6,18.5,19.64,1
594,10,Bicarbonato,65,Hombre,1,30.4,19.6,302,122,1,33.6,23.3,25.3,7.95,1
595,13,Placebo,59,Hombre,0,25,21.9,81,146,0,24,21.4,20.4,33.44,0
596,8,Bicarbonato,74,Mujer,1,41.6,18.6,520,142,1,41.1,35.6,37,32.68,0
597,15,Bicarbonato,56,Hombre,1,23.8,19.7,172,132,1,18.2,21.9,23.9,31.59,0
598,2,Placebo,56,Hombre,1,31.2,20.4,187,109,0,28,28.4,20.7,29.03,0
599,11,Bicarbonato,65,Mujer,1,29.9,18.9,438,120,0,27.3,NA,NA,14.97,1
600,15,Placebo,64,Hombre,1,28.2,20.8,212,134,0,NA,NA,NA,21.99,2
601,16,Bicarbonato,51,Hombre,0,29.3,19.3,190,131,1,26.8,28,25.9,24.81,0
602,13,Bicarbonato,66,Mujer,0,26.9,18.1,3441,144,0,25.7,21.5,19.4,17.91,1
603,15,Placebo,80,Hombre,1,33.3,19.6,354,141,0,30.2,28.7,29.2,25.69,0
604,6,Bicarbonato,68,Hombre,1,19.7,20.7,48,134,1,16.9,18.8,13.1,9.85,1
605,7,Placebo,88,Mujer,0,27.1,18.1,240,140,0,22.2,22.3,23.5,34.97,0
606,4,Placebo,48,Hombre,0,25.8,20.1,40,148,0,25.7,26.8,26.8,24.6,0
607,11,Placebo,71,Hombre,0,31.6,21.8,135,147,0,28.4,29,28.1,23.2,1
608,8,Placebo,63,Hombre,0,22.9,17.6,88,132,0,22.3,17.6,17.2,32.62,0
609,14,Bicarbonato,88,Hombre,0,23.7,17.9,375,131,1,20.7,24.1,20.3,34.65,0
610,13,Placebo,63,Hombre,1,28.2,18.1,599,154,0,24.5,NA,NA,25.22,0
611,1,Bicarbonato,59,Hombre,0,30.3,19.3,270,127,0,26.9,27.3,22.8,28.31,0
612,1,Bicarbonato,56,Mujer,0,40.5,17.3,59,131,0,36.9,38.2,36.3,34.11,0
613,2,Bicarbonato,45,Mujer,0,32.9,20.4,122,129,1,34.5,NA,NA,32.74,0
614,2,Placebo,77,Hombre,0,28.9,18.9,187,149,0,25.7,27.5,22.5,29.64,0
615,5,Bicarbonato,64,Mujer,1,25,19.2,10,148,1,NA,NA,NA,29.5,0
616,3,Bicarbonato,50,Hombre,0,39.6,22.1,250,162,1,39.8,39.9,38.2,31.25,0
617,5,Placebo,67,Hombre,0,37.3,18.4,557,123,0,32.7,34.6,31.9,29.35,0
618,7,Bicarbonato,73,Mujer,0,19,18.2,2156,150,1,17.5,18.2,NA,15.58,2
619,5,Placebo,48,Hombre,0,23.7,19.6,118,104,0,22.8,23.3,15.7,33.38,0
620,15,Bicarbonato,80,Hombre,0,31.8,21.4,145,149,0,29,28.9,22.1,9.78,1
621,1,Placebo,80,Hombre,0,41.4,20.8,282,140,0,38.4,38.4,32.8,25.4,1
622,13,Placebo,67,Hombre,0,21.6,19.2,144,101,0,18.4,17.4,13,11.9,1
623,8,Placebo,73,Mujer,0,35.9,17.2,461,143,0,35.8,35.2,30.7,1.77,1
624,12,Bicarbonato,67,Mujer,0,28.9,22.3,36,129,1,29.4,NA,NA,10.57,2
625,15,Placebo,64,Mujer,1,20.5,18.8,115,146,0,19.7,NA,NA,34.6,0
626,9,Bicarbonato,74,Mujer,0,29,18.8,148,133,0,NA,NA,NA,34.02,2
627,4,Placebo,58,Hombre,1,28,19.5,103,131,0,27.6,21.3,22.3,23.57,2
628,4,Bicarbonato,83,Hombre,0,35.1,21.8,149,124,1,33.5,33.6,28.9,25.94,1
629,4,Bicarbonato,53,Mujer,0,25.1,23.2,475,128,1,NA,NA,NA,35.31,0
630,15,Placebo,73,Hombre,1,35.8,20.6,136,118,0,32.9,29.3,29.5,2.48,1
631,5,Placebo,53,Hombre,0,29.1,19.9,226,129,0,32.4,27.8,24.2,34.91,0
632,9,Bicarbonato,57,Hombre,0,41.6,24,166,154,1,42.7,42.8,43,29.85,0
633,15,Placebo,66,Hombre,0,28,21.2,432,123,0,25.5,24,22.2,3.48,1
634,7,Bicarbonato,59,Mujer,1,36.9,20.7,200,138,1,31.8,39.1,28.8,26.68,0
635,14,Placebo,70,Hombre,0,29.5,20.2,229,135,0,31,23,25.5,0.17,1
636,16,Bicarbonato,53,Mujer,1,44,18.7,33,135,1,42.8,44.9,43.1,29.04,0
637,6,Bicarbonato,74,Hombre,1,23.9,18.7,285,128,1,23.9,17.3,18.8,4.78,2
638,14,Placebo,84,Hombre,0,39.1,20.7,26,143,0,NA,NA,NA,24.96,0
639,16,Placebo,45,Hombre,0,30.9,19,26,138,0,29.2,32.3,27.6,25.42,0
640,16,Bicarbonato,42,Mujer,1,31.5,19.3,29,151,1,30.2,33.2,NA,32.56,0
