id,cumplidor,pend0,efecto_ind,pend
1,0,-3.1487211489715774,0.6000000000000001,-3.1487211489715774
2,1,-3.4996833571832773,0.8400000000000002,-3.4996833571832773
3,1,-3.284814975839386,0.75,-3.284814975839386
4,0,-1.549969445919409,2.04,-1.549969445919409
5,1,-2.7251714089246697,0.39000000000000024,-2.7251714089246697
6,1,-1.152488771034545,0.5400000000000003,-0.6124887710345448
7,0,-3.3345291407542343,0.7199999999999996,-3.3345291407542343
8,1,0.3265840896099972,0.8400000000000002,0.3265840896099972
9,1,-1.0317223905028525,1.65,0.6182776094971474
10,1,-2.9193314285570593,0.4800000000000005,-2.9193314285570593
11,0,-3.8334140474776994,1.3199999999999996,-3.8334140474776994
12,1,-2.7631754056108497,0.5099999999999998,-2.25317540561085
13,1,-2.9921658478433004,0.9900000000000002,-2.9921658478433004
14,1,-3.140380744301844,0.8699999999999996,-3.140380744301844
15,1,-0.40106056722708994,1.0800000000000005,0.6789394327729106
16,1,-0.3855858387431401,0.75,0.3644141612568599
17,0,-3.973175284339586,2.0699999999999994,-3.973175284339586
18,1,-3.181737174880058,1.3199999999999996,-1.8617371748800584
19,1,-3.0242222508961296,0.03000000000000047,-2.9942222508961294
20,1,-2.3151152386697547,0.9599999999999999,-1.3551152386697547
21,1,-2.3020791407600623,1.3800000000000003,-0.9220791407600619
22,1,-1.869204966781916,0.5699999999999996,-1.869204966781916
23,1,-3.006600062637241,0.6300000000000004,-3.006600062637241
24,0,-3.491487043167958,0.5400000000000003,-3.491487043167958
25,1,-2.791954768083354,1.05,-2.791954768083354
26,1,-1.5627568033006252,0.6900000000000003,-1.5627568033006252
27,1,-3.8425731205030114,1.35,-2.4925731205030113
28,1,-3.2068759129985067,0.20999999999999985,-3.2068759129985067
29,1,-4.8478072079912735,0.6000000000000001,-4.8478072079912735
30,1,-1.5953666102446475,0.9900000000000002,-1.5953666102446475
31,1,-4.508857914808357,0.8400000000000002,-3.6688579148083567
32,1,-3.7014849515486734,1.1102230246251565e-16,-3.7014849515486734
33,1,-1.3340526253593419,0.8400000000000002,-0.4940526253593417
34,0,-5.047842859327588,0.9,-5.047842859327588
35,0,-2.402850387212092,0.7199999999999996,-2.402850387212092
36,1,-2.950450039079493,1.1699999999999995,-1.7804500390794935
37,1,-1.9626181832176037,0.6300000000000004,-1.9626181832176037
38,1,-2.77213541301872,0.8099999999999998,-1.9621354130187203
39,0,-3.8314548509418143,1.0800000000000005,-3.8314548509418143
40,1,-2.903707438002625,0.6900000000000003,-2.2137074380026247
41,1,-2.5219218611935394,1.9199999999999995,-0.60192186119354
42,1,-0.7712327120377065,0.9,-0.7712327120377065
43,1,-3.3777702811577313,0.20999999999999985,-3.3777702811577313
44,1,-2.3756449458072506,0.4199999999999996,-1.9556449458072511
45,1,-2.227291665180555,0.7199999999999996,-2.227291665180555
46,1,-3.149171413899163,0.8400000000000002,-2.3091714138991626
47,1,-1.9206388801770864,0.8099999999999998,-1.1106388801770866
48,1,-5.230707709236345,1.05,-4.180707709236345
49,0,-3.786298982367299,0.8400000000000002,-3.786298982367299
50,1,-4.483287911750323,1.2599999999999998,-4.483287911750323
51,0,-4.191223954694415,1.0199999999999996,-4.191223954694415
52,1,-3.2149999678441414,1.3199999999999996,-1.8949999678441418
53,0,-4.2143591525769395,1.05,-4.2143591525769395
54,1,-4.027406635330639,0.9599999999999999,-4.027406635330639
55,1,-1.7997101590602413,1.05,-0.7497101590602413
56,0,-3.5196275598742983,0.45000000000000007,-3.5196275598742983
57,1,-3.839727020813787,0.9900000000000002,-3.839727020813787
58,1,-3.248461563891243,0.5699999999999996,-3.248461563891243
59,1,-0.4843484083294851,2.01,1.5256515916705147
60,1,-2.8110665353233935,0.3599999999999999,-2.8110665353233935
61,1,-4.861629847637949,0.03000000000000047,-4.861629847637949
62,0,-6.185132313391362,1.2300000000000004,-6.185132313391362
63,1,-3.166970306249412,0.75,-2.416970306249412
64,0,-4.91955762908495,0,-4.91955762908495
65,1,-4.545221294056428,1.2,-4.545221294056428
66,1,-3.5014747688630052,1.2900000000000003,-3.5014747688630052
67,1,-3.3870502390351724,1.0199999999999996,-2.367050239035173
68,1,-3.180412084173462,1.3199999999999996,-1.8604120841734624
69,1,-2.9353104512482693,0.8400000000000002,-2.095310451248269
70,0,-4.151803603160619,0,-4.151803603160619
71,1,-1.9075727725865146,1.1400000000000001,-1.9075727725865146
72,1,-1.2502048556274261,0.6000000000000001,-1.2502048556274261
73,1,-3.4451209160842144,0.6599999999999998,-2.7851209160842147
74,1,-3.5582187976089807,1.05,-3.5582187976089807
75,1,-2.7976016496264204,0.30000000000000004,-2.4976016496264206
76,1,-0.3721973436600716,0.3300000000000005,-0.04219734366007111
77,1,-3.8422945742192613,0.4199999999999996,-3.8422945742192613
78,1,-3.46350696028288,1.35,-2.11350696028288
79,1,-4.348270827984338,0.6000000000000001,-3.748270827984338
80,1,-2.3867389009224365,1.2900000000000003,-1.0967389009224362
81,0,-0.8368378079786907,1.65,-0.8368378079786907
82,0,-3.064502128855583,1.2300000000000004,-3.064502128855583
83,0,-3.6079114245403288,0.5699999999999996,-3.6079114245403288
84,1,-2.8580531037053722,0.11999999999999966,-2.7380531037053726
85,0,-2.8875866063647693,0.15000000000000002,-2.8875866063647693
86,1,-1.5902664953941525,1.05,-1.5902664953941525
87,1,-2.8060668346932363,1.1400000000000001,-2.8060668346932363
88,1,-3.7246152396064547,0,-3.7246152396064547
89,1,-2.7084726443569846,0,-2.7084726443569846
90,0,-2.194737786457417,1.2900000000000003,-2.194737786457417
91,0,-3.1142407601135105,0.3300000000000005,-3.1142407601135105
92,1,-3.4530227645516374,0.9300000000000005,-3.4530227645516374
93,1,-1.691795909650867,1.5,-1.691795909650867
94,1,-4.798041744484645,0.9,-3.898041744484645
95,1,-2.3076157015979604,0.9900000000000002,-1.3176157015979602
96,1,-3.894715038150035,1.5,-3.894715038150035
97,1,-1.4310055892063023,0.3599999999999999,-1.0710055892063024
98,1,-3.2399235715212216,1.4099999999999997,-1.8299235715212219
99,1,-3.4474884427821864,0.6300000000000004,-3.4474884427821864
100,1,-2.3539718156711875,0.9300000000000005,-1.423971815671187
101,1,-2.9775070849804357,0.3599999999999999,-2.617507084980436
102,1,-1.19807986281489,1.35,0.15192013718511
103,1,-2.8377154525497827,0.4199999999999996,-2.4177154525497833
104,1,-1.9684263830321542,1.2300000000000004,-1.9684263830321542
105,1,-1.5977131481580804,1.1400000000000001,-1.5977131481580804
106,1,-1.2243990564386595,0.7199999999999996,-1.2243990564386595
107,1,-4.786543601165745,1.6800000000000004,-3.106543601165744
108,1,-4.326384793441244,1.7999999999999998,-4.326384793441244
109,1,-0.411771788599792,1.5599999999999998,1.1482282114002078
110,1,-3.2862499518501087,0.2699999999999996,-3.016249951850109
111,1,-1.3488949364616918,1.6199999999999997,-1.3488949364616918
112,1,-2.82217792342563,0.15000000000000002,-2.82217792342563
113,1,-3.374194000662026,1.3199999999999996,-2.0541940006620267
114,1,-2.0833861811382524,1.4099999999999997,-0.6733861811382527
115,1,-4.512816224247603,1.5,-3.0128162242476026
116,0,-5.090735972884919,1.4099999999999997,-5.090735972884919
117,1,-2.6561270746476335,1.5900000000000003,-1.0661270746476332
118,0,-4.710975968797999,0.9599999999999999,-4.710975968797999
119,1,-2.8888656218232,0.8099999999999998,-2.0788656218232004
120,1,-3.0905820704314957,1.05,-2.040582070431496
121,1,-4.982184671442396,1.05,-4.982184671442396
122,1,-2.9122264487198177,0.30000000000000004,-2.9122264487198177
123,1,-1.4434618160269308,0.6000000000000001,-0.8434618160269307
124,1,-5.006419696131672,0.5400000000000003,-5.006419696131672
125,1,-3.167453726550988,1.05,-3.167453726550988
126,1,-3.526883277343741,1.0199999999999996,-3.526883277343741
127,0,-3.785478121037176,0.7199999999999996,-3.785478121037176
128,1,-3.1408721112233136,1.1400000000000001,-3.1408721112233136
129,1,-2.6152704336220496,0.4800000000000005,-2.135270433622049
130,1,-2.015079399325275,0.5699999999999996,-1.4450793993252755
131,1,-0.8319226885370501,0.05999999999999983,-0.7719226885370503
132,0,-3.3899772855555153,1.1400000000000001,-3.3899772855555153
133,1,-2.4730747212524102,0.9300000000000005,-2.4730747212524102
134,1,-2.861370321990371,0.7199999999999996,-2.141370321990371
135,0,-4.546680492015916,2.55,-4.546680492015916
136,1,-3.660022304865901,1.3199999999999996,-3.660022304865901
137,1,-2.3295645440607364,1.05,-1.2795645440607364
138,0,-4.209840872525834,1.8900000000000001,-4.209840872525834
139,0,-3.1279635803182932,1.2300000000000004,-3.1279635803182932
140,0,-2.799644981258698,0.3300000000000005,-2.799644981258698
141,1,-1.2031915986709452,0,-1.2031915986709452
142,0,-3.5586351139409693,1.2,-3.5586351139409693
143,0,-2.878214145747839,2.01,-2.878214145747839
144,1,-2.6503552667803247,1.2300000000000004,-1.4203552667803243
145,1,-1.5783409902535097,0.7199999999999996,-0.8583409902535101
146,0,-2.1085853118295863,0.6000000000000001,-2.1085853118295863
147,1,-2.4547652158541813,1.0800000000000005,-2.4547652158541813
148,0,-5.901838995780442,0,-5.901838995780442
149,1,-0.9040174000307202,1.0199999999999996,-0.9040174000307202
150,1,-2.4292555623198653,1.2599999999999998,-1.1692555623198655
151,1,-0.5402452054810248,0.75,0.20975479451897516
152,1,-3.8765520260281843,0.7800000000000005,-3.096552026028184
153,1,-2.109752573467679,0,-2.109752573467679
154,1,-2.482322000741246,0.6000000000000001,-2.482322000741246
155,1,-2.5535037321650638,0.03000000000000047,-2.5235037321650635
156,1,-1.6096071640469227,2.04,0.4303928359530773
157,1,-2.1440627167541266,0.6900000000000003,-1.4540627167541262
158,0,-4.116802328594875,1.3199999999999996,-4.116802328594875
159,1,-2.0322772145068595,0.8699999999999996,-1.1622772145068598
160,1,-4.327467067581727,0.9300000000000005,-3.3974670675817267
161,1,-2.907719170199908,0.7800000000000005,-2.1277191701999074
162,1,-2.424081195013657,0.6000000000000001,-1.8240811950136568
163,1,-2.6998144635614225,1.3199999999999996,-2.6998144635614225
164,0,-5.52061365243163,1.05,-5.52061365243163
165,0,-0.1364695216009677,0,-0.1364695216009677
166,1,-2.3907186316688844,0.7199999999999996,-2.3907186316688844
167,0,-3.874857253537665,0.8699999999999996,-3.874857253537665
168,1,-2.632363712729008,0.5099999999999998,-2.1223637127290083
169,1,-4.688448326104689,1.4400000000000002,-3.248448326104689
170,1,-2.4917834514778145,0.03000000000000047,-2.4917834514778145
171,0,-3.860920582387467,0.7199999999999996,-3.860920582387467
172,0,-3.6130865942023704,1.0199999999999996,-3.6130865942023704
173,1,-3.6004399969178547,0.9599999999999999,-3.6004399969178547
174,0,-5.768196269491865,1.6800000000000004,-5.768196269491865
175,1,-1.958582871401203,1.1699999999999995,-1.958582871401203
176,1,-2.5508739979980524,0.6000000000000001,-2.5508739979980524
177,0,-3.3581280377794847,1.6800000000000004,-3.3581280377794847
178,1,-3.511166930692382,0.6900000000000003,-3.511166930692382
179,1,-1.2031493022622841,0.6900000000000003,-1.2031493022622841
180,1,-2.776219370186817,0,-2.776219370186817
181,0,-2.2028912934745297,1.0199999999999996,-2.2028912934745297
182,1,-4.709578040587619,0.5400000000000003,-4.709578040587619
183,0,-2.8932118820943113,0.9900000000000002,-2.8932118820943113
184,1,-1.09481190409243,0.6300000000000004,-0.46481190409242956
185,1,-3.682049078454029,0.0900000000000003,-3.592049078454029
186,0,-4.846951970765552,0.6000000000000001,-4.846951970765552
187,1,-1.1269755408300774,1.2900000000000003,-1.1269755408300774
188,1,-4.144969310687712,1.05,-4.144969310687712
189,1,-1.8369721791222131,0.6300000000000004,-1.8369721791222131
190,1,-2.289835889555509,1.0199999999999996,-1.2698358895555093
191,1,-2.6727546405588276,0.2699999999999996,-2.6727546405588276
192,1,-2.5898332004342715,0.7199999999999996,-2.5898332004342715
193,1,-1.1276863052856831,1.2900000000000003,-1.1276863052856831
194,1,-3.649867170356031,1.0199999999999996,-2.6298671703560315
195,0,-3.0025806045560306,0.6599999999999998,-3.0025806045560306
196,1,-0.9056774307339786,0.8699999999999996,-0.9056774307339786
197,1,-3.0109978616430997,2.6999999999999997,-3.0109978616430997
198,0,-5.614544996061575,1.2900000000000003,-5.614544996061575
199,1,-3.385030234821564,0.5400000000000003,-3.385030234821564
200,1,-1.4008085872679006,1.5300000000000005,-1.4008085872679006
201,0,-2.318619006763761,0.8699999999999996,-2.318619006763761
202,1,-1.5444501854563495,1.5,-0.04445018545634949
203,0,-5.3269113309168485,1.05,-5.3269113309168485
204,1,-3.1005758348834145,0.6300000000000004,-2.470575834883414
205,1,-2.032336960442328,1.1400000000000001,-2.032336960442328
206,1,-2.799753685291535,1.1699999999999995,-1.6297536852915355
207,1,0.5423364186759358,0,0.5423364186759358
208,0,-3.9999046846269666,0.8400000000000002,-3.9999046846269666
209,0,-5.882117796166767,0.6000000000000001,-5.882117796166767
210,0,-3.5262523341056573,0.6000000000000001,-3.5262523341056573
211,0,-3.271663121251137,0.7800000000000005,-3.271663121251137
212,0,-4.4505329160145894,1.2,-4.4505329160145894
213,1,-2.4771582356406943,1.7400000000000002,-0.737158235640694
214,1,-0.7170041248847643,2.4,1.6829958751152356
215,1,-2.6112272761675666,0.3300000000000005,-2.6112272761675666
216,0,-2.9703787410760403,1.0800000000000005,-2.9703787410760403
217,0,-5.686422498188441,1.1699999999999995,-5.686422498188441
218,0,-4.324981048160513,0.5400000000000003,-4.324981048160513
219,0,-3.8369451749603902,0.05999999999999983,-3.8369451749603902
220,1,-2.9260744417042788,1.05,-2.9260744417042788
221,1,-1.3190520617178136,1.3800000000000003,-1.3190520617178136
222,1,-1.9683691589914634,0.3300000000000005,-1.9683691589914634
223,0,-3.1695653157339994,1.0199999999999996,-3.1695653157339994
224,1,-2.63351869518437,0,-2.63351869518437
225,1,-3.9668819544642018,0.2400000000000002,-3.7268819544642016
226,1,-3.3398887829766934,0.8400000000000002,-2.499888782976693
227,0,-2.3097875289474943,1.4400000000000002,-2.3097875289474943
228,1,-3.2866230257151443,1.4400000000000002,-1.8466230257151441
229,1,-3.9470718759256744,1.0800000000000005,-3.9470718759256744
230,1,-2.270469510142559,0.5699999999999996,-2.270469510142559
231,1,-3.7053294513284603,0.20999999999999985,-3.4953294513284603
232,0,-5.915706461095486,0.5699999999999996,-5.915706461095486
233,1,-1.3491322976464912,2.13,0.7808677023535087
234,1,-1.5260244274588186,1.7999999999999998,0.2739755725411812
235,1,-3.7667219101570053,1.1099999999999999,-2.6567219101570054
236,1,-2.220002035654818,0.4199999999999996,-1.8000020356548183
237,1,-4.201653063535758,1.1099999999999999,-4.201653063535758
238,0,-3.54002083165895,1.7099999999999997,-3.54002083165895
239,1,-2.7489363440912804,0.75,-2.7489363440912804
240,0,-3.2043128915793977,1.2599999999999998,-3.2043128915793977
241,0,-1.8339029428926559,2.01,-1.8339029428926559
242,1,-2.974422042040577,0.8400000000000002,-2.974422042040577
243,0,-3.9660582138209,1.5900000000000003,-3.9660582138209
244,0,-3.0235078982246115,0.9599999999999999,-3.0235078982246115
245,1,-1.4630045504324631,0,-1.4630045504324631
246,1,-2.6181969210396145,1.5900000000000003,-1.0281969210396142
247,0,-3.545397155660068,1.4699999999999995,-3.545397155660068
248,1,-1.1947742891800386,1.1099999999999999,-0.08477428918003871
249,1,-3.436870199064115,0,-3.436870199064115
250,1,-1.202615218467108,0,-1.202615218467108
251,1,-0.1496374997932317,1.2300000000000004,-0.1496374997932317
252,1,-2.01923732384078,0.8400000000000002,-1.1792373238407796
253,0,-3.4899355099080616,0.9900000000000002,-3.4899355099080616
254,1,-1.3506974668459137,0.9900000000000002,-0.36069746684591353
255,1,-3.228349897478137,0.45000000000000007,-3.228349897478137
256,1,-3.2822611709647367,0.9300000000000005,-3.2822611709647367
257,1,-3.7309577024277942,0.8400000000000002,-3.7309577024277942
258,0,-3.438816658219974,1.1099999999999999,-3.438816658219974
259,0,-3.8364113514639406,1.5599999999999998,-3.8364113514639406
260,1,-2.9442278132974025,1.3800000000000003,-2.9442278132974025
261,1,-3.380031065021061,0.9599999999999999,-3.380031065021061
262,1,-3.454213035837995,1.35,-3.454213035837995
263,0,-3.309333597712247,0.8099999999999998,-3.309333597712247
264,0,-2.757341901406434,1.5300000000000005,-2.757341901406434
265,0,-2.927732183232495,0.8400000000000002,-2.927732183232495
266,1,-2.9109020732399364,0.9599999999999999,-2.9109020732399364
267,1,-3.318379487176513,0.15000000000000002,-3.168379487176513
268,1,-2.3839718120078865,0.30000000000000004,-2.0839718120078867
269,1,-3.6941338088369053,1.5,-3.6941338088369053
270,1,-2.2934767985029585,1.5900000000000003,-0.7034767985029582
271,1,-1.3596080972083446,1.4400000000000002,-1.3596080972083446
272,1,-1.8265206970357388,1.4099999999999997,-0.41652069703573913
273,1,-3.059082120261102,1.3800000000000003,-1.6790821202611017
274,0,-5.0008824437453026,1.1400000000000001,-5.0008824437453026
275,1,-3.6691186122370345,0.1800000000000005,-3.6691186122370345
276,0,-2.649939744122994,1.4400000000000002,-2.649939744122994
277,1,-3.8777113218256325,0.20999999999999985,-3.6677113218256325
278,1,-2.0426234658840237,0.6599999999999998,-1.382623465884024
279,1,-2.7824067143078546,0.6599999999999998,-2.7824067143078546
280,1,-4.405692529044631,1.2599999999999998,-3.1456925290446316
281,0,-4.4167678787975015,0.5400000000000003,-4.4167678787975015
282,1,-2.7299269967225754,1.0199999999999996,-1.7099269967225759
283,0,-3.17611229607745,1.5599999999999998,-3.17611229607745
284,0,-3.1472228793288792,0.5699999999999996,-3.1472228793288792
285,1,-2.1214017162947916,0.5699999999999996,-2.1214017162947916
286,1,-5.0348271243818665,0.30000000000000004,-4.734827124381867
287,1,-2.8950773109077925,0.9,-2.8950773109077925
288,1,-3.1526954643905514,1.9800000000000004,-1.172695464390551
289,0,-3.4016568560248057,0.3300000000000005,-3.4016568560248057
290,1,-4.271766461152058,0.39000000000000024,-3.881766461152058
291,1,-1.6174785895549173,0.3300000000000005,-1.2874785895549168
292,0,-3.391334072867981,0.75,-3.391334072867981
293,1,-1.5452842889919485,0.7800000000000005,-0.765284288991948
294,1,-2.925046731977489,1.05,-1.8750467319774888
295,1,-2.111409803690808,1.1699999999999995,-2.111409803690808
296,0,-2.939688283554513,0.6900000000000003,-2.939688283554513
297,0,-4.150776469267494,1.0800000000000005,-4.150776469267494
298,1,-1.8645421984813297,0.8099999999999998,-1.8645421984813297
299,1,-3.370674028079191,0.9900000000000002,-2.380674028079191
300,1,-3.779497550605872,1.4400000000000002,-2.3394975506058717
301,0,-4.0613514183818715,0.75,-4.0613514183818715
302,1,-2.342739366765427,0.9300000000000005,-2.342739366765427
303,0,-3.862604402890146,0.9,-3.862604402890146
304,1,-2.195514938019521,0.6000000000000001,-2.195514938019521
305,1,-4.217851832655706,1.0199999999999996,-3.197851832655706
306,1,-2.29795565010259,1.2300000000000004,-2.29795565010259
307,1,-4.48659435066626,0.5099999999999998,-4.48659435066626
308,1,-2.437463815721973,1.05,-2.437463815721973
309,1,-4.4744287305059425,1.7099999999999997,-4.4744287305059425
310,1,-2.981061992903763,0.7800000000000005,-2.201061992903763
311,1,-3.102098687964823,0.8099999999999998,-2.292098687964823
312,1,-2.668670673131283,0.2699999999999996,-2.668670673131283
313,1,-3.1379074695114393,1.1099999999999999,-3.1379074695114393
314,1,-1.4955481108575253,0.7800000000000005,-1.4955481108575253
315,0,-4.322012214104017,0.8099999999999998,-4.322012214104017
316,0,-4.247363546282754,1.7999999999999998,-4.247363546282754
317,0,-3.5637020181834194,1.7400000000000002,-3.5637020181834194
318,1,-2.9255763729630266,0.6900000000000003,-2.9255763729630266
319,1,-4.257668137322737,1.2900000000000003,-2.967668137322737
320,1,-0.8661499621602785,1.4400000000000002,-0.8661499621602785
321,1,-4.128623301851219,0.8699999999999996,-3.258623301851219
322,1,-2.8889028237540155,2.25,-2.8889028237540155
323,0,-3.8703468013412206,2.1900000000000004,-3.8703468013412206
324,1,-0.7991666623462577,0,-0.7991666623462577
325,1,-1.1361170412691863,0.6300000000000004,-0.5061170412691859
326,0,-2.7843767265841746,0.9900000000000002,-2.7843767265841746
327,1,-2.708556034160332,1.4400000000000002,-2.708556034160332
328,1,-2.0890044384322777,0.7199999999999996,-2.0890044384322777
329,0,-1.8803189447455904,1.8900000000000001,-1.8803189447455904
330,0,-3.650676866395484,0.9300000000000005,-3.650676866395484
331,0,-3.771477082378292,0,-3.771477082378292
332,1,-2.612003426047582,1.1099999999999999,-1.5020034260475823
333,1,-3.1568950658071993,0.5099999999999998,-3.1568950658071993
334,0,-3.7616047343868297,0.30000000000000004,-3.7616047343868297
335,1,-2.704321684831056,1.1099999999999999,-2.704321684831056
336,1,-3.0155818689544063,0.4800000000000005,-3.0155818689544063
337,1,-2.452539542905326,0.6900000000000003,-1.7625395429053254
338,1,-3.3761415464604525,1.1102230246251565e-16,-3.3761415464604525
339,1,0.3327451502448189,1.7999999999999998,0.3327451502448189
340,0,-3.536938648190315,0.6000000000000001,-3.536938648190315
341,1,-4.042437694496192,0.8400000000000002,-3.2024376944961914
342,1,-5.079124023098791,0.4199999999999996,-5.079124023098791
343,0,-2.2606823809760153,0.9,-2.2606823809760153
344,0,-4.1990473246219215,0.15000000000000002,-4.1990473246219215
345,1,-3.0133195805361837,0.7800000000000005,-2.2333195805361834
346,0,-5.128050013666559,1.7400000000000002,-5.128050013666559
347,0,-3.1288809287795205,1.2599999999999998,-3.1288809287795205
348,1,-3.333123069684552,0.4199999999999996,-3.333123069684552
349,1,-2.63697518543804,1.9199999999999995,-2.63697518543804
350,1,-3.5793115973156224,1.6800000000000004,-1.899311597315622
351,0,-3.646654382686348,0.9300000000000005,-3.646654382686348
352,0,-3.768632728425249,1.2300000000000004,-3.768632728425249
353,0,-5.692340105357075,1.0800000000000005,-5.692340105357075
354,0,-2.4724469422445416,1.0800000000000005,-2.4724469422445416
355,1,-4.221817706793483,0.3599999999999999,-3.861817706793483
356,1,-1.9829150518483492,0.3599999999999999,-1.6229150518483493
357,1,-2.671008906342505,0.4800000000000005,-2.1910089063425047
358,0,-4.537919250950051,0.75,-4.537919250950051
359,0,-4.137120298596258,0.4800000000000005,-4.137120298596258
360,1,-3.948239345979911,1.0199999999999996,-3.948239345979911
361,1,-2.6233404629006776,0.9599999999999999,-2.6233404629006776
362,1,-2.5471427431125515,1.0199999999999996,-2.5471427431125515
363,1,-3.231156522159706,0.45000000000000007,-2.781156522159706
364,0,-4.5928151123285454,0,-4.5928151123285454
365,1,-3.2054300283399355,0.3300000000000005,-3.2054300283399355
366,1,-2.1197326541603863,1.05,-2.1197326541603863
367,0,-5.549811076898417,1.9199999999999995,-5.549811076898417
368,0,-5.10673957699053,1.5300000000000005,-5.10673957699053
369,0,-2.8357981451261085,1.0800000000000005,-2.8357981451261085
370,1,-3.424749423050357,0.9900000000000002,-3.424749423050357
371,0,-3.6130396434520966,1.1102230246251565e-16,-3.6130396434520966
372,1,-3.493128791579891,0.5699999999999996,-3.493128791579891
373,1,-3.7863499290413083,2.3400000000000003,-3.7863499290413083
374,0,-3.4020324145566305,0.4199999999999996,-3.4020324145566305
375,1,-3.2417943282646227,0.75,-2.4917943282646227
376,1,-1.7106180801018431,1.0800000000000005,-1.7106180801018431
377,0,-2.126339568452247,0.8699999999999996,-2.126339568452247
378,0,-4.366546510984949,0.8400000000000002,-4.366546510984949
379,1,-3.4558958461534015,0,-3.4558958461534015
380,1,-2.9636809492060356,0.20999999999999985,-2.7536809492060357
381,1,-3.086742198383248,0.1800000000000005,-3.086742198383248
382,0,-2.8547503940863463,1.1099999999999999,-2.8547503940863463
383,1,-3.5825762659811735,0.9900000000000002,-3.5825762659811735
384,0,-5.21070931957182,0.9900000000000002,-5.21070931957182
385,0,-4.2890861471088915,1.7099999999999997,-4.2890861471088915
386,0,-4.090120294173162,0.4199999999999996,-4.090120294173162
387,1,-4.258403744572833,1.4400000000000002,-4.258403744572833
388,0,-2.9547539431177823,0.5699999999999996,-2.9547539431177823
389,1,-0.841874660555662,0.8099999999999998,-0.031874660555662127
390,0,-2.8585929284840508,1.05,-2.8585929284840508
391,1,-2.0514762021405732,0.8099999999999998,-1.2414762021405734
392,1,-2.5245009300687284,1.7400000000000002,-0.7845009300687282
393,1,-2.8182739588993497,0.20999999999999985,-2.8182739588993497
394,1,-3.5401659511016437,0.8099999999999998,-3.5401659511016437
395,1,-3.067958519691749,0.5699999999999996,-2.4979585196917498
396,1,-2.7051768937534577,1.3199999999999996,-2.7051768937534577
397,1,-2.9389670901639957,1.0199999999999996,-2.9389670901639957
398,0,-3.1809244118711133,0.9900000000000002,-3.1809244118711133
399,0,-4.642567480623262,0.8699999999999996,-4.642567480623262
400,1,-3.755415573603568,0.5099999999999998,-3.755415573603568
401,1,-3.9603062173520542,1.0199999999999996,-3.9603062173520542
402,1,-3.1491575459628702,0.8400000000000002,-3.1491575459628702
403,0,-3.434537701374203,1.5300000000000005,-3.434537701374203
404,1,-2.705920667927602,0.2400000000000002,-2.705920667927602
405,1,-4.118918621054173,1.3800000000000003,-2.738918621054173
406,1,-3.420663473460465,0.03000000000000047,-3.420663473460465
407,1,-3.852578294785068,0.9599999999999999,-2.8925782947850682
408,0,-4.4317261619337955,0.39000000000000024,-4.4317261619337955
409,0,-2.258142811235242,1.2,-2.258142811235242
410,1,-2.7312143733112824,2.04,-2.7312143733112824
411,1,-1.2195109100047163,1.05,-0.1695109100047163
412,1,-2.613039936486567,1.5300000000000005,-1.0830399364865666
413,1,-2.8680005684404377,0.8400000000000002,-2.0280005684404374
414,0,-2.3027433982598327,0.9300000000000005,-2.3027433982598327
415,1,-4.577189773969654,0.5699999999999996,-4.007189773969655
416,0,-4.557873570828814,1.5900000000000003,-4.557873570828814
417,0,-4.171032774162613,0.9300000000000005,-4.171032774162613
418,1,-4.18552114462172,1.0800000000000005,-3.10552114462172
419,0,-3.884265549051336,0.6000000000000001,-3.884265549051336
420,0,-4.895025346133782,1.2300000000000004,-4.895025346133782
421,1,-3.3386059838060502,0.6900000000000003,-2.64860598380605
422,1,-1.9266790247049612,1.65,-1.9266790247049612
423,0,-3.4272131276566866,0.5400000000000003,-3.4272131276566866
424,1,-1.05014723352078,1.2900000000000003,0.23985276647922027
425,1,-3.23872218386082,1.1400000000000001,-3.23872218386082
426,1,-1.0936489231156492,0.9,-0.19364892311564919
427,1,-0.8161669378087286,0.6300000000000004,-0.8161669378087286
428,0,-3.008166094243039,0,-3.008166094243039
429,1,-2.211186267682291,0.9599999999999999,-2.211186267682291
430,1,-2.217103009747594,0,-2.217103009747594
431,1,-2.643086913232639,0.5099999999999998,-2.643086913232639
432,0,-2.9648880695702733,0.45000000000000007,-2.9648880695702733
433,0,-2.7938474813150465,1.0800000000000005,-2.7938474813150465
434,1,-2.722335201846089,0.3300000000000005,-2.722335201846089
435,0,-3.104038436622425,0.45000000000000007,-3.104038436622425
436,1,-2.8830266448797337,0.75,-2.8830266448797337
437,0,-4.283234050542238,1.2599999999999998,-4.283234050542238
438,1,-2.866084770356522,1.6800000000000004,-1.1860847703565216
439,1,-1.0649297574861865,0.6599999999999998,-1.0649297574861865
440,1,-2.7932612652051083,0.6599999999999998,-2.7932612652051083
441,1,-3.2498515227315,1.5900000000000003,-1.6598515227314996
442,1,-4.205223057384854,0,-4.205223057384854
443,1,-4.614855365889665,1.1699999999999995,-4.614855365889665
444,1,-3.1629404053357315,1.2,-3.1629404053357315
445,1,-4.131360478466222,1.0199999999999996,-4.131360478466222
446,0,-3.09861021421893,0.5400000000000003,-3.09861021421893
447,1,-0.27176867217930867,0.4199999999999996,0.14823132782069093
448,1,-2.9552889693061375,1.0800000000000005,-1.875288969306137
449,0,-3.676081310946695,0.2699999999999996,-3.676081310946695
450,0,-2.4317693160722875,0.7800000000000005,-2.4317693160722875
451,1,-2.83834016427118,0.11999999999999966,-2.83834016427118
452,1,-3.224771333727322,1.7099999999999997,-3.224771333727322
453,1,-1.8943890770110525,0.6900000000000003,-1.8943890770110525
454,1,-4.955395044719511,0.9,-4.955395044719511
455,0,-6.366010180654648,0.6000000000000001,-6.366010180654648
456,1,-3.8556947859072173,0.5400000000000003,-3.3156947859072172
457,1,-2.5198850737283904,1.2900000000000003,-2.5198850737283904
458,0,-3.734970812174667,1.5900000000000003,-3.734970812174667
459,1,-3.1161065670814465,1.5,-1.6161065670814465
460,1,-3.1686998349645754,0.9599999999999999,-2.2086998349645754
461,1,-4.0312705510168225,0.7800000000000005,-4.0312705510168225
462,1,-3.0169233109225218,1.0199999999999996,-3.0169233109225218
463,1,-3.6011450912988456,1.3800000000000003,-3.6011450912988456
464,1,-1.2089212667541869,0.2400000000000002,-0.9689212667541867
465,1,-3.5610438011020635,0.45000000000000007,-3.5610438011020635
466,1,-3.0921653314712407,0.5699999999999996,-2.522165331471241
467,1,-4.032814974637894,1.0800000000000005,-4.032814974637894
468,0,-1.8868187362227569,0,-1.8868187362227569
469,1,-3.547695895644339,1.35,-3.547695895644339
470,1,-3.0086431091282977,1.4099999999999997,-3.0086431091282977
471,1,-3.626753216017752,1.1102230246251565e-16,-3.626753216017752
472,1,-1.569897138744533,1.8900000000000001,0.32010286125546705
473,1,-5.777389510598621,1.9800000000000004,-5.777389510598621
474,1,-2.4442901403791963,0.8699999999999996,-1.5742901403791967
475,1,-2.724666984118551,0.8699999999999996,-1.8546669841185515
476,1,-2.591471134563821,0.0900000000000003,-2.591471134563821
477,1,-3.933245295819665,0.7800000000000005,-3.933245295819665
478,0,-3.138231621426158,0.03000000000000047,-3.138231621426158
479,1,-2.902121823147813,0.6900000000000003,-2.902121823147813
480,1,-1.1917373712022494,0.7199999999999996,-1.1917373712022494
481,1,-1.6557946321078914,1.8900000000000001,0.23420536789210877
482,1,-1.3181013194950826,1.2599999999999998,-1.3181013194950826
483,1,-3.108796234598259,1.65,-1.458796234598259
484,0,-6.638865278769261,1.8300000000000005,-6.638865278769261
485,1,-2.0583218931566005,1.65,-2.0583218931566005
486,0,-5.223464725707231,0.30000000000000004,-5.223464725707231
487,1,-3.2470920365374343,0,-3.2470920365374343
488,1,-2.745084815422863,1.4099999999999997,-1.3350848154228632
489,1,-1.7800350880173252,0.6000000000000001,-1.7800350880173252
490,1,-4.283126820816514,1.2300000000000004,-4.283126820816514
491,0,-2.9066696057856296,0.6000000000000001,-2.9066696057856296
492,0,-4.754808617233145,0.9,-4.754808617233145
493,1,-3.1605615228329573,0.9900000000000002,-3.1605615228329573
494,1,-3.701318588008824,1.0800000000000005,-3.701318588008824
495,1,-1.2392719295979804,0.2400000000000002,-1.2392719295979804
496,1,-3.2764181273017767,0.9,-3.2764181273017767
497,1,-2.4281430889695788,1.1400000000000001,-1.2881430889695786
498,0,-3.1882366844454526,0.3300000000000005,-3.1882366844454526
499,1,-4.00146200686596,0.9300000000000005,-3.0714620068659597
500,1,-1.3688037885044668,0.8400000000000002,-1.3688037885044668
501,1,-2.246094266379248,0.9900000000000002,-2.246094266379248
502,1,-2.302641290056418,1.2900000000000003,-2.302641290056418
503,1,-3.356899811900262,0.3300000000000005,-3.0268998119002615
504,1,-2.295410441364251,0.5400000000000003,-1.7554104413642506
505,1,-3.0592701182561224,0.9,-2.1592701182561225
506,1,-3.1859052394457392,0.9900000000000002,-2.195905239445739
507,0,-5.73971584257019,1.3199999999999996,-5.73971584257019
508,1,-3.7655716804832227,0.6599999999999998,-3.105571680483223
509,1,-2.041834474335209,1.7099999999999997,-0.3318344743352093
510,1,-3.708980658092121,0.6599999999999998,-3.708980658092121
511,0,-3.9419832789223874,1.0800000000000005,-3.9419832789223874
512,1,-1.2413755329387495,1.9199999999999995,0.67862446706125
513,1,-4.169674996190356,1.4699999999999995,-2.699674996190356
514,0,-3.374281620551556,1.4699999999999995,-3.374281620551556
515,0,-1.912029061242318,0.8699999999999996,-1.912029061242318
516,0,-3.84265653534015,0.11999999999999966,-3.84265653534015
517,1,-1.87279062406412,0.9900000000000002,-0.8827906240641197
518,0,-3.782890558161582,1.8300000000000005,-3.782890558161582
519,1,-2.9816638526354597,0.9,-2.08166385263546
520,1,-2.5688298458140686,0.8099999999999998,-1.7588298458140688
521,1,-3.6854109106328607,0.2400000000000002,-3.6854109106328607
522,1,-3.7708694481028093,0.30000000000000004,-3.7708694481028093
523,1,-2.698844662987483,1.0800000000000005,-2.698844662987483
524,0,-3.3885219082950417,0.6000000000000001,-3.3885219082950417
525,0,-3.6723204920529713,1.8599999999999999,-3.6723204920529713
526,0,-5.121868955673651,1.1400000000000001,-5.121868955673651
527,1,-0.384964723373733,2.0699999999999994,1.6850352766262664
528,1,-2.4502875358724885,1.05,-1.4002875358724884
529,1,-3.7183274404652282,1.5599999999999998,-3.7183274404652282
530,1,-3.6486569133139137,1.1699999999999995,-3.6486569133139137
531,1,-1.9037884331663015,1.05,-0.8537884331663015
532,1,-3.653281013758586,1.7699999999999996,-1.8832810137585865
533,0,-4.425531586418843,1.5,-4.425531586418843
534,0,-4.643631868823586,1.1099999999999999,-4.643631868823586
535,1,-2.9163493374183167,0.45000000000000007,-2.4663493374183165
536,1,-0.7311094249203891,0.9300000000000005,0.1988905750796114
537,1,-1.6203042924724174,0.20999999999999985,-1.6203042924724174
538,1,-4.23149380980078,0.5400000000000003,-3.6914938098007797
539,1,-3.885171390374464,0.0900000000000003,-3.885171390374464
540,0,-4.034417580458579,0.9300000000000005,-4.034417580458579
541,1,-2.7425277145689666,0.3599999999999999,-2.3825277145689667
542,1,-2.235148397065587,0.7800000000000005,-1.4551483970655867
543,0,-3.565679323443965,0.8699999999999996,-3.565679323443965
544,0,-3.8033456471647753,2.01,-3.8033456471647753
545,1,-2.4795981771919138,1.0800000000000005,-2.4795981771919138
546,1,-3.2706111413180743,1.2,-2.070611141318074
547,1,-1.820607639111791,0.9900000000000002,-1.820607639111791
548,1,-3.7358066161764154,1.4699999999999995,-2.265806616176416
549,1,-2.7279914346857117,0.39000000000000024,-2.3379914346857116
550,1,-1.7790003066828366,0.39000000000000024,-1.3890003066828362
551,0,-4.026574946871887,0,-4.026574946871887
552,1,-2.1321660939643547,1.7099999999999997,-2.1321660939643547
553,1,-1.5834287523097967,1.4400000000000002,-0.14342875230979657
554,1,-2.2982510173014288,0.6300000000000004,-2.2982510173014288
555,0,-6.162719772842798,0.30000000000000004,-6.162719772842798
556,1,-2.9403193175084,0.9,-2.0403193175084002
557,1,-3.1603552163541457,0.5400000000000003,-2.6203552163541453
558,1,-2.9877005925931464,0.1800000000000005,-2.8077005925931457
559,0,-3.1525230630513796,1.0800000000000005,-3.1525230630513796
560,1,-3.775761498852583,1.5300000000000005,-2.2457614988525822
561,0,-3.7039381441031187,0.9900000000000002,-3.7039381441031187
562,1,-2.8172896081892347,0.6599999999999998,-2.157289608189235
563,1,-0.9952034503122095,1.05,-0.9952034503122095
564,1,-3.4028894416563866,1.1400000000000001,-2.2628894416563865
565,0,-4.760163642977586,1.1400000000000001,-4.760163642977586
566,0,-4.12685077983736,0.9599999999999999,-4.12685077983736
567,1,-2.012323252792708,0.0900000000000003,-1.9223232527927077
568,1,-3.3989030096458492,0.6900000000000003,-2.708903009645849
569,1,-1.588466233106359,1.05,-0.538466233106359
570,1,-3.5242807552592827,1.1099999999999999,-2.414280755259283
571,1,-3.1271341367673324,0.7800000000000005,-3.1271341367673324
572,1,-2.852238662195713,0.3300000000000005,-2.852238662195713
573,1,-2.5742967896064726,0.8699999999999996,-1.704296789606473
574,1,-2.016451028148,1.5,-0.5164510281479999
575,1,-5.255526043476572,0.6900000000000003,-5.255526043476572
576,1,-1.6258437661622318,1.1699999999999995,-0.4558437661622323
577,1,-1.669061626786665,0.5699999999999996,-1.669061626786665
578,0,-4.224141137470197,1.7699999999999996,-4.224141137470197
579,1,-3.473456649244632,0.8699999999999996,-2.6034566492446323
580,1,-2.5990154502969176,1.4400000000000002,-1.1590154502969174
581,1,-0.9740514193423004,0.5400000000000003,-0.4340514193423002
582,1,-2.8480764564044843,0.6599999999999998,-2.1880764564044846
583,1,-1.4123508476072435,0.8699999999999996,-1.4123508476072435
584,0,-2.831760703462752,0.6300000000000004,-2.831760703462752
585,1,-2.6002783564579866,0.8699999999999996,-1.7302783564579869
586,1,-3.2944734947515952,0.75,-3.2944734947515952
587,1,-1.0000160983780233,1.4400000000000002,-1.0000160983780233
588,1,-2.2529207763842707,1.5900000000000003,-2.2529207763842707
589,0,-2.5246635805331863,0.4800000000000005,-2.5246635805331863
590,1,0.12829978730910208,0.8099999999999998,0.9382997873091019
591,1,-2.4114461574309276,1.3800000000000003,-2.4114461574309276
592,1,-3.9443566293716614,0.1800000000000005,-3.764356629371661
593,1,-4.523851892153261,0,-4.523851892153261
594,1,-3.1939713143189308,1.0199999999999996,-2.173971314318931
595,1,-2.358545393593332,0.3300000000000005,-2.358545393593332
596,1,-4.543677671378061,1.3199999999999996,-3.223677671378062
597,1,-3.13041444393601,0.9900000000000002,-2.14041444393601
598,1,-3.3704056006447467,0.7800000000000005,-3.3704056006447467
599,0,-3.8810387954575427,1.2300000000000004,-3.8810387954575427
600,1,-2.800696473938217,0.6599999999999998,-2.800696473938217
601,1,-3.722344915496297,1.1099999999999999,-2.612344915496297
602,0,-5.729328249000972,1.4699999999999995,-5.729328249000972
603,0,-3.906722411680466,1.0199999999999996,-3.906722411680466
604,1,-2.4776403545478622,0.6900000000000003,-1.7876403545478619
605,1,-2.7019578294564535,1.4699999999999995,-2.7019578294564535
606,1,-0.031617811826111675,0.8699999999999996,-0.031617811826111675
607,1,-1.7707337922720148,0.3599999999999999,-1.7707337922720148
608,0,-1.9716077644615273,1.6199999999999997,-1.9716077644615273
609,1,-2.742431647450293,1.5300000000000005,-1.2124316474502927
610,0,-5.476714422847355,1.4699999999999995,-5.476714422847355
611,0,-2.4214216235401853,1.1099999999999999,-2.4214216235401853
612,0,-3.204535232322927,1.7099999999999997,-3.204535232322927
613,1,-1.849593773112391,0.7800000000000005,-1.0695937731123906
614,1,-2.2004708342999146,1.2300000000000004,-2.2004708342999146
615,1,-1.6995049807970521,1.1400000000000001,-0.559504980797052
616,1,-2.168375220945068,0.2699999999999996,-1.8983752209450686
617,1,-3.8792379442316047,1.3800000000000003,-3.8792379442316047
618,1,-3.3023925082757004,1.4400000000000002,-1.8623925082757002
619,1,-2.158631288627171,1.0199999999999996,-2.158631288627171
620,0,-4.2818844492865935,0.4800000000000005,-4.2818844492865935
621,0,-3.3110060544236597,0.6599999999999998,-3.3110060544236597
622,1,-3.3063685549273023,1.1400000000000001,-3.3063685549273023
623,1,-2.205819900441319,1.7400000000000002,-2.205819900441319
624,1,-2.4529021265605158,0.20999999999999985,-2.242902126560516
625,1,-2.689907719689249,1.2599999999999998,-2.689907719689249
626,0,-3.7054800840028435,1.2599999999999998,-3.7054800840028435
627,0,-3.046852494081924,1.05,-3.046852494081924
628,1,-3.809913811161305,0.3599999999999999,-3.4499138111613052
629,1,-2.9472849213174817,0,-2.9472849213174817
630,0,-2.7022395655824782,0.7199999999999996,-2.7022395655824782
631,1,-3.116992567076817,0.9300000000000005,-3.116992567076817
632,1,-2.437222429691183,0,-2.437222429691183
633,1,-2.0918954652191517,0.5400000000000003,-2.0918954652191517
634,1,-2.5124231378904507,0.6900000000000003,-1.8224231378904503
635,1,-3.8340742125978364,0.8400000000000002,-3.8340742125978364
636,1,-1.425211409964275,1.2900000000000003,-0.13521140996427472
637,1,-4.139357745838046,1.2900000000000003,-2.849357745838046
638,1,-2.5261418073171984,0.6900000000000003,-2.5261418073171984
639,1,-0.7964423363940443,1.2,-0.7964423363940443
640,1,-2.2313620512488526,1.1099999999999999,-1.1213620512488527
