id;edad;sexo;hba1c;pas;tfg_basal;uacr;ecv;isglt2
1;70;Mujer;7,5;130;47,9;77;0;1
2;64;Mujer;9,6;146;42,0;70;0;0
3;72;Mujer;9,1;136;35,1;230;0;0
4;77;Mujer;7,2;144;34,5;162;0;0
5;68;Hombre;6,0;134;46,4;379;0;0
6;62;Mujer;9,2;110;47,1;182;0;0
7;68;Hombre;6,0;134;44,6;36;0;0
8;63;Mujer;6,7;151;45,2;62;0;0
9;61;Hombre;7,4;130;46,4;40;0;1
10;71;Hombre;9,1;144;34,0;181;0;1
11;60;Mujer;8,7;136;46,6;218;1;0
12;46;Mujer;6,9;142;42,0;45;0;1
13;60;Mujer;9,7;139;61,2;106;1;0
14;72;Hombre;8,9;162;46,9;301;0;0
15;75;Mujer;7,2;115;42,1;86;1;0
16;62;Hombre;7,3;95;43,0;470;0;1
17;63;Hombre;7,6;155;54,6;1029;0;1
18;68;Hombre;8,5;155;47,7;104;0;1
19;51;Mujer;7,5;99;59,0;233;0;1
20;88;Hombre;6,4;133;26,1;229;0;0
21;62;Mujer;7,2;138;44,9;135;0;0
22;71;Mujer;6,8;132;54,8;138;1;0
23;90;Mujer;7,4;149;50,3;104;1;0
24;71;Mujer;7,9;135;39,1;76;1;0
25;63;Mujer;7,7;175;31,4;675;0;0
26;51;Hombre;8,0;163;49,0;482;0;1
27;55;Hombre;6,3;130;56,2;83;0;1
28;65;Mujer;8,1;160;38,7;135;0;0
29;60;Hombre;7,2;116;52,7;46;0;0
30;71;Hombre;9,9;114;30,1;943;0;1
31;54;Mujer;9,2;132;49,9;48;0;0
32;82;Hombre;8,2;161;37,7;345;0;0
33;51;Mujer;7,2;130;54,8;100;0;1
34;70;Mujer;8,6;122;58,2;29;0;1
35;58;Hombre;6,0;140;56,6;98;0;0
36;51;Mujer;7,6;151;59,3;314;0;1
37;67;Mujer;7,1;159;52,8;118;0;1
38;49;Mujer;8,0;132;50,2;115;1;1
39;73;Hombre;9,0;138;47,5;696;1;1
40;74;Mujer;7,5;140;58,3;199;0;0
41;77;Mujer;7,2;134;44,0;170;0;0
42;79;Mujer;5,8;163;51,5;536;1;1
43;58;Mujer;7,2;113;63,0;116;0;1
44;60;Mujer;9,6;121;43,5;21;0;0
45;49;Mujer;7,3;135;41,6;41;0;1
46;75;Mujer;8,5;134;38,9;161;0;0
47;60;Mujer;7,6;170;42,8;67;0;0
48;65;Mujer;8,7;131;57,3;178;0;1
49;73;Hombre;9,4;151;50,8;244;1;0
50;69;Mujer;7,5;163;44,0;67;0;0
51;68;Mujer;8,7;107;52,2;162;1;1
52;52;Mujer;5,8;143;43,6;217;0;1
53;62;Mujer;7,2;150;46,0;59;0;1
54;75;Mujer;6,7;144;34,8;58;0;0
55;68;Hombre;7,9;158;46,9;338;0;0
56;75;Hombre;9,1;162;46,1;551;0;0
57;70;Hombre;9,4;129;38,2;336;1;0
58;56;Hombre;6,4;101;49,0;3;0;0
59;57;Mujer;7,3;140;44,4;604;0;1
60;64;Mujer;8,5;143;48,0;181;0;1
61;70;Hombre;7,4;146;40,4;435;1;1
62;70;Mujer;7,0;166;42,0;107;1;0
63;69;Mujer;8,9;134;42,3;176;1;0
64;78;Mujer;8,9;151;48,5;245;0;0
65;53;Hombre;8,7;115;50,4;456;0;1
66;39;Hombre;8,0;141;54,4;19;0;0
67;55;Hombre;9,6;138;57,6;303;0;0
68;60;Hombre;6,6;144;32,6;254;0;1
69;81;Hombre;5,5;146;49,7;68;0;0
70;60;Hombre;7,4;113;41,4;33;0;0
71;63;Mujer;7,0;156;35,1;268;0;0
72;57;Hombre;8,4;142;37,6;409;0;0
73;56;Mujer;9,9;156;62,8;277;1;1
74;41;Mujer;7,4;140;74,4;59;0;1
75;59;Mujer;8,7;124;60,6;31;1;1
76;74;Mujer;6,5;157;43,9;92;1;0
77;59;Hombre;7,5;138;55,3;82;1;1
78;79;Mujer;6,8;104;50,5;208;0;1
79;57;Hombre;7,9;122;52,6;55;1;0
80;57;Mujer;7,7;152;68,2;77;0;0
81;53;Hombre;7,8;157;50,0;105;0;1
82;79;Hombre;7,8;126;32,1;30;0;0
83;66;Hombre;7,4;128;48,6;152;0;1
84;53;Mujer;8,0;137;53,4;312;1;1
85;64;Hombre;7,9;137;47,2;55;1;0
86;64;Mujer;9,1;158;42,3;73;0;1
87;77;Hombre;5,7;130;31,9;288;0;1
88;54;Mujer;9,3;149;56,8;80;0;1
89;54;Mujer;9,2;113;56,5;221;0;1
90;74;Mujer;7,6;160;57,6;130;1;0
91;70;Hombre;8,5;125;33,7;157;1;1
92;55;Hombre;8,7;114;58,1;34;1;1
93;81;Hombre;8,0;136;45,4;16;0;0
94;65;Mujer;8,3;161;39,8;45;1;1
95;60;Mujer;7,0;153;38,5;68;0;0
96;53;Mujer;7,6;137;48,3;23;1;1
97;46;Hombre;7,7;129;49,7;138;0;1
98;49;Mujer;9,5;151;58,4;901;0;1
99;56;Hombre;7,4;126;73,9;115;0;1
100;66;Mujer;6,8;156;57,3;82;0;1
101;71;Hombre;8,8;140;38,7;81;0;0
102;61;Mujer;5,5;117;51,3;67;1;1
103;74;Mujer;7,6;136;57,0;229;0;1
104;66;Mujer;6,3;128;47,7;168;0;0
105;51;Hombre;6,6;141;35,7;56;0;1
106;63;Hombre;8,6;131;53,8;716;0;0
107;51;Hombre;6,9;128;61,9;37;0;1
108;79;Mujer;6,9;137;34,3;172;1;1
109;67;Mujer;6,5;123;62,6;82;0;0
110;76;Hombre;8,5;140;45,1;260;1;1
111;52;Hombre;9,5;143;37,9;225;0;1
112;60;Mujer;7,6;164;40,4;130;1;0
113;61;Hombre;7,5;115;56,9;40;1;0
114;45;Mujer;8,4;134;52,6;31;0;1
115;63;Mujer;9,0;124;36,0;253;0;1
116;76;Mujer;9,1;119;43,6;106;0;1
117;49;Hombre;6,9;107;56,0;17;1;1
118;64;Mujer;8,1;107;51,7;26;1;0
119;62;Mujer;7,4;144;58,1;82;0;1
120;61;Mujer;7,5;124;52,5;443;0;0
121;58;Mujer;8,5;97;34,3;227;0;0
122;55;Mujer;7,8;135;37,7;232;0;0
123;60;Hombre;8,7;122;48,3;202;1;1
124;50;Hombre;7,9;116;35,1;149;0;1
125;67;Hombre;6,7;134;40,7;83;1;0
126;64;Hombre;8,7;128;58,3;440;0;0
127;50;Hombre;9,2;130;47,7;557;0;1
128;63;Mujer;8,1;162;35,5;788;0;1
129;47;Mujer;7,7;149;56,1;105;0;1
130;63;Mujer;6,2;157;44,1;73;0;1
131;72;Mujer;6,5;144;30,1;753;0;0
132;63;Mujer;8,5;144;46,4;99;1;1
133;57;Hombre;6,1;132;45,2;146;1;0
134;50;Hombre;6,8;142;45,6;15;0;1
135;54;Hombre;6,5;126;41,0;411;0;1
136;80;Hombre;6,7;135;32,0;549;0;0
137;54;Mujer;7,2;127;43,0;26;0;1
138;63;Mujer;7,5;154;47,3;107;0;1
139;54;Hombre;7,6;124;56,0;70;0;0
140;73;Mujer;8,3;146;45,7;58;0;0
141;57;Hombre;9,0;131;50,8;118;0;1
142;45;Mujer;5,5;139;42,1;23;0;0
143;73;Mujer;7,7;122;31,4;735;0;0
144;70;Mujer;9,0;131;27,5;734;0;0
145;61;Hombre;7,0;139;41,5;198;1;1
146;58;Hombre;9,9;132;22,5;462;0;0
147;51;Hombre;8,2;126;46,5;106;0;0
148;74;Mujer;7,5;126;34,1;223;1;0
149;69;Hombre;7,6;136;44,0;351;0;0
150;65;Hombre;8,7;137;44,9;101;0;1
