id,cluster,area,edad,sexo,diabetes,hta,erc,peso,tam,N_conglom
1799,13,Urbano,37,F,0,0,0,68.64,143,360
1929,13,Urbano,47,F,0,0,0,68.64,143,360
1877,13,Urbano,50,M,0,0,0,68.64,143,360
1850,13,Urbano,43,M,0,0,0,68.64,143,360
1882,13,Urbano,73,F,1,0,0,68.64,143,360
1832,13,Urbano,28,F,0,0,0,68.64,143,360
1917,13,Urbano,45,M,0,0,0,68.64,143,360
1865,13,Urbano,45,M,0,0,0,68.64,143,360
1935,13,Urbano,25,M,0,0,0,68.64,143,360
1844,13,Urbano,65,F,0,0,0,68.64,143,360
1812,13,Urbano,50,M,0,0,0,68.64,143,360
1853,13,Urbano,18,F,0,0,0,68.64,143,360
1843,13,Urbano,54,F,0,0,0,68.64,143,360
1870,13,Urbano,18,F,0,0,0,68.64,143,360
1815,13,Urbano,53,M,0,0,0,68.64,143,360
1924,13,Urbano,41,M,0,0,0,68.64,143,360
1845,13,Urbano,86,F,0,0,0,68.64,143,360
1883,13,Urbano,55,F,0,0,0,68.64,143,360
1848,13,Urbano,76,F,0,0,0,68.64,143,360
1932,13,Urbano,76,F,0,1,0,68.64,143,360
1925,13,Urbano,44,F,0,0,0,68.64,143,360
1919,13,Urbano,63,F,0,0,0,68.64,143,360
1813,13,Urbano,47,M,0,0,0,68.64,143,360
1817,13,Urbano,38,F,0,0,0,68.64,143,360
1825,13,Urbano,55,F,0,0,0,68.64,143,360
4377,30,Urbano,64,M,0,0,0,73.44000000000001,153,360
4350,30,Urbano,69,F,0,0,0,73.44000000000001,153,360
4380,30,Urbano,29,F,0,0,0,73.44000000000001,153,360
4354,30,Urbano,43,F,0,0,0,73.44000000000001,153,360
4328,30,Urbano,75,M,0,0,0,73.44000000000001,153,360
4407,30,Urbano,23,M,0,0,0,73.44000000000001,153,360
4355,30,Urbano,37,F,0,0,0,73.44000000000001,153,360
4406,30,Urbano,30,F,0,0,0,73.44000000000001,153,360
4450,30,Urbano,46,F,0,0,0,73.44000000000001,153,360
4330,30,Urbano,54,M,0,0,0,73.44000000000001,153,360
4411,30,Urbano,34,M,0,1,0,73.44000000000001,153,360
4312,30,Urbano,52,M,0,0,1,73.44000000000001,153,360
4440,30,Urbano,60,M,0,1,0,73.44000000000001,153,360
4445,30,Urbano,41,F,0,0,0,73.44000000000001,153,360
4336,30,Urbano,59,M,0,0,0,73.44000000000001,153,360
4364,30,Urbano,52,F,0,0,0,73.44000000000001,153,360
4422,30,Urbano,50,M,0,0,0,73.44000000000001,153,360
4421,30,Urbano,56,F,1,0,0,73.44000000000001,153,360
4427,30,Urbano,57,F,1,0,0,73.44000000000001,153,360
4371,30,Urbano,48,M,0,0,0,73.44000000000001,153,360
4322,30,Urbano,68,M,0,0,0,73.44000000000001,153,360
4443,30,Urbano,48,F,0,1,0,73.44000000000001,153,360
4408,30,Urbano,46,M,0,1,0,73.44000000000001,153,360
4395,30,Urbano,69,M,0,0,0,73.44000000000001,153,360
4313,30,Urbano,49,F,0,0,0,73.44000000000001,153,360
10555,71,Urbano,60,F,0,0,0,73.44000000000001,153,360
10636,71,Urbano,46,F,0,0,1,73.44000000000001,153,360
10603,71,Urbano,38,M,0,0,0,73.44000000000001,153,360
10646,71,Urbano,42,M,0,0,0,73.44000000000001,153,360
10525,71,Urbano,38,M,0,0,0,73.44000000000001,153,360
10597,71,Urbano,44,M,0,0,0,73.44000000000001,153,360
10596,71,Urbano,55,F,0,0,0,73.44000000000001,153,360
10536,71,Urbano,77,M,0,0,0,73.44000000000001,153,360
10628,71,Urbano,55,F,0,0,0,73.44000000000001,153,360
10533,71,Urbano,57,M,0,0,0,73.44000000000001,153,360
10604,71,Urbano,29,M,0,0,0,73.44000000000001,153,360
10551,71,Urbano,55,M,0,0,0,73.44000000000001,153,360
10658,71,Urbano,53,M,0,0,0,73.44000000000001,153,360
10515,71,Urbano,54,F,0,0,0,73.44000000000001,153,360
10569,71,Urbano,59,F,0,0,0,73.44000000000001,153,360
10539,71,Urbano,36,F,0,0,0,73.44000000000001,153,360
10640,71,Urbano,40,F,0,0,0,73.44000000000001,153,360
10586,71,Urbano,56,F,0,0,0,73.44000000000001,153,360
10652,71,Urbano,42,F,0,0,0,73.44000000000001,153,360
10516,71,Urbano,54,M,1,0,1,73.44000000000001,153,360
10657,71,Urbano,59,F,0,0,1,73.44000000000001,153,360
10606,71,Urbano,70,F,0,0,0,73.44000000000001,153,360
10558,71,Urbano,57,M,0,1,0,73.44000000000001,153,360
10656,71,Urbano,36,F,1,0,0,73.44000000000001,153,360
10620,71,Urbano,45,F,0,0,0,73.44000000000001,153,360
11585,78,Urbano,56,M,0,1,0,68.16000000000001,142,360
11646,78,Urbano,34,M,0,0,0,68.16000000000001,142,360
11638,78,Urbano,19,F,0,0,0,68.16000000000001,142,360
11626,78,Urbano,55,M,1,0,0,68.16000000000001,142,360
11713,78,Urbano,54,M,0,0,0,68.16000000000001,142,360
11599,78,Urbano,51,F,0,0,0,68.16000000000001,142,360
11707,78,Urbano,59,F,0,0,0,68.16000000000001,142,360
11625,78,Urbano,43,F,0,0,0,68.16000000000001,142,360
11703,78,Urbano,56,M,0,0,0,68.16000000000001,142,360
11597,78,Urbano,35,M,0,0,0,68.16000000000001,142,360
11615,78,Urbano,33,M,0,0,0,68.16000000000001,142,360
11595,78,Urbano,32,F,0,0,0,68.16000000000001,142,360
11614,78,Urbano,51,M,0,0,0,68.16000000000001,142,360
11579,78,Urbano,46,M,0,0,0,68.16000000000001,142,360
11633,78,Urbano,32,F,0,0,0,68.16000000000001,142,360
11673,78,Urbano,32,F,0,0,0,68.16000000000001,142,360
11608,78,Urbano,18,F,0,0,0,68.16000000000001,142,360
11691,78,Urbano,29,F,0,0,0,68.16000000000001,142,360
11639,78,Urbano,28,M,0,0,0,68.16000000000001,142,360
11655,78,Urbano,58,M,0,1,0,68.16000000000001,142,360
11642,78,Urbano,27,F,0,0,0,68.16000000000001,142,360
11576,78,Urbano,38,F,1,0,1,68.16000000000001,142,360
11699,78,Urbano,47,M,0,0,0,68.16000000000001,142,360
11659,78,Urbano,46,M,0,0,0,68.16000000000001,142,360
11675,78,Urbano,56,M,0,0,0,68.16000000000001,142,360
14802,99,Urbano,25,M,0,0,0,76.80000000000001,160,360
14829,99,Urbano,54,F,0,1,0,76.80000000000001,160,360
14908,99,Urbano,50,F,0,1,0,76.80000000000001,160,360
14905,99,Urbano,53,M,0,0,0,76.80000000000001,160,360
14794,99,Urbano,46,M,0,0,0,76.80000000000001,160,360
14852,99,Urbano,71,M,0,0,1,76.80000000000001,160,360
14774,99,Urbano,24,F,0,0,0,76.80000000000001,160,360
14826,99,Urbano,46,M,0,0,0,76.80000000000001,160,360
14832,99,Urbano,42,M,0,1,0,76.80000000000001,160,360
14862,99,Urbano,52,F,0,0,0,76.80000000000001,160,360
14907,99,Urbano,38,F,0,1,0,76.80000000000001,160,360
14810,99,Urbano,46,M,0,0,0,76.80000000000001,160,360
14884,99,Urbano,50,M,0,0,0,76.80000000000001,160,360
14878,99,Urbano,33,F,0,0,0,76.80000000000001,160,360
14851,99,Urbano,58,M,0,0,0,76.80000000000001,160,360
14759,99,Urbano,36,F,0,0,0,76.80000000000001,160,360
14819,99,Urbano,82,M,0,0,0,76.80000000000001,160,360
14913,99,Urbano,51,M,0,1,0,76.80000000000001,160,360
14861,99,Urbano,46,F,1,0,0,76.80000000000001,160,360
14888,99,Urbano,62,F,0,0,1,76.80000000000001,160,360
14911,99,Urbano,42,M,0,0,0,76.80000000000001,160,360
14906,99,Urbano,32,M,0,0,0,76.80000000000001,160,360
14762,99,Urbano,51,M,0,1,0,76.80000000000001,160,360
14903,99,Urbano,69,M,0,0,0,76.80000000000001,160,360
14804,99,Urbano,59,M,0,0,0,76.80000000000001,160,360
18669,124,Urbano,21,F,0,0,0,76.80000000000001,160,360
18689,124,Urbano,25,F,0,0,0,76.80000000000001,160,360
18607,124,Urbano,34,F,0,0,0,76.80000000000001,160,360
18593,124,Urbano,44,M,0,0,0,76.80000000000001,160,360
18604,124,Urbano,18,F,0,0,0,76.80000000000001,160,360
18570,124,Urbano,35,F,0,0,0,76.80000000000001,160,360
18662,124,Urbano,45,F,0,0,0,76.80000000000001,160,360
18646,124,Urbano,54,F,0,0,0,76.80000000000001,160,360
18659,124,Urbano,50,F,0,0,0,76.80000000000001,160,360
18609,124,Urbano,30,M,0,0,0,76.80000000000001,160,360
18620,124,Urbano,32,F,0,0,0,76.80000000000001,160,360
18637,124,Urbano,53,F,1,0,0,76.80000000000001,160,360
18709,124,Urbano,46,M,0,0,0,76.80000000000001,160,360
18686,124,Urbano,58,M,0,0,0,76.80000000000001,160,360
18694,124,Urbano,58,F,0,1,0,76.80000000000001,160,360
18569,124,Urbano,23,M,0,0,0,76.80000000000001,160,360
18611,124,Urbano,56,F,0,0,0,76.80000000000001,160,360
18635,124,Urbano,39,M,0,0,0,76.80000000000001,160,360
18615,124,Urbano,47,F,0,0,0,76.80000000000001,160,360
18642,124,Urbano,77,M,0,0,0,76.80000000000001,160,360
18589,124,Urbano,39,M,0,0,0,76.80000000000001,160,360
18644,124,Urbano,59,M,0,0,0,76.80000000000001,160,360
18657,124,Urbano,28,F,0,0,0,76.80000000000001,160,360
18649,124,Urbano,39,M,0,0,0,76.80000000000001,160,360
18582,124,Urbano,32,F,0,0,0,76.80000000000001,160,360
19229,128,Urbano,54,F,0,0,0,73.44000000000001,153,360
19288,128,Urbano,39,F,0,0,0,73.44000000000001,153,360
19264,128,Urbano,35,M,0,0,0,73.44000000000001,153,360
19297,128,Urbano,36,M,0,0,0,73.44000000000001,153,360
19252,128,Urbano,36,F,0,0,0,73.44000000000001,153,360
19280,128,Urbano,29,M,0,0,0,73.44000000000001,153,360
19254,128,Urbano,33,F,0,0,0,73.44000000000001,153,360
19293,128,Urbano,43,F,0,0,0,73.44000000000001,153,360
19194,128,Urbano,42,M,0,0,0,73.44000000000001,153,360
19200,128,Urbano,20,M,0,0,0,73.44000000000001,153,360
19238,128,Urbano,81,F,0,0,0,73.44000000000001,153,360
19303,128,Urbano,26,F,0,0,0,73.44000000000001,153,360
19199,128,Urbano,43,M,0,0,0,73.44000000000001,153,360
19179,128,Urbano,35,F,0,1,0,73.44000000000001,153,360
19183,128,Urbano,49,M,0,0,0,73.44000000000001,153,360
19235,128,Urbano,64,F,0,0,0,73.44000000000001,153,360
19271,128,Urbano,44,M,0,0,0,73.44000000000001,153,360
19190,128,Urbano,30,F,0,0,0,73.44000000000001,153,360
19242,128,Urbano,64,M,0,0,0,73.44000000000001,153,360
19214,128,Urbano,67,M,0,0,0,73.44000000000001,153,360
19208,128,Urbano,38,M,0,1,0,73.44000000000001,153,360
19270,128,Urbano,46,F,0,0,0,73.44000000000001,153,360
19309,128,Urbano,55,F,0,0,0,73.44000000000001,153,360
19191,128,Urbano,23,F,0,0,0,73.44000000000001,153,360
19316,128,Urbano,67,F,0,0,0,73.44000000000001,153,360
20413,136,Urbano,41,F,0,0,0,64.8,135,360
20359,136,Urbano,47,M,0,1,0,64.8,135,360
20346,136,Urbano,41,M,0,0,0,64.8,135,360
20356,136,Urbano,34,M,0,0,0,64.8,135,360
20405,136,Urbano,34,M,0,0,0,64.8,135,360
20461,136,Urbano,46,M,0,0,0,64.8,135,360
20459,136,Urbano,38,F,0,0,0,64.8,135,360
20427,136,Urbano,72,M,0,1,0,64.8,135,360
20453,136,Urbano,46,F,0,0,0,64.8,135,360
20468,136,Urbano,55,M,0,0,0,64.8,135,360
20384,136,Urbano,54,M,0,0,0,64.8,135,360
20351,136,Urbano,55,M,0,0,0,64.8,135,360
20433,136,Urbano,51,M,0,0,0,64.8,135,360
20343,136,Urbano,22,F,0,0,0,64.8,135,360
20393,136,Urbano,50,M,0,0,0,64.8,135,360
20439,136,Urbano,68,M,0,0,0,64.8,135,360
20409,136,Urbano,74,M,0,0,0,64.8,135,360
20387,136,Urbano,41,M,0,0,0,64.8,135,360
20444,136,Urbano,61,M,0,0,0,64.8,135,360
20402,136,Urbano,41,F,0,0,0,64.8,135,360
20456,136,Urbano,45,M,0,0,0,64.8,135,360
20438,136,Urbano,42,F,1,0,0,64.8,135,360
20460,136,Urbano,57,F,0,0,0,64.8,135,360
20449,136,Urbano,50,F,0,0,0,64.8,135,360
20357,136,Urbano,56,F,0,0,0,64.8,135,360
20595,137,Urbano,45,M,1,0,1,61.92000000000001,129,360
20571,137,Urbano,18,F,0,0,0,61.92000000000001,129,360
20594,137,Urbano,75,F,0,0,0,61.92000000000001,129,360
20483,137,Urbano,29,M,0,0,0,61.92000000000001,129,360
20527,137,Urbano,33,F,0,0,0,61.92000000000001,129,360
20543,137,Urbano,44,F,0,0,0,61.92000000000001,129,360
20537,137,Urbano,36,F,0,0,0,61.92000000000001,129,360
20470,137,Urbano,30,F,0,0,0,61.92000000000001,129,360
20509,137,Urbano,21,F,0,0,0,61.92000000000001,129,360
20551,137,Urbano,21,F,0,0,0,61.92000000000001,129,360
20576,137,Urbano,36,F,0,1,0,61.92000000000001,129,360
20472,137,Urbano,36,M,0,0,0,61.92000000000001,129,360
20563,137,Urbano,33,M,0,0,0,61.92000000000001,129,360
20552,137,Urbano,63,F,0,0,0,61.92000000000001,129,360
20524,137,Urbano,53,F,0,0,0,61.92000000000001,129,360
20496,137,Urbano,61,F,1,1,0,61.92000000000001,129,360
20568,137,Urbano,70,F,0,0,0,61.92000000000001,129,360
20523,137,Urbano,53,F,0,0,0,61.92000000000001,129,360
20558,137,Urbano,49,M,0,0,1,61.92000000000001,129,360
20562,137,Urbano,69,F,0,1,0,61.92000000000001,129,360
20578,137,Urbano,30,F,0,0,0,61.92000000000001,129,360
20502,137,Urbano,39,M,0,0,0,61.92000000000001,129,360
20474,137,Urbano,69,F,0,0,1,61.92000000000001,129,360
20528,137,Urbano,64,F,0,0,1,61.92000000000001,129,360
20591,137,Urbano,48,M,0,0,0,61.92000000000001,129,360
21152,141,Urbano,43,F,0,0,0,73.92,154,360
21164,141,Urbano,46,F,0,0,0,73.92,154,360
21200,141,Urbano,56,M,1,0,0,73.92,154,360
21083,141,Urbano,59,F,0,0,0,73.92,154,360
21116,141,Urbano,38,F,0,1,0,73.92,154,360
21149,141,Urbano,54,F,0,0,1,73.92,154,360
21155,141,Urbano,22,M,0,0,0,73.92,154,360
21068,141,Urbano,48,F,0,0,0,73.92,154,360
21120,141,Urbano,40,M,0,0,0,73.92,154,360
21182,141,Urbano,53,M,0,1,0,73.92,154,360
21190,141,Urbano,60,M,0,0,0,73.92,154,360
21059,141,Urbano,54,M,0,0,0,73.92,154,360
21197,141,Urbano,81,M,0,1,1,73.92,154,360
21157,141,Urbano,66,F,0,0,0,73.92,154,360
21064,141,Urbano,59,M,0,0,0,73.92,154,360
21172,141,Urbano,54,M,0,1,1,73.92,154,360
21135,141,Urbano,40,M,1,0,0,73.92,154,360
21093,141,Urbano,72,F,0,1,0,73.92,154,360
21096,141,Urbano,56,M,0,1,1,73.92,154,360
21150,141,Urbano,53,F,0,1,0,73.92,154,360
21075,141,Urbano,29,M,0,0,0,73.92,154,360
21206,141,Urbano,48,M,0,1,0,73.92,154,360
21156,141,Urbano,45,M,0,1,1,73.92,154,360
21109,141,Urbano,56,M,0,1,0,73.92,154,360
21147,141,Urbano,30,M,0,0,0,73.92,154,360
24493,163,Urbano,49,F,0,0,0,74.88,156,360
24516,163,Urbano,59,F,0,1,0,74.88,156,360
24438,163,Urbano,41,F,0,0,0,74.88,156,360
24495,163,Urbano,22,F,0,0,0,74.88,156,360
24521,163,Urbano,36,M,0,0,0,74.88,156,360
24406,163,Urbano,40,M,0,0,0,74.88,156,360
24418,163,Urbano,43,M,0,0,0,74.88,156,360
24434,163,Urbano,45,F,0,0,0,74.88,156,360
24409,163,Urbano,83,M,0,0,0,74.88,156,360
24474,163,Urbano,53,F,0,1,1,74.88,156,360
24385,163,Urbano,58,M,0,0,0,74.88,156,360
24426,163,Urbano,61,M,0,0,0,74.88,156,360
24432,163,Urbano,18,F,0,0,0,74.88,156,360
24398,163,Urbano,59,M,1,0,0,74.88,156,360
24382,163,Urbano,59,M,0,0,0,74.88,156,360
24471,163,Urbano,38,M,0,0,0,74.88,156,360
24427,163,Urbano,35,F,0,0,0,74.88,156,360
24414,163,Urbano,52,F,0,0,0,74.88,156,360
24514,163,Urbano,41,F,0,0,0,74.88,156,360
24453,163,Urbano,48,F,0,0,0,74.88,156,360
24460,163,Urbano,45,M,0,0,0,74.88,156,360
24447,163,Urbano,53,F,0,0,0,74.88,156,360
24496,163,Urbano,53,F,0,0,0,74.88,156,360
24520,163,Urbano,60,M,0,0,0,74.88,156,360
24408,163,Urbano,39,M,0,0,0,74.88,156,360
25348,169,Urbano,30,M,0,0,0,64.32,134,360
25337,169,Urbano,62,F,0,0,0,64.32,134,360
25306,169,Urbano,62,M,0,1,0,64.32,134,360
25421,169,Urbano,44,M,0,0,0,64.32,134,360
25352,169,Urbano,61,F,0,0,0,64.32,134,360
25413,169,Urbano,50,F,0,0,0,64.32,134,360
25318,169,Urbano,31,M,0,0,0,64.32,134,360
25375,169,Urbano,65,F,0,1,0,64.32,134,360
25346,169,Urbano,48,F,0,0,0,64.32,134,360
25329,169,Urbano,46,F,0,1,0,64.32,134,360
25420,169,Urbano,75,M,0,0,0,64.32,134,360
25415,169,Urbano,37,F,0,0,0,64.32,134,360
25358,169,Urbano,40,M,0,0,0,64.32,134,360
25383,169,Urbano,49,M,0,0,0,64.32,134,360
25338,169,Urbano,60,F,0,1,0,64.32,134,360
25292,169,Urbano,51,M,0,1,0,64.32,134,360
25321,169,Urbano,30,M,0,0,0,64.32,134,360
25349,169,Urbano,57,M,0,0,0,64.32,134,360
25332,169,Urbano,33,F,0,0,0,64.32,134,360
25376,169,Urbano,72,M,0,0,0,64.32,134,360
25293,169,Urbano,63,F,1,0,1,64.32,134,360
25347,169,Urbano,55,M,0,0,0,64.32,134,360
25312,169,Urbano,32,M,0,0,0,64.32,134,360
25370,169,Urbano,27,M,1,0,0,64.32,134,360
25400,169,Urbano,50,F,1,1,0,64.32,134,360
26154,174,Urbano,86,F,0,0,0,72.47999999999999,151,360
26057,174,Urbano,35,M,0,0,0,72.47999999999999,151,360
26105,174,Urbano,51,M,0,0,0,72.47999999999999,151,360
26042,174,Urbano,35,M,0,0,0,72.47999999999999,151,360
26063,174,Urbano,43,F,0,0,0,72.47999999999999,151,360
26058,174,Urbano,61,F,0,0,0,72.47999999999999,151,360
26085,174,Urbano,32,M,0,0,0,72.47999999999999,151,360
26015,174,Urbano,29,M,0,0,0,72.47999999999999,151,360
26149,174,Urbano,35,F,0,0,0,72.47999999999999,151,360
26090,174,Urbano,56,M,0,0,1,72.47999999999999,151,360
26038,174,Urbano,35,M,0,0,0,72.47999999999999,151,360
26010,174,Urbano,47,M,0,1,0,72.47999999999999,151,360
26098,174,Urbano,42,M,0,0,0,72.47999999999999,151,360
26153,174,Urbano,55,M,0,0,1,72.47999999999999,151,360
26083,174,Urbano,38,F,0,0,0,72.47999999999999,151,360
26112,174,Urbano,80,F,0,1,0,72.47999999999999,151,360
26081,174,Urbano,28,F,0,0,0,72.47999999999999,151,360
26034,174,Urbano,40,F,1,0,0,72.47999999999999,151,360
26045,174,Urbano,37,M,0,0,0,72.47999999999999,151,360
26132,174,Urbano,46,M,0,1,0,72.47999999999999,151,360
26023,174,Urbano,47,M,0,0,0,72.47999999999999,151,360
26070,174,Urbano,34,M,0,0,0,72.47999999999999,151,360
26061,174,Urbano,50,F,0,0,0,72.47999999999999,151,360
26114,174,Urbano,27,M,0,0,0,72.47999999999999,151,360
26025,174,Urbano,44,M,0,0,0,72.47999999999999,151,360
26361,176,Urbano,38,F,0,1,0,78.72,164,360
26344,176,Urbano,43,F,0,0,0,78.72,164,360
26323,176,Urbano,67,F,0,0,0,78.72,164,360
26462,176,Urbano,65,M,1,0,1,78.72,164,360
26373,176,Urbano,40,F,0,0,0,78.72,164,360
26423,176,Urbano,61,M,1,0,1,78.72,164,360
26363,176,Urbano,72,F,1,0,0,78.72,164,360
26408,176,Urbano,25,M,0,0,0,78.72,164,360
26418,176,Urbano,21,M,0,1,0,78.72,164,360
26382,176,Urbano,54,M,0,0,0,78.72,164,360
26469,176,Urbano,40,M,0,0,0,78.72,164,360
26322,176,Urbano,64,M,0,0,1,78.72,164,360
26365,176,Urbano,57,F,0,0,0,78.72,164,360
26431,176,Urbano,80,F,0,0,0,78.72,164,360
26332,176,Urbano,62,F,1,0,0,78.72,164,360
26356,176,Urbano,58,M,1,0,1,78.72,164,360
26432,176,Urbano,65,F,0,0,1,78.72,164,360
26391,176,Urbano,53,F,0,0,0,78.72,164,360
26328,176,Urbano,58,M,0,0,0,78.72,164,360
26401,176,Urbano,29,M,0,0,0,78.72,164,360
26317,176,Urbano,40,M,0,0,0,78.72,164,360
26445,176,Urbano,55,F,0,1,0,78.72,164,360
26387,176,Urbano,66,F,0,0,1,78.72,164,360
26406,176,Urbano,42,F,0,0,0,78.72,164,360
26337,176,Urbano,51,F,1,1,1,78.72,164,360
30197,201,Urbano,60,F,0,1,0,74.4,155,360
30119,201,Urbano,22,M,0,0,0,74.4,155,360
30097,201,Urbano,48,M,0,0,0,74.4,155,360
30177,201,Urbano,85,M,0,0,0,74.4,155,360
30081,201,Urbano,36,M,0,0,0,74.4,155,360
30161,201,Urbano,55,F,0,0,0,74.4,155,360
30106,201,Urbano,45,M,0,1,0,74.4,155,360
30141,201,Urbano,41,F,0,0,0,74.4,155,360
30190,201,Urbano,46,M,0,0,0,74.4,155,360
30162,201,Urbano,18,M,0,0,0,74.4,155,360
30136,201,Urbano,50,M,0,0,0,74.4,155,360
30112,201,Urbano,44,F,0,0,0,74.4,155,360
30139,201,Urbano,48,F,0,0,0,74.4,155,360
30126,201,Urbano,59,M,0,0,0,74.4,155,360
30146,201,Urbano,62,F,0,0,0,74.4,155,360
30209,201,Urbano,70,M,0,1,0,74.4,155,360
30088,201,Urbano,37,M,0,0,1,74.4,155,360
30100,201,Urbano,62,F,0,0,0,74.4,155,360
30132,201,Urbano,48,F,0,1,0,74.4,155,360
30121,201,Urbano,57,M,0,0,0,74.4,155,360
30195,201,Urbano,18,F,0,0,0,74.4,155,360
30193,201,Urbano,30,F,0,0,0,74.4,155,360
30188,201,Urbano,45,M,0,0,1,74.4,155,360
30157,201,Urbano,51,M,0,0,0,74.4,155,360
30192,201,Urbano,69,M,0,0,0,74.4,155,360
31106,208,Urbano,36,F,0,1,0,63.84,133,360
31072,208,Urbano,50,F,0,0,0,63.84,133,360
31151,208,Urbano,58,F,0,0,0,63.84,133,360
31090,208,Urbano,55,F,0,1,0,63.84,133,360
31071,208,Urbano,50,M,0,0,0,63.84,133,360
31183,208,Urbano,47,M,0,0,0,63.84,133,360
31070,208,Urbano,48,M,0,0,0,63.84,133,360
31146,208,Urbano,18,F,0,0,0,63.84,133,360
31066,208,Urbano,46,F,0,0,0,63.84,133,360
31117,208,Urbano,33,F,0,0,0,63.84,133,360
31103,208,Urbano,23,M,0,0,0,63.84,133,360
31108,208,Urbano,57,M,0,0,0,63.84,133,360
31170,208,Urbano,59,F,0,0,0,63.84,133,360
31085,208,Urbano,42,F,0,0,0,63.84,133,360
31148,208,Urbano,29,M,0,0,0,63.84,133,360
31138,208,Urbano,57,F,0,0,0,63.84,133,360
31140,208,Urbano,39,F,0,0,0,63.84,133,360
31056,208,Urbano,18,M,0,0,0,63.84,133,360
31124,208,Urbano,33,M,0,0,0,63.84,133,360
31105,208,Urbano,26,M,0,0,0,63.84,133,360
31083,208,Urbano,69,F,0,0,0,63.84,133,360
31109,208,Urbano,36,F,1,0,0,63.84,133,360
31181,208,Urbano,83,M,0,0,0,63.84,133,360
31129,208,Urbano,43,M,0,0,0,63.84,133,360
31177,208,Urbano,44,F,0,0,0,63.84,133,360
34053,227,Urbano,53,F,0,0,0,64.32,134,360
34040,227,Urbano,42,M,0,0,0,64.32,134,360
34006,227,Urbano,61,M,0,0,1,64.32,134,360
33957,227,Urbano,43,M,0,0,1,64.32,134,360
34060,227,Urbano,51,M,0,0,1,64.32,134,360
33992,227,Urbano,35,M,1,0,0,64.32,134,360
34045,227,Urbano,47,F,0,0,0,64.32,134,360
34058,227,Urbano,47,M,0,0,0,64.32,134,360
33988,227,Urbano,20,M,0,0,0,64.32,134,360
34025,227,Urbano,57,M,1,0,1,64.32,134,360
33967,227,Urbano,47,F,0,0,0,64.32,134,360
34033,227,Urbano,67,M,0,1,0,64.32,134,360
33960,227,Urbano,51,F,0,0,0,64.32,134,360
34055,227,Urbano,26,M,0,1,0,64.32,134,360
33999,227,Urbano,41,F,0,0,0,64.32,134,360
34073,227,Urbano,72,F,1,0,0,64.32,134,360
33958,227,Urbano,37,F,0,1,0,64.32,134,360
33965,227,Urbano,37,F,0,0,0,64.32,134,360
33976,227,Urbano,50,M,1,0,0,64.32,134,360
34067,227,Urbano,31,M,0,0,0,64.32,134,360
34048,227,Urbano,57,M,0,0,0,64.32,134,360
34072,227,Urbano,30,F,0,0,0,64.32,134,360
34062,227,Urbano,31,F,0,0,0,64.32,134,360
34084,227,Urbano,60,M,0,0,0,64.32,134,360
34074,227,Urbano,42,M,0,0,0,64.32,134,360
36824,246,Urbano,35,M,0,0,0,64.32,134,360
36790,246,Urbano,57,F,0,1,0,64.32,134,360
36762,246,Urbano,49,F,0,1,1,64.32,134,360
36817,246,Urbano,52,M,0,1,0,64.32,134,360
36769,246,Urbano,54,M,0,0,0,64.32,134,360
36881,246,Urbano,44,F,0,0,0,64.32,134,360
36843,246,Urbano,51,M,0,1,0,64.32,134,360
36838,246,Urbano,32,M,0,0,0,64.32,134,360
36870,246,Urbano,48,F,0,0,1,64.32,134,360
36827,246,Urbano,49,F,0,0,0,64.32,134,360
36805,246,Urbano,23,M,0,0,0,64.32,134,360
36867,246,Urbano,33,M,0,1,0,64.32,134,360
36814,246,Urbano,43,M,0,0,0,64.32,134,360
36880,246,Urbano,79,M,0,0,0,64.32,134,360
36787,246,Urbano,56,M,0,0,0,64.32,134,360
36795,246,Urbano,49,M,0,0,0,64.32,134,360
36855,246,Urbano,59,F,0,0,0,64.32,134,360
36813,246,Urbano,18,F,0,0,1,64.32,134,360
36889,246,Urbano,46,F,0,0,0,64.32,134,360
36882,246,Urbano,23,M,0,0,0,64.32,134,360
36825,246,Urbano,65,F,1,0,1,64.32,134,360
36810,246,Urbano,30,M,0,0,0,64.32,134,360
36859,246,Urbano,28,F,0,0,0,64.32,134,360
36788,246,Urbano,28,M,0,0,0,64.32,134,360
36802,246,Urbano,37,M,0,0,0,64.32,134,360
38254,256,Urbano,51,M,0,0,0,75.84,158,360
38249,256,Urbano,43,M,0,0,0,75.84,158,360
38261,256,Urbano,41,F,0,0,0,75.84,158,360
38325,256,Urbano,39,F,0,1,0,75.84,158,360
38235,256,Urbano,33,F,0,0,0,75.84,158,360
38223,256,Urbano,71,M,0,0,0,75.84,158,360
38224,256,Urbano,54,F,0,0,0,75.84,158,360
38263,256,Urbano,76,F,0,0,0,75.84,158,360
38181,256,Urbano,34,M,0,0,0,75.84,158,360
38177,256,Urbano,39,F,0,0,0,75.84,158,360
38243,256,Urbano,44,F,0,1,1,75.84,158,360
38312,256,Urbano,42,F,0,0,0,75.84,158,360
38256,256,Urbano,43,M,0,0,0,75.84,158,360
38283,256,Urbano,37,F,0,0,0,75.84,158,360
38333,256,Urbano,51,M,1,0,0,75.84,158,360
38276,256,Urbano,39,F,0,0,0,75.84,158,360
38282,256,Urbano,39,M,0,0,0,75.84,158,360
38237,256,Urbano,49,M,0,0,0,75.84,158,360
38289,256,Urbano,60,M,0,0,0,75.84,158,360
38182,256,Urbano,56,M,0,0,0,75.84,158,360
38310,256,Urbano,54,M,1,0,0,75.84,158,360
38231,256,Urbano,54,F,0,1,0,75.84,158,360
38255,256,Urbano,23,F,0,0,0,75.84,158,360
38241,256,Urbano,76,M,1,0,0,75.84,158,360
38198,256,Urbano,28,M,0,0,0,75.84,158,360
40889,274,Urbano,24,F,0,0,0,63.84,133,360
40868,274,Urbano,51,F,0,0,0,63.84,133,360
40976,274,Urbano,48,M,0,0,0,63.84,133,360
40888,274,Urbano,50,F,0,0,1,63.84,133,360
40955,274,Urbano,37,M,0,0,0,63.84,133,360
40911,274,Urbano,27,F,0,0,0,63.84,133,360
40934,274,Urbano,51,M,0,0,0,63.84,133,360
40980,274,Urbano,48,F,0,0,0,63.84,133,360
40936,274,Urbano,36,F,0,0,0,63.84,133,360
40894,274,Urbano,43,F,0,0,0,63.84,133,360
40968,274,Urbano,48,M,0,0,0,63.84,133,360
40933,274,Urbano,41,M,0,0,0,63.84,133,360
40986,274,Urbano,46,F,0,0,0,63.84,133,360
40949,274,Urbano,65,F,0,1,0,63.84,133,360
40982,274,Urbano,33,F,0,0,0,63.84,133,360
40945,274,Urbano,85,F,0,0,0,63.84,133,360
40880,274,Urbano,48,F,1,0,0,63.84,133,360
40912,274,Urbano,55,F,1,0,0,63.84,133,360
40872,274,Urbano,52,M,0,1,0,63.84,133,360
40943,274,Urbano,30,M,0,0,0,63.84,133,360
40903,274,Urbano,31,M,0,0,0,63.84,133,360
40978,274,Urbano,45,F,0,0,0,63.84,133,360
40984,274,Urbano,59,F,1,0,0,63.84,133,360
40970,274,Urbano,46,F,0,0,0,63.84,133,360
40938,274,Urbano,48,F,0,0,1,63.84,133,360
41728,279,Urbano,61,M,0,0,0,75.36000000000001,157,360
41667,279,Urbano,62,F,0,0,0,75.36000000000001,157,360
41755,279,Urbano,49,F,0,0,0,75.36000000000001,157,360
41709,279,Urbano,34,M,0,0,0,75.36000000000001,157,360
41751,279,Urbano,56,F,0,0,0,75.36000000000001,157,360
41748,279,Urbano,54,F,0,1,0,75.36000000000001,157,360
41724,279,Urbano,26,M,0,0,0,75.36000000000001,157,360
41691,279,Urbano,43,M,1,0,0,75.36000000000001,157,360
41618,279,Urbano,49,M,0,0,0,75.36000000000001,157,360
41692,279,Urbano,34,F,0,0,1,75.36000000000001,157,360
41710,279,Urbano,38,F,0,0,0,75.36000000000001,157,360
41664,279,Urbano,28,F,0,0,0,75.36000000000001,157,360
41690,279,Urbano,43,M,0,0,0,75.36000000000001,157,360
41632,279,Urbano,57,M,0,0,0,75.36000000000001,157,360
41712,279,Urbano,70,F,0,0,1,75.36000000000001,157,360
41715,279,Urbano,54,F,0,0,0,75.36000000000001,157,360
41660,279,Urbano,36,F,0,0,0,75.36000000000001,157,360
41713,279,Urbano,20,F,0,0,0,75.36000000000001,157,360
41674,279,Urbano,20,M,0,0,0,75.36000000000001,157,360
41702,279,Urbano,30,M,0,0,0,75.36000000000001,157,360
41687,279,Urbano,41,F,0,0,0,75.36000000000001,157,360
41645,279,Urbano,31,M,0,0,1,75.36000000000001,157,360
41620,279,Urbano,58,M,0,0,0,75.36000000000001,157,360
41638,279,Urbano,36,M,0,0,0,75.36000000000001,157,360
41730,279,Urbano,36,M,0,0,0,75.36000000000001,157,360
47469,318,Urbano,53,M,0,1,1,73.44000000000001,153,360
47372,318,Urbano,67,F,0,0,0,73.44000000000001,153,360
47337,318,Urbano,65,F,0,1,0,73.44000000000001,153,360
47320,318,Urbano,72,F,1,1,1,73.44000000000001,153,360
47415,318,Urbano,54,M,0,0,0,73.44000000000001,153,360
47422,318,Urbano,54,M,0,1,1,73.44000000000001,153,360
47426,318,Urbano,71,F,0,0,1,73.44000000000001,153,360
47382,318,Urbano,55,M,0,1,0,73.44000000000001,153,360
47394,318,Urbano,49,M,0,0,0,73.44000000000001,153,360
47443,318,Urbano,44,M,1,0,0,73.44000000000001,153,360
47404,318,Urbano,42,M,0,0,0,73.44000000000001,153,360
47367,318,Urbano,61,M,0,0,0,73.44000000000001,153,360
47335,318,Urbano,28,M,0,0,0,73.44000000000001,153,360
47358,318,Urbano,58,M,0,0,0,73.44000000000001,153,360
47351,318,Urbano,61,F,1,0,0,73.44000000000001,153,360
47434,318,Urbano,48,F,0,0,0,73.44000000000001,153,360
47406,318,Urbano,45,F,1,0,0,73.44000000000001,153,360
47350,318,Urbano,37,M,0,0,0,73.44000000000001,153,360
47408,318,Urbano,48,F,0,1,0,73.44000000000001,153,360
47377,318,Urbano,63,M,0,0,0,73.44000000000001,153,360
47417,318,Urbano,54,M,0,0,0,73.44000000000001,153,360
47457,318,Urbano,45,F,0,0,0,73.44000000000001,153,360
47433,318,Urbano,33,F,0,0,0,73.44000000000001,153,360
47338,318,Urbano,38,F,0,0,0,73.44000000000001,153,360
47442,318,Urbano,52,F,0,0,0,73.44000000000001,153,360
47616,320,Urbano,37,F,0,0,0,73.92,154,360
47671,320,Urbano,86,M,0,0,0,73.92,154,360
47632,320,Urbano,43,F,1,0,0,73.92,154,360
47757,320,Urbano,55,M,0,0,0,73.92,154,360
47693,320,Urbano,49,M,0,0,0,73.92,154,360
47638,320,Urbano,21,F,0,0,0,73.92,154,360
47726,320,Urbano,60,F,0,0,1,73.92,154,360
47698,320,Urbano,60,M,0,0,0,73.92,154,360
47710,320,Urbano,53,F,0,0,0,73.92,154,360
47754,320,Urbano,38,F,0,0,0,73.92,154,360
47741,320,Urbano,37,F,0,0,0,73.92,154,360
47733,320,Urbano,33,F,0,0,1,73.92,154,360
47623,320,Urbano,65,F,1,1,0,73.92,154,360
47737,320,Urbano,48,M,0,0,0,73.92,154,360
47635,320,Urbano,40,M,0,0,0,73.92,154,360
47678,320,Urbano,39,F,0,0,0,73.92,154,360
47618,320,Urbano,77,M,0,1,0,73.92,154,360
47751,320,Urbano,36,F,0,0,0,73.92,154,360
47658,320,Urbano,54,F,0,0,0,73.92,154,360
47714,320,Urbano,53,F,0,1,1,73.92,154,360
47735,320,Urbano,22,F,0,0,0,73.92,154,360
47740,320,Urbano,59,F,1,0,0,73.92,154,360
47661,320,Urbano,43,M,0,0,0,73.92,154,360
47651,320,Urbano,50,F,0,0,0,73.92,154,360
47697,320,Urbano,45,M,0,0,0,73.92,154,360
47852,321,Urbano,32,F,0,0,0,71.04,148,360
47855,321,Urbano,37,F,0,0,0,71.04,148,360
47863,321,Urbano,51,M,0,0,0,71.04,148,360
47903,321,Urbano,44,F,0,0,0,71.04,148,360
47886,321,Urbano,36,F,0,0,0,71.04,148,360
47876,321,Urbano,62,M,0,0,0,71.04,148,360
47900,321,Urbano,60,F,0,0,0,71.04,148,360
47884,321,Urbano,27,F,0,0,0,71.04,148,360
47812,321,Urbano,63,F,1,0,1,71.04,148,360
47789,321,Urbano,31,M,0,0,0,71.04,148,360
47775,321,Urbano,80,M,1,0,1,71.04,148,360
47817,321,Urbano,55,F,0,0,0,71.04,148,360
47911,321,Urbano,39,F,0,0,0,71.04,148,360
47856,321,Urbano,40,F,0,1,0,71.04,148,360
47858,321,Urbano,44,F,0,0,0,71.04,148,360
47790,321,Urbano,50,F,0,0,0,71.04,148,360
47910,321,Urbano,53,F,0,0,0,71.04,148,360
47892,321,Urbano,47,F,0,0,0,71.04,148,360
47773,321,Urbano,32,F,0,0,0,71.04,148,360
47873,321,Urbano,56,M,0,0,0,71.04,148,360
47846,321,Urbano,45,M,0,0,1,71.04,148,360
47885,321,Urbano,39,F,0,0,0,71.04,148,360
47882,321,Urbano,25,F,0,0,0,71.04,148,360
47899,321,Urbano,75,F,0,1,0,71.04,148,360
47836,321,Urbano,54,F,0,0,0,71.04,148,360
48173,323,Urbano,29,M,0,0,0,80.16000000000001,167,360
48132,323,Urbano,53,F,0,0,0,80.16000000000001,167,360
48087,323,Urbano,61,M,0,0,0,80.16000000000001,167,360
48143,323,Urbano,18,M,0,0,0,80.16000000000001,167,360
48085,323,Urbano,59,F,0,0,1,80.16000000000001,167,360
48051,323,Urbano,33,M,0,0,0,80.16000000000001,167,360
48182,323,Urbano,32,F,0,0,0,80.16000000000001,167,360
48191,323,Urbano,58,F,0,0,0,80.16000000000001,167,360
48090,323,Urbano,57,F,0,0,0,80.16000000000001,167,360
48159,323,Urbano,30,M,0,0,0,80.16000000000001,167,360
48124,323,Urbano,40,M,0,0,0,80.16000000000001,167,360
48195,323,Urbano,55,F,0,0,0,80.16000000000001,167,360
48110,323,Urbano,50,M,1,0,0,80.16000000000001,167,360
48088,323,Urbano,34,F,0,0,0,80.16000000000001,167,360
48086,323,Urbano,59,F,0,0,0,80.16000000000001,167,360
48144,323,Urbano,37,F,0,0,0,80.16000000000001,167,360
48208,323,Urbano,65,F,0,0,0,80.16000000000001,167,360
48162,323,Urbano,60,M,0,0,1,80.16000000000001,167,360
48054,323,Urbano,67,M,0,0,0,80.16000000000001,167,360
48096,323,Urbano,46,M,0,1,0,80.16000000000001,167,360
48140,323,Urbano,34,M,0,0,0,80.16000000000001,167,360
48190,323,Urbano,53,M,0,1,0,80.16000000000001,167,360
48093,323,Urbano,37,M,0,0,0,80.16000000000001,167,360
48145,323,Urbano,49,M,0,0,0,80.16000000000001,167,360
48133,323,Urbano,44,M,0,0,0,80.16000000000001,167,360
48306,324,Urbano,18,F,0,0,0,67.67999999999999,141,360
48215,324,Urbano,40,F,0,0,0,67.67999999999999,141,360
48256,324,Urbano,41,M,0,0,0,67.67999999999999,141,360
48282,324,Urbano,42,F,0,0,0,67.67999999999999,141,360
48234,324,Urbano,63,M,0,0,0,67.67999999999999,141,360
48312,324,Urbano,90,F,0,1,0,67.67999999999999,141,360
48281,324,Urbano,40,F,0,0,0,67.67999999999999,141,360
48336,324,Urbano,73,F,0,1,0,67.67999999999999,141,360
48309,324,Urbano,18,F,0,0,0,67.67999999999999,141,360
48348,324,Urbano,56,F,0,0,0,67.67999999999999,141,360
48240,324,Urbano,70,F,0,1,1,67.67999999999999,141,360
48330,324,Urbano,34,M,0,0,0,67.67999999999999,141,360
48212,324,Urbano,49,F,0,0,0,67.67999999999999,141,360
48224,324,Urbano,53,F,0,0,0,67.67999999999999,141,360
48223,324,Urbano,50,M,0,0,0,67.67999999999999,141,360
48340,324,Urbano,34,F,0,0,0,67.67999999999999,141,360
48228,324,Urbano,62,F,0,0,0,67.67999999999999,141,360
48269,324,Urbano,50,F,0,0,0,67.67999999999999,141,360
48315,324,Urbano,73,F,0,1,0,67.67999999999999,141,360
48239,324,Urbano,32,M,0,0,0,67.67999999999999,141,360
48293,324,Urbano,35,F,0,0,1,67.67999999999999,141,360
48264,324,Urbano,37,M,1,1,1,67.67999999999999,141,360
48214,324,Urbano,57,F,0,0,0,67.67999999999999,141,360
48254,324,Urbano,26,M,0,0,0,67.67999999999999,141,360
48278,324,Urbano,55,F,0,1,0,67.67999999999999,141,360
49064,329,Urbano,53,F,0,0,0,71.52,149,360
49028,329,Urbano,54,F,0,0,0,71.52,149,360
49030,329,Urbano,38,F,0,0,0,71.52,149,360
49020,329,Urbano,74,M,0,1,1,71.52,149,360
48983,329,Urbano,56,M,0,1,0,71.52,149,360
48998,329,Urbano,29,F,0,0,0,71.52,149,360
49076,329,Urbano,66,M,0,0,0,71.52,149,360
48951,329,Urbano,86,F,0,0,0,71.52,149,360
48981,329,Urbano,41,F,0,1,0,71.52,149,360
48936,329,Urbano,55,M,0,0,0,71.52,149,360
48942,329,Urbano,65,M,0,0,1,71.52,149,360
49063,329,Urbano,66,M,0,0,0,71.52,149,360
49072,329,Urbano,41,M,0,0,0,71.52,149,360
49034,329,Urbano,23,M,0,0,0,71.52,149,360
48979,329,Urbano,59,F,0,0,0,71.52,149,360
48953,329,Urbano,85,M,1,0,1,71.52,149,360
49029,329,Urbano,71,M,0,1,1,71.52,149,360
48930,329,Urbano,19,M,0,0,0,71.52,149,360
48988,329,Urbano,40,M,0,0,0,71.52,149,360
48987,329,Urbano,70,M,0,1,0,71.52,149,360
49010,329,Urbano,24,F,1,0,0,71.52,149,360
49056,329,Urbano,43,F,0,0,0,71.52,149,360
48940,329,Urbano,23,F,0,0,0,71.52,149,360
49011,329,Urbano,33,F,0,0,0,71.52,149,360
49061,329,Urbano,29,F,0,0,0,71.52,149,360
52648,353,Urbano,56,M,0,0,0,70.56,147,360
52558,353,Urbano,27,F,0,0,0,70.56,147,360
52684,353,Urbano,44,F,0,0,0,70.56,147,360
52697,353,Urbano,29,F,0,0,0,70.56,147,360
52666,353,Urbano,18,M,0,0,0,70.56,147,360
52623,353,Urbano,44,M,1,0,1,70.56,147,360
52674,353,Urbano,54,M,0,0,0,70.56,147,360
52672,353,Urbano,35,F,0,1,0,70.56,147,360
52562,353,Urbano,46,M,0,0,0,70.56,147,360
52651,353,Urbano,30,M,0,0,0,70.56,147,360
52585,353,Urbano,41,F,0,0,0,70.56,147,360
52702,353,Urbano,31,F,1,0,0,70.56,147,360
52650,353,Urbano,36,F,0,0,0,70.56,147,360
52696,353,Urbano,49,M,0,0,0,70.56,147,360
52576,353,Urbano,54,F,0,0,0,70.56,147,360
52632,353,Urbano,64,M,0,0,0,70.56,147,360
52597,353,Urbano,40,F,0,0,0,70.56,147,360
52653,353,Urbano,51,F,0,1,0,70.56,147,360
52664,353,Urbano,32,F,0,0,0,70.56,147,360
52596,353,Urbano,52,F,0,0,0,70.56,147,360
52607,353,Urbano,48,M,0,0,0,70.56,147,360
52608,353,Urbano,46,F,0,0,0,70.56,147,360
52675,353,Urbano,24,M,0,0,0,70.56,147,360
52602,353,Urbano,59,M,0,0,0,70.56,147,360
52641,353,Urbano,35,F,0,0,0,70.56,147,360
53184,357,Urbano,46,F,0,0,0,65.76,137,360
53150,357,Urbano,67,F,0,0,0,65.76,137,360
53187,357,Urbano,51,F,0,0,0,65.76,137,360
53250,357,Urbano,61,M,0,0,0,65.76,137,360
53147,357,Urbano,68,M,0,0,0,65.76,137,360
53191,357,Urbano,69,M,0,0,0,65.76,137,360
53251,357,Urbano,46,M,0,0,0,65.76,137,360
53151,357,Urbano,45,M,0,0,0,65.76,137,360
53275,357,Urbano,30,F,0,0,0,65.76,137,360
53259,357,Urbano,58,F,0,0,0,65.76,137,360
53171,357,Urbano,75,M,0,0,0,65.76,137,360
53231,357,Urbano,75,M,0,0,0,65.76,137,360
53173,357,Urbano,26,F,0,0,0,65.76,137,360
53169,357,Urbano,30,M,0,0,0,65.76,137,360
53195,357,Urbano,18,M,0,0,0,65.76,137,360
53190,357,Urbano,45,F,0,0,0,65.76,137,360
53181,357,Urbano,68,M,0,1,0,65.76,137,360
53253,357,Urbano,72,F,0,0,0,65.76,137,360
53186,357,Urbano,39,M,0,0,0,65.76,137,360
53205,357,Urbano,59,M,0,0,0,65.76,137,360
53200,357,Urbano,56,M,0,0,0,65.76,137,360
53263,357,Urbano,26,F,0,0,0,65.76,137,360
53152,357,Urbano,49,M,0,0,0,65.76,137,360
53279,357,Urbano,39,F,0,0,0,65.76,137,360
53278,357,Urbano,56,F,0,0,0,65.76,137,360
53564,359,Urbano,20,M,0,0,0,74.4,155,360
53454,359,Urbano,45,F,0,0,0,74.4,155,360
53478,359,Urbano,30,M,0,0,0,74.4,155,360
53559,359,Urbano,63,M,0,0,0,74.4,155,360
53459,359,Urbano,58,M,1,0,1,74.4,155,360
53577,359,Urbano,58,M,0,0,0,74.4,155,360
53549,359,Urbano,18,M,0,0,0,74.4,155,360
53524,359,Urbano,61,M,0,0,0,74.4,155,360
53505,359,Urbano,64,M,0,0,1,74.4,155,360
53484,359,Urbano,42,M,0,0,0,74.4,155,360
53519,359,Urbano,36,M,0,0,0,74.4,155,360
53437,359,Urbano,20,M,0,0,0,74.4,155,360
53576,359,Urbano,18,F,0,0,0,74.4,155,360
53557,359,Urbano,24,F,0,0,0,74.4,155,360
53541,359,Urbano,46,F,0,0,0,74.4,155,360
53468,359,Urbano,62,F,0,0,0,74.4,155,360
53533,359,Urbano,45,F,0,0,0,74.4,155,360
53508,359,Urbano,44,F,0,0,0,74.4,155,360
53439,359,Urbano,69,M,0,0,1,74.4,155,360
53530,359,Urbano,23,F,0,0,0,74.4,155,360
53435,359,Urbano,28,F,0,0,0,74.4,155,360
53482,359,Urbano,25,M,0,0,0,74.4,155,360
53500,359,Urbano,60,F,0,0,0,74.4,155,360
53540,359,Urbano,50,F,0,0,0,74.4,155,360
53456,359,Urbano,19,M,0,0,0,74.4,155,360
54083,364,Rural,79,F,0,1,0,28.159999999999997,88,240
54086,364,Rural,40,F,0,0,0,28.159999999999997,88,240
54019,364,Rural,53,F,0,0,0,28.159999999999997,88,240
54052,364,Rural,61,F,0,0,0,28.159999999999997,88,240
54064,364,Rural,58,M,1,0,0,28.159999999999997,88,240
54082,364,Rural,75,F,0,0,0,28.159999999999997,88,240
54085,364,Rural,38,M,0,1,0,28.159999999999997,88,240
54018,364,Rural,29,F,0,0,0,28.159999999999997,88,240
54036,364,Rural,39,M,0,0,0,28.159999999999997,88,240
54059,364,Rural,69,M,0,0,0,28.159999999999997,88,240
54076,364,Rural,57,F,0,0,0,28.159999999999997,88,240
54090,364,Rural,58,F,1,1,0,28.159999999999997,88,240
54070,364,Rural,46,F,0,0,0,28.159999999999997,88,240
54021,364,Rural,55,M,0,0,0,28.159999999999997,88,240
54098,364,Rural,33,F,0,1,0,28.159999999999997,88,240
54060,364,Rural,53,F,0,0,0,28.159999999999997,88,240
54063,364,Rural,46,F,0,0,0,28.159999999999997,88,240
54022,364,Rural,43,M,0,0,0,28.159999999999997,88,240
54078,364,Rural,26,F,0,0,0,28.159999999999997,88,240
54028,364,Rural,43,M,0,0,0,28.159999999999997,88,240
54034,364,Rural,18,M,0,0,0,28.159999999999997,88,240
54080,364,Rural,27,F,0,0,0,28.159999999999997,88,240
54024,364,Rural,65,M,0,0,0,28.159999999999997,88,240
54023,364,Rural,32,F,0,0,0,28.159999999999997,88,240
54101,364,Rural,38,F,0,0,0,28.159999999999997,88,240
55248,377,Rural,62,M,0,0,0,33.28,104,240
55217,377,Rural,54,F,0,0,0,33.28,104,240
55235,377,Rural,39,M,0,0,0,33.28,104,240
55221,377,Rural,55,M,0,0,0,33.28,104,240
55263,377,Rural,67,F,0,0,0,33.28,104,240
55302,377,Rural,45,M,0,1,0,33.28,104,240
55208,377,Rural,19,F,0,0,0,33.28,104,240
55211,377,Rural,34,F,0,1,1,33.28,104,240
55232,377,Rural,57,F,0,0,0,33.28,104,240
55228,377,Rural,48,M,0,0,0,33.28,104,240
55276,377,Rural,44,M,0,0,1,33.28,104,240
55279,377,Rural,47,F,0,0,0,33.28,104,240
55237,377,Rural,33,M,0,0,0,33.28,104,240
55290,377,Rural,53,M,0,0,0,33.28,104,240
55285,377,Rural,41,F,0,0,1,33.28,104,240
55241,377,Rural,44,F,0,0,1,33.28,104,240
55258,377,Rural,37,F,0,0,0,33.28,104,240
55270,377,Rural,74,M,0,1,0,33.28,104,240
55240,377,Rural,55,F,0,0,0,33.28,104,240
55230,377,Rural,18,M,0,0,0,33.28,104,240
55222,377,Rural,78,F,0,1,0,33.28,104,240
55260,377,Rural,53,M,0,0,0,33.28,104,240
55277,377,Rural,58,M,0,1,0,33.28,104,240
55223,377,Rural,52,F,0,0,0,33.28,104,240
55199,377,Rural,62,F,0,0,0,33.28,104,240
56538,391,Rural,52,M,0,0,1,28.159999999999997,88,240
56507,391,Rural,43,F,0,0,0,28.159999999999997,88,240
56578,391,Rural,58,F,0,0,1,28.159999999999997,88,240
56540,391,Rural,61,M,0,1,1,28.159999999999997,88,240
56526,391,Rural,63,M,0,0,1,28.159999999999997,88,240
56559,391,Rural,18,M,0,1,0,28.159999999999997,88,240
56575,391,Rural,71,M,0,0,0,28.159999999999997,88,240
56550,391,Rural,53,F,0,0,0,28.159999999999997,88,240
56553,391,Rural,47,F,0,0,0,28.159999999999997,88,240
56567,391,Rural,58,F,0,0,1,28.159999999999997,88,240
56564,391,Rural,44,F,0,0,0,28.159999999999997,88,240
56555,391,Rural,66,M,0,0,0,28.159999999999997,88,240
56528,391,Rural,38,F,0,0,0,28.159999999999997,88,240
56554,391,Rural,45,F,0,0,0,28.159999999999997,88,240
56502,391,Rural,46,F,0,0,1,28.159999999999997,88,240
56520,391,Rural,18,F,0,0,0,28.159999999999997,88,240
56552,391,Rural,72,M,0,0,0,28.159999999999997,88,240
56576,391,Rural,65,F,0,0,0,28.159999999999997,88,240
56534,391,Rural,31,M,0,0,0,28.159999999999997,88,240
56517,391,Rural,32,M,0,0,0,28.159999999999997,88,240
56545,391,Rural,63,F,0,0,0,28.159999999999997,88,240
56505,391,Rural,40,F,1,0,1,28.159999999999997,88,240
56562,391,Rural,62,M,0,0,0,28.159999999999997,88,240
56546,391,Rural,42,F,0,0,0,28.159999999999997,88,240
56499,391,Rural,32,M,0,1,0,28.159999999999997,88,240
56784,394,Rural,72,M,0,0,0,27.840000000000003,87,240
56856,394,Rural,24,F,0,0,0,27.840000000000003,87,240
56780,394,Rural,47,F,0,0,0,27.840000000000003,87,240
56847,394,Rural,45,M,0,0,0,27.840000000000003,87,240
56832,394,Rural,81,M,1,1,1,27.840000000000003,87,240
56831,394,Rural,41,F,0,0,0,27.840000000000003,87,240
56802,394,Rural,55,M,0,0,0,27.840000000000003,87,240
56837,394,Rural,47,M,1,1,0,27.840000000000003,87,240
56815,394,Rural,62,M,0,1,0,27.840000000000003,87,240
56834,394,Rural,63,F,0,0,0,27.840000000000003,87,240
56811,394,Rural,61,M,0,0,0,27.840000000000003,87,240
56806,394,Rural,44,F,0,0,0,27.840000000000003,87,240
56846,394,Rural,64,M,0,0,0,27.840000000000003,87,240
56836,394,Rural,67,M,0,0,1,27.840000000000003,87,240
56807,394,Rural,60,M,0,0,0,27.840000000000003,87,240
56858,394,Rural,52,M,0,0,1,27.840000000000003,87,240
56793,394,Rural,42,F,0,0,0,27.840000000000003,87,240
56855,394,Rural,67,F,0,1,0,27.840000000000003,87,240
56822,394,Rural,30,M,0,0,0,27.840000000000003,87,240
56844,394,Rural,68,M,0,0,0,27.840000000000003,87,240
56787,394,Rural,50,M,0,1,0,27.840000000000003,87,240
56803,394,Rural,53,F,0,1,0,27.840000000000003,87,240
56781,394,Rural,54,F,0,0,0,27.840000000000003,87,240
56852,394,Rural,48,M,0,1,0,27.840000000000003,87,240
56783,394,Rural,46,M,0,0,0,27.840000000000003,87,240
56995,396,Rural,52,F,1,0,0,28.799999999999997,90,240
56990,396,Rural,60,M,0,1,0,28.799999999999997,90,240
57024,396,Rural,43,F,0,0,0,28.799999999999997,90,240
56976,396,Rural,47,M,0,0,0,28.799999999999997,90,240
56975,396,Rural,29,M,0,0,0,28.799999999999997,90,240
56980,396,Rural,70,F,0,0,0,28.799999999999997,90,240
56983,396,Rural,48,F,0,0,0,28.799999999999997,90,240
57002,396,Rural,42,F,0,0,0,28.799999999999997,90,240
56997,396,Rural,25,M,0,1,0,28.799999999999997,90,240
56957,396,Rural,43,F,0,0,0,28.799999999999997,90,240
57014,396,Rural,31,F,0,0,0,28.799999999999997,90,240
57032,396,Rural,84,F,1,0,1,28.799999999999997,90,240
56973,396,Rural,70,F,0,0,0,28.799999999999997,90,240
56965,396,Rural,21,M,0,1,0,28.799999999999997,90,240
57027,396,Rural,49,F,0,0,1,28.799999999999997,90,240
56958,396,Rural,35,F,0,0,0,28.799999999999997,90,240
56948,396,Rural,40,M,0,1,0,28.799999999999997,90,240
56946,396,Rural,54,F,0,1,0,28.799999999999997,90,240
56944,396,Rural,60,M,0,0,0,28.799999999999997,90,240
56993,396,Rural,48,F,0,0,0,28.799999999999997,90,240
56969,396,Rural,33,F,0,0,0,28.799999999999997,90,240
57001,396,Rural,36,M,0,1,0,28.799999999999997,90,240
56951,396,Rural,55,M,0,1,0,28.799999999999997,90,240
56998,396,Rural,61,M,0,0,1,28.799999999999997,90,240
56977,396,Rural,43,M,0,0,0,28.799999999999997,90,240
57981,407,Rural,43,M,0,0,0,32,100,240
58031,407,Rural,35,M,0,1,0,32,100,240
57950,407,Rural,44,F,0,0,0,32,100,240
58025,407,Rural,57,F,0,0,0,32,100,240
58049,407,Rural,45,M,0,0,0,32,100,240
58019,407,Rural,45,M,0,0,0,32,100,240
58018,407,Rural,59,F,0,1,0,32,100,240
57984,407,Rural,69,M,1,0,0,32,100,240
58036,407,Rural,50,F,0,1,0,32,100,240
57958,407,Rural,43,M,0,0,0,32,100,240
58012,407,Rural,42,M,0,0,0,32,100,240
57992,407,Rural,79,F,0,0,0,32,100,240
58028,407,Rural,51,F,0,0,0,32,100,240
58048,407,Rural,41,F,0,0,0,32,100,240
58007,407,Rural,36,F,0,0,0,32,100,240
57951,407,Rural,42,M,0,0,0,32,100,240
57995,407,Rural,29,M,0,0,0,32,100,240
57998,407,Rural,58,M,1,0,0,32,100,240
57969,407,Rural,74,M,0,0,0,32,100,240
58001,407,Rural,39,F,0,0,0,32,100,240
57971,407,Rural,67,F,0,0,1,32,100,240
58045,407,Rural,53,M,0,0,0,32,100,240
58032,407,Rural,73,F,0,0,0,32,100,240
58000,407,Rural,38,F,0,0,0,32,100,240
57985,407,Rural,39,F,0,0,0,32,100,240
58083,408,Rural,63,F,0,0,0,25.6,80,240
58129,408,Rural,58,F,0,0,0,25.6,80,240
58091,408,Rural,55,M,0,0,0,25.6,80,240
58122,408,Rural,51,M,1,1,0,25.6,80,240
58069,408,Rural,73,M,0,0,1,25.6,80,240
58084,408,Rural,33,F,0,0,0,25.6,80,240
58088,408,Rural,35,M,0,0,0,25.6,80,240
58125,408,Rural,85,M,0,1,0,25.6,80,240
58050,408,Rural,34,M,0,0,0,25.6,80,240
58065,408,Rural,61,M,0,0,0,25.6,80,240
58123,408,Rural,62,M,0,0,0,25.6,80,240
58055,408,Rural,52,F,0,1,1,25.6,80,240
58110,408,Rural,51,M,0,1,0,25.6,80,240
58115,408,Rural,69,F,1,1,0,25.6,80,240
58068,408,Rural,49,F,0,0,0,25.6,80,240
58092,408,Rural,46,M,0,0,0,25.6,80,240
58128,408,Rural,52,M,0,0,0,25.6,80,240
58099,408,Rural,27,F,0,0,0,25.6,80,240
58108,408,Rural,41,M,0,0,0,25.6,80,240
58059,408,Rural,58,F,0,1,0,25.6,80,240
58127,408,Rural,53,M,0,0,0,25.6,80,240
58087,408,Rural,60,F,0,1,0,25.6,80,240
58052,408,Rural,41,F,0,0,0,25.6,80,240
58090,408,Rural,80,F,0,0,0,25.6,80,240
58120,408,Rural,56,M,0,0,0,25.6,80,240
58965,418,Rural,40,M,0,0,0,28.479999999999997,89,240
58950,418,Rural,40,M,0,0,0,28.479999999999997,89,240
58964,418,Rural,40,F,0,0,0,28.479999999999997,89,240
59006,418,Rural,53,M,0,0,0,28.479999999999997,89,240
58959,418,Rural,69,M,0,1,0,28.479999999999997,89,240
58977,418,Rural,58,F,0,0,0,28.479999999999997,89,240
59009,418,Rural,51,M,0,0,0,28.479999999999997,89,240
58944,418,Rural,70,F,1,0,0,28.479999999999997,89,240
58985,418,Rural,45,M,0,1,0,28.479999999999997,89,240
59016,418,Rural,41,F,0,0,0,28.479999999999997,89,240
58995,418,Rural,60,M,0,1,0,28.479999999999997,89,240
58955,418,Rural,32,F,0,0,0,28.479999999999997,89,240
58968,418,Rural,51,F,0,0,0,28.479999999999997,89,240
58989,418,Rural,68,M,0,0,0,28.479999999999997,89,240
58951,418,Rural,48,F,0,1,0,28.479999999999997,89,240
58975,418,Rural,47,M,0,0,0,28.479999999999997,89,240
58982,418,Rural,38,F,0,0,0,28.479999999999997,89,240
59012,418,Rural,38,M,0,0,0,28.479999999999997,89,240
58983,418,Rural,50,F,0,0,0,28.479999999999997,89,240
58938,418,Rural,54,F,0,0,0,28.479999999999997,89,240
58956,418,Rural,26,F,0,0,0,28.479999999999997,89,240
58947,418,Rural,30,M,0,0,0,28.479999999999997,89,240
58976,418,Rural,55,M,0,0,0,28.479999999999997,89,240
59004,418,Rural,44,F,0,0,0,28.479999999999997,89,240
58971,418,Rural,66,F,0,0,0,28.479999999999997,89,240
60534,435,Rural,53,M,0,0,0,29.119999999999997,91,240
60520,435,Rural,62,F,0,0,1,29.119999999999997,91,240
60479,435,Rural,44,M,0,0,0,29.119999999999997,91,240
60536,435,Rural,36,M,0,0,0,29.119999999999997,91,240
60501,435,Rural,49,M,0,1,0,29.119999999999997,91,240
60500,435,Rural,39,M,0,0,0,29.119999999999997,91,240
60499,435,Rural,51,M,0,0,0,29.119999999999997,91,240
60516,435,Rural,35,M,0,0,0,29.119999999999997,91,240
60507,435,Rural,66,M,0,0,0,29.119999999999997,91,240
60493,435,Rural,59,F,0,0,0,29.119999999999997,91,240
60495,435,Rural,61,F,0,1,1,29.119999999999997,91,240
60540,435,Rural,41,F,0,0,0,29.119999999999997,91,240
60524,435,Rural,65,M,0,1,0,29.119999999999997,91,240
60541,435,Rural,64,F,0,1,0,29.119999999999997,91,240
60517,435,Rural,54,F,0,1,0,29.119999999999997,91,240
60505,435,Rural,42,F,0,0,0,29.119999999999997,91,240
60554,435,Rural,34,F,0,0,0,29.119999999999997,91,240
60535,435,Rural,52,F,0,0,0,29.119999999999997,91,240
60556,435,Rural,34,M,0,0,0,29.119999999999997,91,240
60532,435,Rural,75,F,0,1,0,29.119999999999997,91,240
60548,435,Rural,53,M,0,0,1,29.119999999999997,91,240
60491,435,Rural,61,M,0,0,0,29.119999999999997,91,240
60478,435,Rural,61,F,0,0,0,29.119999999999997,91,240
60522,435,Rural,59,M,0,0,0,29.119999999999997,91,240
60476,435,Rural,58,F,0,0,0,29.119999999999997,91,240
60663,437,Rural,54,M,0,0,0,27.2,85,240
60712,437,Rural,34,F,0,0,0,27.2,85,240
60675,437,Rural,72,F,0,0,0,27.2,85,240
60666,437,Rural,42,F,1,1,0,27.2,85,240
60723,437,Rural,46,M,0,0,0,27.2,85,240
60737,437,Rural,44,F,0,0,0,27.2,85,240
60721,437,Rural,31,F,0,0,1,27.2,85,240
60670,437,Rural,59,M,0,0,0,27.2,85,240
60728,437,Rural,57,M,0,1,0,27.2,85,240
60715,437,Rural,38,M,0,0,0,27.2,85,240
60708,437,Rural,44,M,0,0,0,27.2,85,240
60731,437,Rural,82,M,0,0,1,27.2,85,240
60726,437,Rural,66,M,0,0,0,27.2,85,240
60716,437,Rural,75,M,0,0,0,27.2,85,240
60727,437,Rural,43,F,0,1,0,27.2,85,240
60682,437,Rural,54,M,0,0,1,27.2,85,240
60722,437,Rural,50,F,0,0,0,27.2,85,240
60739,437,Rural,34,F,0,0,0,27.2,85,240
60719,437,Rural,40,M,0,0,0,27.2,85,240
60703,437,Rural,45,F,0,0,0,27.2,85,240
60698,437,Rural,38,M,0,0,0,27.2,85,240
60662,437,Rural,53,M,0,0,0,27.2,85,240
60689,437,Rural,61,M,0,0,1,27.2,85,240
60735,437,Rural,72,M,0,0,0,27.2,85,240
60694,437,Rural,38,F,0,0,0,27.2,85,240
60756,438,Rural,55,F,0,0,0,26.240000000000002,82,240
60780,438,Rural,49,F,0,0,0,26.240000000000002,82,240
60771,438,Rural,49,F,0,0,0,26.240000000000002,82,240
60802,438,Rural,40,M,0,0,0,26.240000000000002,82,240
60755,438,Rural,41,F,0,0,0,26.240000000000002,82,240
60770,438,Rural,68,M,0,0,1,26.240000000000002,82,240
60792,438,Rural,68,F,0,1,0,26.240000000000002,82,240
60767,438,Rural,40,M,0,0,0,26.240000000000002,82,240
60814,438,Rural,53,F,0,0,0,26.240000000000002,82,240
60744,438,Rural,49,M,0,0,0,26.240000000000002,82,240
60791,438,Rural,61,F,0,0,0,26.240000000000002,82,240
60783,438,Rural,44,M,0,0,0,26.240000000000002,82,240
60807,438,Rural,55,F,0,0,0,26.240000000000002,82,240
60812,438,Rural,76,M,0,0,0,26.240000000000002,82,240
60785,438,Rural,33,F,0,0,0,26.240000000000002,82,240
60803,438,Rural,56,M,0,0,0,26.240000000000002,82,240
60752,438,Rural,72,F,0,0,0,26.240000000000002,82,240
60824,438,Rural,75,M,0,0,0,26.240000000000002,82,240
60745,438,Rural,34,M,0,0,0,26.240000000000002,82,240
60787,438,Rural,52,M,0,0,0,26.240000000000002,82,240
60761,438,Rural,54,F,0,0,0,26.240000000000002,82,240
60808,438,Rural,39,M,0,0,0,26.240000000000002,82,240
60764,438,Rural,58,F,0,0,0,26.240000000000002,82,240
60825,438,Rural,52,F,0,0,0,26.240000000000002,82,240
60820,438,Rural,55,F,0,0,0,26.240000000000002,82,240
60910,440,Rural,52,F,0,0,0,25.6,80,240
60917,440,Rural,42,F,0,0,0,25.6,80,240
60916,440,Rural,61,F,0,0,0,25.6,80,240
60962,440,Rural,68,F,0,0,0,25.6,80,240
60952,440,Rural,73,M,0,0,0,25.6,80,240
60925,440,Rural,54,M,0,0,0,25.6,80,240
60969,440,Rural,63,M,1,0,0,25.6,80,240
60936,440,Rural,19,F,0,0,0,25.6,80,240
60940,440,Rural,50,F,0,0,0,25.6,80,240
60904,440,Rural,45,M,0,0,0,25.6,80,240
60922,440,Rural,84,F,0,1,1,25.6,80,240
60960,440,Rural,55,F,1,0,0,25.6,80,240
60924,440,Rural,32,M,0,0,0,25.6,80,240
60912,440,Rural,60,M,0,1,0,25.6,80,240
60974,440,Rural,62,M,0,0,1,25.6,80,240
60905,440,Rural,70,M,0,0,0,25.6,80,240
60976,440,Rural,42,M,0,0,0,25.6,80,240
60942,440,Rural,86,M,0,0,0,25.6,80,240
60972,440,Rural,45,M,0,0,0,25.6,80,240
60923,440,Rural,26,M,0,0,0,25.6,80,240
60970,440,Rural,69,M,0,0,0,25.6,80,240
60971,440,Rural,63,M,0,1,1,25.6,80,240
60977,440,Rural,79,F,1,0,1,25.6,80,240
60906,440,Rural,36,F,0,0,0,25.6,80,240
60947,440,Rural,41,M,0,0,1,25.6,80,240
61136,442,Rural,65,M,1,1,1,31.68,99,240
61087,442,Rural,61,M,0,0,0,31.68,99,240
61112,442,Rural,42,M,0,0,0,31.68,99,240
61124,442,Rural,61,M,0,0,0,31.68,99,240
61125,442,Rural,51,M,0,0,0,31.68,99,240
61123,442,Rural,79,F,0,1,1,31.68,99,240
61098,442,Rural,58,F,0,0,0,31.68,99,240
61140,442,Rural,65,F,0,0,0,31.68,99,240
61141,442,Rural,65,F,0,0,0,31.68,99,240
61178,442,Rural,59,F,0,0,0,31.68,99,240
61086,442,Rural,61,F,0,1,1,31.68,99,240
61126,442,Rural,30,F,0,0,0,31.68,99,240
61104,442,Rural,43,F,0,0,1,31.68,99,240
61088,442,Rural,53,F,0,1,0,31.68,99,240
61144,442,Rural,63,F,0,1,0,31.68,99,240
61131,442,Rural,41,M,0,0,0,31.68,99,240
61106,442,Rural,52,M,0,0,0,31.68,99,240
61175,442,Rural,27,M,0,0,0,31.68,99,240
61138,442,Rural,33,M,0,0,0,31.68,99,240
61152,442,Rural,18,F,0,0,0,31.68,99,240
61118,442,Rural,58,F,0,0,0,31.68,99,240
61085,442,Rural,41,M,0,0,0,31.68,99,240
61127,442,Rural,52,F,0,0,0,31.68,99,240
61174,442,Rural,28,M,0,0,0,31.68,99,240
61099,442,Rural,55,F,0,0,0,31.68,99,240
61672,448,Rural,71,F,0,0,0,31.040000000000003,97,240
61630,448,Rural,52,M,0,0,0,31.040000000000003,97,240
61649,448,Rural,50,F,0,0,0,31.040000000000003,97,240
61613,448,Rural,82,M,1,0,0,31.040000000000003,97,240
61640,448,Rural,68,F,0,1,0,31.040000000000003,97,240
61639,448,Rural,23,F,0,0,0,31.040000000000003,97,240
61615,448,Rural,28,F,0,0,0,31.040000000000003,97,240
61617,448,Rural,45,M,1,0,0,31.040000000000003,97,240
61708,448,Rural,61,F,0,0,1,31.040000000000003,97,240
61663,448,Rural,62,M,0,0,0,31.040000000000003,97,240
61666,448,Rural,47,F,0,0,0,31.040000000000003,97,240
61662,448,Rural,76,F,0,0,0,31.040000000000003,97,240
61669,448,Rural,44,M,0,0,0,31.040000000000003,97,240
61646,448,Rural,48,M,0,0,0,31.040000000000003,97,240
61689,448,Rural,57,M,1,0,1,31.040000000000003,97,240
61651,448,Rural,79,F,0,0,0,31.040000000000003,97,240
61675,448,Rural,39,F,0,0,0,31.040000000000003,97,240
61652,448,Rural,52,M,0,0,0,31.040000000000003,97,240
61661,448,Rural,65,F,0,0,0,31.040000000000003,97,240
61680,448,Rural,59,F,0,0,0,31.040000000000003,97,240
61677,448,Rural,52,F,0,0,0,31.040000000000003,97,240
61704,448,Rural,72,M,0,0,1,31.040000000000003,97,240
61618,448,Rural,42,M,0,0,0,31.040000000000003,97,240
61691,448,Rural,53,M,0,0,0,31.040000000000003,97,240
61612,448,Rural,32,M,0,0,0,31.040000000000003,97,240
62273,455,Rural,49,F,0,0,0,28.799999999999997,90,240
62280,455,Rural,19,M,0,0,0,28.799999999999997,90,240
62245,455,Rural,34,F,0,0,0,28.799999999999997,90,240
62286,455,Rural,65,F,0,1,0,28.799999999999997,90,240
62255,455,Rural,46,F,0,0,0,28.799999999999997,90,240
62251,455,Rural,55,M,0,0,0,28.799999999999997,90,240
62303,455,Rural,56,F,0,0,0,28.799999999999997,90,240
62244,455,Rural,44,M,0,0,0,28.799999999999997,90,240
62288,455,Rural,52,M,0,0,0,28.799999999999997,90,240
62241,455,Rural,58,F,0,0,0,28.799999999999997,90,240
62270,455,Rural,58,M,0,0,0,28.799999999999997,90,240
62252,455,Rural,80,F,0,1,0,28.799999999999997,90,240
62289,455,Rural,71,M,0,0,0,28.799999999999997,90,240
62238,455,Rural,73,M,0,0,0,28.799999999999997,90,240
62325,455,Rural,27,F,0,0,0,28.799999999999997,90,240
62279,455,Rural,58,F,0,0,0,28.799999999999997,90,240
62266,455,Rural,55,F,0,0,0,28.799999999999997,90,240
62264,455,Rural,18,M,0,0,0,28.799999999999997,90,240
62313,455,Rural,28,M,0,0,0,28.799999999999997,90,240
62278,455,Rural,18,F,0,0,0,28.799999999999997,90,240
62267,455,Rural,50,F,0,0,1,28.799999999999997,90,240
62265,455,Rural,38,M,0,0,0,28.799999999999997,90,240
62247,455,Rural,26,M,0,0,0,28.799999999999997,90,240
62254,455,Rural,75,M,0,0,0,28.799999999999997,90,240
62310,455,Rural,56,F,0,0,0,28.799999999999997,90,240
62394,456,Rural,29,F,0,0,0,32.64,102,240
62333,456,Rural,57,F,0,0,0,32.64,102,240
62422,456,Rural,31,M,0,0,0,32.64,102,240
62410,456,Rural,37,M,0,0,0,32.64,102,240
62345,456,Rural,44,F,0,0,0,32.64,102,240
62346,456,Rural,59,F,0,0,0,32.64,102,240
62428,456,Rural,29,M,0,0,0,32.64,102,240
62340,456,Rural,55,F,0,0,0,32.64,102,240
62362,456,Rural,63,M,1,0,0,32.64,102,240
62349,456,Rural,52,F,0,0,0,32.64,102,240
62356,456,Rural,40,M,0,0,0,32.64,102,240
62364,456,Rural,53,M,0,0,0,32.64,102,240
62368,456,Rural,32,F,0,0,0,32.64,102,240
62421,456,Rural,44,M,0,0,0,32.64,102,240
62348,456,Rural,87,F,1,0,0,32.64,102,240
62357,456,Rural,71,M,0,0,0,32.64,102,240
62424,456,Rural,33,F,0,0,0,32.64,102,240
62331,456,Rural,46,F,0,0,0,32.64,102,240
62417,456,Rural,76,F,0,1,1,32.64,102,240
62392,456,Rural,23,F,0,0,0,32.64,102,240
62361,456,Rural,20,M,0,0,0,32.64,102,240
62358,456,Rural,54,M,0,0,0,32.64,102,240
62344,456,Rural,73,F,0,1,0,32.64,102,240
62383,456,Rural,65,F,0,0,0,32.64,102,240
62380,456,Rural,73,F,0,0,0,32.64,102,240
62592,458,Rural,45,M,1,0,1,31.040000000000003,97,240
62607,458,Rural,51,F,0,1,0,31.040000000000003,97,240
62532,458,Rural,53,M,0,0,0,31.040000000000003,97,240
62549,458,Rural,63,M,0,1,1,31.040000000000003,97,240
62567,458,Rural,34,F,0,0,0,31.040000000000003,97,240
62533,458,Rural,58,F,0,1,0,31.040000000000003,97,240
62526,458,Rural,37,F,0,0,0,31.040000000000003,97,240
62600,458,Rural,87,F,0,1,1,31.040000000000003,97,240
62555,458,Rural,26,F,0,0,0,31.040000000000003,97,240
62540,458,Rural,42,F,0,0,1,31.040000000000003,97,240
62578,458,Rural,90,M,1,0,1,31.040000000000003,97,240
62561,458,Rural,46,F,0,0,0,31.040000000000003,97,240
62593,458,Rural,41,F,0,1,0,31.040000000000003,97,240
62529,458,Rural,56,M,0,0,0,31.040000000000003,97,240
62617,458,Rural,34,F,0,0,0,31.040000000000003,97,240
62612,458,Rural,32,M,0,0,0,31.040000000000003,97,240
62546,458,Rural,53,M,0,0,0,31.040000000000003,97,240
62554,458,Rural,34,F,0,0,0,31.040000000000003,97,240
62608,458,Rural,43,M,0,0,1,31.040000000000003,97,240
62536,458,Rural,77,F,0,1,1,31.040000000000003,97,240
62525,458,Rural,60,F,0,0,0,31.040000000000003,97,240
62584,458,Rural,70,F,0,0,0,31.040000000000003,97,240
62574,458,Rural,40,M,0,0,0,31.040000000000003,97,240
62604,458,Rural,49,F,1,0,0,31.040000000000003,97,240
62575,458,Rural,66,F,0,0,0,31.040000000000003,97,240
63195,465,Rural,68,F,0,0,1,29.119999999999997,91,240
63183,465,Rural,52,F,0,0,0,29.119999999999997,91,240
63167,465,Rural,35,M,0,0,0,29.119999999999997,91,240
63162,465,Rural,42,M,0,0,0,29.119999999999997,91,240
63194,465,Rural,57,F,0,0,0,29.119999999999997,91,240
63220,465,Rural,60,F,0,0,0,29.119999999999997,91,240
63163,465,Rural,18,M,0,0,0,29.119999999999997,91,240
63203,465,Rural,25,M,0,0,0,29.119999999999997,91,240
63184,465,Rural,23,F,0,0,0,29.119999999999997,91,240
63193,465,Rural,40,M,0,1,0,29.119999999999997,91,240
63207,465,Rural,41,M,0,0,0,29.119999999999997,91,240
63213,465,Rural,51,F,0,0,0,29.119999999999997,91,240
63131,465,Rural,19,F,0,0,0,29.119999999999997,91,240
63178,465,Rural,42,F,0,0,0,29.119999999999997,91,240
63190,465,Rural,65,F,0,0,1,29.119999999999997,91,240
63150,465,Rural,44,F,0,0,0,29.119999999999997,91,240
63215,465,Rural,55,F,0,0,0,29.119999999999997,91,240
63166,465,Rural,36,M,0,0,0,29.119999999999997,91,240
63141,465,Rural,68,F,0,0,0,29.119999999999997,91,240
63187,465,Rural,43,M,0,0,0,29.119999999999997,91,240
63200,465,Rural,29,F,0,0,0,29.119999999999997,91,240
63201,465,Rural,60,F,0,0,0,29.119999999999997,91,240
63164,465,Rural,47,M,1,0,0,29.119999999999997,91,240
63202,465,Rural,74,M,0,0,0,29.119999999999997,91,240
63172,465,Rural,59,M,0,1,1,29.119999999999997,91,240
65023,486,Rural,38,F,0,0,0,21.12,66,240
65005,486,Rural,49,M,0,0,0,21.12,66,240
65003,486,Rural,39,F,0,0,0,21.12,66,240
64975,486,Rural,45,F,0,0,0,21.12,66,240
64988,486,Rural,38,M,0,0,0,21.12,66,240
65022,486,Rural,34,M,0,0,0,21.12,66,240
65030,486,Rural,57,M,0,0,0,21.12,66,240
64980,486,Rural,62,F,0,1,0,21.12,66,240
65000,486,Rural,29,F,0,0,0,21.12,66,240
65016,486,Rural,75,F,0,0,1,21.12,66,240
64998,486,Rural,61,M,0,1,0,21.12,66,240
65017,486,Rural,53,F,0,0,0,21.12,66,240
64982,486,Rural,67,M,1,0,0,21.12,66,240
65027,486,Rural,35,M,0,0,0,21.12,66,240
65036,486,Rural,60,F,0,0,0,21.12,66,240
64981,486,Rural,40,F,0,0,0,21.12,66,240
64995,486,Rural,61,M,1,0,0,21.12,66,240
64993,486,Rural,41,F,0,0,0,21.12,66,240
65012,486,Rural,73,M,0,0,0,21.12,66,240
65025,486,Rural,48,F,0,0,0,21.12,66,240
64985,486,Rural,45,M,0,0,0,21.12,66,240
64994,486,Rural,38,F,0,0,0,21.12,66,240
65038,486,Rural,44,F,0,0,0,21.12,66,240
64989,486,Rural,41,F,0,0,0,21.12,66,240
65018,486,Rural,54,M,0,0,0,21.12,66,240
66182,499,Rural,64,M,0,0,0,36.800000000000004,115,240
66233,499,Rural,55,M,0,0,0,36.800000000000004,115,240
66179,499,Rural,64,F,0,0,0,36.800000000000004,115,240
66199,499,Rural,46,F,0,0,0,36.800000000000004,115,240
66224,499,Rural,64,M,0,0,0,36.800000000000004,115,240
66198,499,Rural,65,M,1,1,0,36.800000000000004,115,240
66174,499,Rural,74,M,0,0,0,36.800000000000004,115,240
66144,499,Rural,60,M,0,0,0,36.800000000000004,115,240
66192,499,Rural,41,F,0,0,0,36.800000000000004,115,240
66205,499,Rural,50,M,0,0,0,36.800000000000004,115,240
66127,499,Rural,37,F,0,0,0,36.800000000000004,115,240
66234,499,Rural,47,F,0,0,0,36.800000000000004,115,240
66226,499,Rural,43,M,1,0,0,36.800000000000004,115,240
66146,499,Rural,55,F,0,0,0,36.800000000000004,115,240
66186,499,Rural,65,M,0,0,0,36.800000000000004,115,240
66178,499,Rural,84,F,0,0,0,36.800000000000004,115,240
66139,499,Rural,58,F,0,0,0,36.800000000000004,115,240
66190,499,Rural,58,F,0,0,0,36.800000000000004,115,240
66187,499,Rural,39,F,0,0,0,36.800000000000004,115,240
66203,499,Rural,53,F,0,0,0,36.800000000000004,115,240
66210,499,Rural,54,M,0,0,0,36.800000000000004,115,240
66152,499,Rural,40,F,0,0,0,36.800000000000004,115,240
66147,499,Rural,76,M,0,0,1,36.800000000000004,115,240
66138,499,Rural,54,M,0,0,0,36.800000000000004,115,240
66151,499,Rural,35,M,0,0,0,36.800000000000004,115,240
67472,513,Rural,85,M,1,1,1,27.2,85,240
67468,513,Rural,53,F,0,0,0,27.2,85,240
67497,513,Rural,50,F,1,1,0,27.2,85,240
67451,513,Rural,60,F,0,0,0,27.2,85,240
67441,513,Rural,53,M,0,0,0,27.2,85,240
67457,513,Rural,60,M,0,0,1,27.2,85,240
67503,513,Rural,48,F,0,1,1,27.2,85,240
67489,513,Rural,45,M,0,0,0,27.2,85,240
67440,513,Rural,50,M,0,0,1,27.2,85,240
67465,513,Rural,62,F,0,0,0,27.2,85,240
67432,513,Rural,48,F,0,0,0,27.2,85,240
67483,513,Rural,53,F,1,0,0,27.2,85,240
67463,513,Rural,59,F,0,0,0,27.2,85,240
67488,513,Rural,48,F,0,0,0,27.2,85,240
67470,513,Rural,67,M,0,1,0,27.2,85,240
67510,513,Rural,21,M,0,0,0,27.2,85,240
67498,513,Rural,41,M,0,0,0,27.2,85,240
67492,513,Rural,54,M,0,0,0,27.2,85,240
67485,513,Rural,46,F,0,0,0,27.2,85,240
67437,513,Rural,36,M,0,0,1,27.2,85,240
67466,513,Rural,26,M,0,0,0,27.2,85,240
67515,513,Rural,44,M,0,0,0,27.2,85,240
67438,513,Rural,59,M,0,0,1,27.2,85,240
67478,513,Rural,49,M,0,0,0,27.2,85,240
67484,513,Rural,48,M,0,0,0,27.2,85,240
67939,519,Rural,41,M,0,0,0,29.44,92,240
67938,519,Rural,51,F,0,0,0,29.44,92,240
67949,519,Rural,55,M,0,1,0,29.44,92,240
67973,519,Rural,31,M,0,0,0,29.44,92,240
68005,519,Rural,27,M,0,0,0,29.44,92,240
68000,519,Rural,61,F,0,0,0,29.44,92,240
68003,519,Rural,31,F,0,0,0,29.44,92,240
67921,519,Rural,41,F,1,1,0,29.44,92,240
67999,519,Rural,29,M,0,0,0,29.44,92,240
67959,519,Rural,68,M,0,0,1,29.44,92,240
67968,519,Rural,42,M,0,0,0,29.44,92,240
67957,519,Rural,51,F,0,1,0,29.44,92,240
67984,519,Rural,48,F,0,0,0,29.44,92,240
67947,519,Rural,53,F,0,0,0,29.44,92,240
67926,519,Rural,66,M,0,0,0,29.44,92,240
67927,519,Rural,61,F,0,0,0,29.44,92,240
67953,519,Rural,62,F,0,0,0,29.44,92,240
67937,519,Rural,46,F,0,0,0,29.44,92,240
67958,519,Rural,70,M,0,0,0,29.44,92,240
67961,519,Rural,41,M,0,0,1,29.44,92,240
67988,519,Rural,74,F,0,0,0,29.44,92,240
67985,519,Rural,38,M,0,0,0,29.44,92,240
67974,519,Rural,55,F,0,0,0,29.44,92,240
67941,519,Rural,47,M,0,0,0,29.44,92,240
67966,519,Rural,80,M,0,0,0,29.44,92,240
69742,539,Rural,54,F,0,0,0,26.56,83,240
69781,539,Rural,49,F,0,0,0,26.56,83,240
69801,539,Rural,59,M,0,0,0,26.56,83,240
69796,539,Rural,52,F,0,0,0,26.56,83,240
69738,539,Rural,61,F,0,1,0,26.56,83,240
69735,539,Rural,34,F,0,1,0,26.56,83,240
69769,539,Rural,45,F,0,1,0,26.56,83,240
69765,539,Rural,64,F,0,1,0,26.56,83,240
69785,539,Rural,48,M,0,0,0,26.56,83,240
69752,539,Rural,42,M,0,0,0,26.56,83,240
69741,539,Rural,57,M,0,0,0,26.56,83,240
69757,539,Rural,42,M,0,0,0,26.56,83,240
69751,539,Rural,61,F,0,0,0,26.56,83,240
69783,539,Rural,34,M,0,0,0,26.56,83,240
69807,539,Rural,19,M,0,0,0,26.56,83,240
69794,539,Rural,51,F,0,0,0,26.56,83,240
69795,539,Rural,54,F,0,0,0,26.56,83,240
69763,539,Rural,53,M,0,0,0,26.56,83,240
69786,539,Rural,54,M,0,0,0,26.56,83,240
69797,539,Rural,47,F,1,0,0,26.56,83,240
69775,539,Rural,60,M,0,0,0,26.56,83,240
69806,539,Rural,54,F,0,0,0,26.56,83,240
69729,539,Rural,47,M,0,0,0,26.56,83,240
69788,539,Rural,45,M,0,0,0,26.56,83,240
69798,539,Rural,57,F,0,0,0,26.56,83,240
70004,542,Rural,37,M,0,1,0,29.119999999999997,91,240
70033,542,Rural,62,F,0,0,0,29.119999999999997,91,240
69995,542,Rural,50,M,0,0,0,29.119999999999997,91,240
70047,542,Rural,60,M,0,0,0,29.119999999999997,91,240
70049,542,Rural,55,F,0,0,0,29.119999999999997,91,240
70067,542,Rural,48,M,0,1,0,29.119999999999997,91,240
70001,542,Rural,57,F,0,0,0,29.119999999999997,91,240
69988,542,Rural,46,F,0,0,0,29.119999999999997,91,240
70013,542,Rural,68,F,1,0,0,29.119999999999997,91,240
70074,542,Rural,48,F,0,0,0,29.119999999999997,91,240
70010,542,Rural,45,F,1,0,0,29.119999999999997,91,240
70071,542,Rural,62,F,0,1,0,29.119999999999997,91,240
70030,542,Rural,57,F,0,0,0,29.119999999999997,91,240
70044,542,Rural,48,M,1,0,0,29.119999999999997,91,240
70029,542,Rural,53,F,0,0,0,29.119999999999997,91,240
70017,542,Rural,18,M,0,0,0,29.119999999999997,91,240
70003,542,Rural,46,M,0,0,0,29.119999999999997,91,240
70015,542,Rural,35,F,0,0,0,29.119999999999997,91,240
69996,542,Rural,72,M,0,1,1,29.119999999999997,91,240
70000,542,Rural,34,F,0,0,0,29.119999999999997,91,240
70056,542,Rural,75,M,0,0,0,29.119999999999997,91,240
70041,542,Rural,47,F,0,0,0,29.119999999999997,91,240
70078,542,Rural,53,M,0,0,0,29.119999999999997,91,240
70069,542,Rural,78,F,1,0,1,29.119999999999997,91,240
70064,542,Rural,52,M,0,0,0,29.119999999999997,91,240
72319,567,Rural,44,F,0,0,0,28.159999999999997,88,240
72264,567,Rural,58,F,0,0,0,28.159999999999997,88,240
72323,567,Rural,55,M,1,0,0,28.159999999999997,88,240
72298,567,Rural,66,M,0,1,0,28.159999999999997,88,240
72261,567,Rural,47,F,0,0,0,28.159999999999997,88,240
72297,567,Rural,27,M,0,0,0,28.159999999999997,88,240
72275,567,Rural,40,M,0,0,0,28.159999999999997,88,240
72278,567,Rural,66,M,0,0,0,28.159999999999997,88,240
72243,567,Rural,47,M,0,0,0,28.159999999999997,88,240
72320,567,Rural,46,M,0,0,0,28.159999999999997,88,240
72267,567,Rural,32,M,0,0,0,28.159999999999997,88,240
72321,567,Rural,39,M,0,0,0,28.159999999999997,88,240
72304,567,Rural,54,M,0,0,0,28.159999999999997,88,240
72253,567,Rural,33,F,0,0,0,28.159999999999997,88,240
72318,567,Rural,58,M,0,0,0,28.159999999999997,88,240
72281,567,Rural,63,F,0,1,0,28.159999999999997,88,240
72259,567,Rural,57,M,0,0,0,28.159999999999997,88,240
72251,567,Rural,38,F,0,1,0,28.159999999999997,88,240
72273,567,Rural,49,F,0,0,0,28.159999999999997,88,240
72272,567,Rural,33,F,0,0,0,28.159999999999997,88,240
72287,567,Rural,60,M,0,0,0,28.159999999999997,88,240
72283,567,Rural,44,M,0,0,0,28.159999999999997,88,240
72266,567,Rural,61,M,0,0,0,28.159999999999997,88,240
72240,567,Rural,58,M,0,1,0,28.159999999999997,88,240
72293,567,Rural,60,F,0,0,0,28.159999999999997,88,240
72347,568,Rural,28,M,0,0,0,28.479999999999997,89,240
72376,568,Rural,20,M,0,0,0,28.479999999999997,89,240
72380,568,Rural,62,M,0,0,0,28.479999999999997,89,240
72394,568,Rural,41,M,0,0,0,28.479999999999997,89,240
72396,568,Rural,51,M,0,0,0,28.479999999999997,89,240
72329,568,Rural,54,M,0,1,0,28.479999999999997,89,240
72389,568,Rural,58,F,0,0,0,28.479999999999997,89,240
72393,568,Rural,65,F,0,0,0,28.479999999999997,89,240
72411,568,Rural,51,M,0,0,0,28.479999999999997,89,240
72340,568,Rural,53,M,0,0,0,28.479999999999997,89,240
72387,568,Rural,58,F,0,0,0,28.479999999999997,89,240
72384,568,Rural,40,F,0,0,0,28.479999999999997,89,240
72407,568,Rural,37,F,0,0,0,28.479999999999997,89,240
72373,568,Rural,52,M,0,0,0,28.479999999999997,89,240
72326,568,Rural,49,F,0,0,0,28.479999999999997,89,240
72363,568,Rural,41,F,0,0,0,28.479999999999997,89,240
72386,568,Rural,47,F,0,0,0,28.479999999999997,89,240
72408,568,Rural,42,F,0,1,1,28.479999999999997,89,240
72342,568,Rural,54,F,0,0,0,28.479999999999997,89,240
72356,568,Rural,61,M,0,0,0,28.479999999999997,89,240
72352,568,Rural,18,M,0,0,0,28.479999999999997,89,240
72355,568,Rural,72,M,0,0,0,28.479999999999997,89,240
72350,568,Rural,22,M,0,0,0,28.479999999999997,89,240
72367,568,Rural,38,F,0,0,0,28.479999999999997,89,240
72331,568,Rural,67,M,0,0,0,28.479999999999997,89,240
72691,572,Rural,34,F,0,0,0,26.88,84,240
72737,572,Rural,86,M,0,1,1,26.88,84,240
72688,572,Rural,61,M,0,0,0,26.88,84,240
72731,572,Rural,36,M,0,0,0,26.88,84,240
72715,572,Rural,64,M,0,0,0,26.88,84,240
72699,572,Rural,57,F,0,0,0,26.88,84,240
72703,572,Rural,37,F,0,0,0,26.88,84,240
72720,572,Rural,29,M,0,0,0,26.88,84,240
72732,572,Rural,85,M,1,1,0,26.88,84,240
72695,572,Rural,31,M,0,0,0,26.88,84,240
72723,572,Rural,18,M,0,0,0,26.88,84,240
72673,572,Rural,59,M,0,0,0,26.88,84,240
72702,572,Rural,55,M,0,0,0,26.88,84,240
72700,572,Rural,48,F,0,1,0,26.88,84,240
72685,572,Rural,46,F,0,0,0,26.88,84,240
72701,572,Rural,65,M,0,0,0,26.88,84,240
72744,572,Rural,47,M,0,1,0,26.88,84,240
72738,572,Rural,54,M,0,0,0,26.88,84,240
72734,572,Rural,18,F,0,0,0,26.88,84,240
72672,572,Rural,33,F,0,0,0,26.88,84,240
72745,572,Rural,25,M,0,0,0,26.88,84,240
72692,572,Rural,25,F,0,0,0,26.88,84,240
72679,572,Rural,66,F,0,0,0,26.88,84,240
72714,572,Rural,50,M,0,0,0,26.88,84,240
72716,572,Rural,61,F,0,0,0,26.88,84,240
72956,575,Rural,53,F,0,0,0,32.32,101,240
73052,575,Rural,52,M,0,0,0,32.32,101,240
73016,575,Rural,64,F,0,0,0,32.32,101,240
72991,575,Rural,64,F,0,0,0,32.32,101,240
73045,575,Rural,36,F,0,0,0,32.32,101,240
73010,575,Rural,53,M,0,0,1,32.32,101,240
72961,575,Rural,49,F,0,0,0,32.32,101,240
73005,575,Rural,54,F,0,0,0,32.32,101,240
73051,575,Rural,40,F,0,0,0,32.32,101,240
73007,575,Rural,61,M,0,0,0,32.32,101,240
72985,575,Rural,57,F,0,0,0,32.32,101,240
72963,575,Rural,18,M,0,0,0,32.32,101,240
73002,575,Rural,42,F,0,1,0,32.32,101,240
73038,575,Rural,28,F,0,0,0,32.32,101,240
72965,575,Rural,38,F,0,0,0,32.32,101,240
73022,575,Rural,54,M,0,0,0,32.32,101,240
72996,575,Rural,66,M,0,0,0,32.32,101,240
73029,575,Rural,44,M,0,0,0,32.32,101,240
73054,575,Rural,40,M,0,0,0,32.32,101,240
73039,575,Rural,54,M,0,0,0,32.32,101,240
73024,575,Rural,79,F,0,1,1,32.32,101,240
73006,575,Rural,53,M,0,0,0,32.32,101,240
72962,575,Rural,51,F,0,0,0,32.32,101,240
72984,575,Rural,49,F,0,0,0,32.32,101,240
72992,575,Rural,47,F,0,0,0,32.32,101,240
74084,587,Rural,42,F,0,0,0,31.68,99,240
74157,587,Rural,46,M,0,0,0,31.68,99,240
74112,587,Rural,58,M,0,0,0,31.68,99,240
74101,587,Rural,63,F,0,0,0,31.68,99,240
74169,587,Rural,40,M,0,0,0,31.68,99,240
74125,587,Rural,29,M,0,0,0,31.68,99,240
74098,587,Rural,38,M,0,0,0,31.68,99,240
74087,587,Rural,68,F,0,0,0,31.68,99,240
74088,587,Rural,46,F,0,0,0,31.68,99,240
74139,587,Rural,52,M,0,1,0,31.68,99,240
74142,587,Rural,33,F,0,0,1,31.68,99,240
74149,587,Rural,18,F,0,0,0,31.68,99,240
74080,587,Rural,59,F,0,0,0,31.68,99,240
74121,587,Rural,60,F,0,0,0,31.68,99,240
74073,587,Rural,66,F,1,0,1,31.68,99,240
74136,587,Rural,35,F,0,0,0,31.68,99,240
74134,587,Rural,61,F,0,0,0,31.68,99,240
74075,587,Rural,39,M,0,0,0,31.68,99,240
74074,587,Rural,58,M,0,0,0,31.68,99,240
74082,587,Rural,58,F,0,0,0,31.68,99,240
74140,587,Rural,44,F,0,0,0,31.68,99,240
74159,587,Rural,44,M,0,0,0,31.68,99,240
74099,587,Rural,21,M,0,0,0,31.68,99,240
74128,587,Rural,51,M,0,0,0,31.68,99,240
74086,587,Rural,41,F,0,0,0,31.68,99,240
74201,588,Rural,61,M,0,0,0,28.799999999999997,90,240
74205,588,Rural,46,M,0,0,0,28.799999999999997,90,240
74180,588,Rural,56,F,0,0,0,28.799999999999997,90,240
74231,588,Rural,67,F,0,0,0,28.799999999999997,90,240
74230,588,Rural,61,F,0,0,1,28.799999999999997,90,240
74224,588,Rural,18,F,0,0,0,28.799999999999997,90,240
74257,588,Rural,42,F,0,0,0,28.799999999999997,90,240
74213,588,Rural,27,F,0,0,0,28.799999999999997,90,240
74192,588,Rural,70,F,0,1,0,28.799999999999997,90,240
74211,588,Rural,43,F,0,0,0,28.799999999999997,90,240
74194,588,Rural,62,F,0,1,0,28.799999999999997,90,240
74209,588,Rural,45,M,0,0,0,28.799999999999997,90,240
74239,588,Rural,59,M,0,0,0,28.799999999999997,90,240
74217,588,Rural,52,F,0,0,1,28.799999999999997,90,240
74199,588,Rural,43,M,0,0,1,28.799999999999997,90,240
74181,588,Rural,57,M,0,0,1,28.799999999999997,90,240
74173,588,Rural,60,F,0,1,0,28.799999999999997,90,240
74244,588,Rural,57,F,1,0,0,28.799999999999997,90,240
74189,588,Rural,74,M,1,1,1,28.799999999999997,90,240
74174,588,Rural,43,M,0,1,0,28.799999999999997,90,240
74225,588,Rural,44,F,0,0,0,28.799999999999997,90,240
74234,588,Rural,45,F,0,0,0,28.799999999999997,90,240
74196,588,Rural,33,F,0,0,0,28.799999999999997,90,240
74232,588,Rural,36,M,0,0,0,28.799999999999997,90,240
74241,588,Rural,64,M,0,0,0,28.799999999999997,90,240
