id,unidad,edad,sexo,dm,cateter,albumina,tipo_unidad,razon_pac_enf,intervencion,hospitalizado,meses_observados
1,U01,61,Hombre,1,0,3.9,Extrahospitalaria,4.9,0,0,12
2,U01,80,Mujer,0,0,4.1,Extrahospitalaria,4.9,0,0,12
3,U01,64,Mujer,0,0,3.2,Extrahospitalaria,4.9,0,0,12
4,U01,67,Mujer,0,1,3.1,Extrahospitalaria,4.9,0,0,12
5,U01,54,Hombre,0,0,3,Extrahospitalaria,4.9,0,0,12
6,U01,60,Mujer,0,0,3.5,Extrahospitalaria,4.9,0,0,12
7,U01,71,Hombre,0,0,3,Extrahospitalaria,4.9,0,0,12
8,U01,74,Mujer,1,0,3.2,Extrahospitalaria,4.9,0,0,12
9,U01,42,Hombre,0,0,3.4,Extrahospitalaria,4.9,0,0,12
10,U01,67,Hombre,1,0,3.8,Extrahospitalaria,4.9,0,0,12
11,U01,71,Hombre,1,0,4.4,Extrahospitalaria,4.9,0,0,12
12,U01,60,Hombre,1,0,3.5,Extrahospitalaria,4.9,0,0,12
13,U01,62,Hombre,0,1,3.5,Extrahospitalaria,4.9,0,0,12
14,U01,60,Mujer,0,1,3.1,Extrahospitalaria,4.9,0,0,12
15,U01,71,Hombre,1,0,3.1,Extrahospitalaria,4.9,0,0,12
16,U01,79,Hombre,0,0,3.5,Extrahospitalaria,4.9,0,0,12
17,U01,73,Hombre,0,1,3.4,Extrahospitalaria,4.9,0,1,12
18,U01,76,Hombre,0,0,4.3,Extrahospitalaria,4.9,0,0,12
19,U01,62,Mujer,1,1,3.8,Extrahospitalaria,4.9,0,0,12
20,U01,57,Hombre,0,0,3.8,Extrahospitalaria,4.9,0,0,12
21,U01,68,Mujer,0,0,3.5,Extrahospitalaria,4.9,0,0,12
22,U01,69,Hombre,0,1,2.9,Extrahospitalaria,4.9,0,0,12
23,U01,77,Hombre,0,1,4.1,Extrahospitalaria,4.9,0,0,12
24,U01,70,Hombre,1,0,3.9,Extrahospitalaria,4.9,0,0,12
25,U01,76,Mujer,1,1,2.4,Extrahospitalaria,4.9,0,0,12
26,U01,92,Mujer,0,1,3.4,Extrahospitalaria,4.9,0,0,5
27,U01,50,Mujer,0,1,3.4,Extrahospitalaria,4.9,0,0,12
28,U01,69,Hombre,0,1,3.7,Extrahospitalaria,4.9,0,0,9
29,U01,80,Hombre,0,0,3,Extrahospitalaria,4.9,0,0,12
30,U01,73,Hombre,1,0,3.7,Extrahospitalaria,4.9,0,1,12
31,U01,70,Hombre,1,0,2.9,Extrahospitalaria,4.9,0,0,12
32,U01,59,Hombre,1,0,3.1,Extrahospitalaria,4.9,0,0,12
33,U01,56,Mujer,0,0,3.1,Extrahospitalaria,4.9,0,0,12
34,U01,78,Hombre,0,1,3.6,Extrahospitalaria,4.9,0,0,12
35,U01,73,Mujer,1,1,3.3,Extrahospitalaria,4.9,0,0,12
36,U01,75,Hombre,0,0,3.6,Extrahospitalaria,4.9,0,0,12
37,U01,89,Hombre,1,0,3.4,Extrahospitalaria,4.9,0,0,12
38,U01,81,Mujer,0,0,3.8,Extrahospitalaria,4.9,0,0,12
39,U01,61,Hombre,1,1,3.1,Extrahospitalaria,4.9,0,0,12
40,U01,75,Hombre,0,0,3.4,Extrahospitalaria,4.9,0,0,12
41,U02,62,Mujer,0,0,3.7,Hospitalaria,5.6,0,0,12
42,U02,67,Hombre,1,1,3.4,Hospitalaria,5.6,0,0,12
43,U02,62,Mujer,1,0,3.4,Hospitalaria,5.6,0,0,12
44,U02,57,Hombre,1,0,3,Hospitalaria,5.6,0,0,12
45,U02,66,Hombre,1,0,2.7,Hospitalaria,5.6,0,1,12
46,U02,63,Hombre,0,1,2.9,Hospitalaria,5.6,0,0,12
47,U02,74,Hombre,1,0,3.5,Hospitalaria,5.6,0,0,12
48,U02,92,Mujer,1,1,3.7,Hospitalaria,5.6,0,1,12
49,U02,54,Hombre,1,0,3.9,Hospitalaria,5.6,0,0,5
50,U02,53,Mujer,0,0,3.7,Hospitalaria,5.6,0,0,12
51,U02,69,Hombre,0,0,3.5,Hospitalaria,5.6,0,0,12
52,U02,66,Mujer,0,0,3.6,Hospitalaria,5.6,0,0,12
53,U02,60,Mujer,0,1,3.4,Hospitalaria,5.6,0,0,12
54,U02,65,Hombre,1,1,3.7,Hospitalaria,5.6,0,0,12
55,U02,53,Hombre,0,1,3.8,Hospitalaria,5.6,0,0,12
56,U02,79,Mujer,1,1,2.5,Hospitalaria,5.6,0,1,12
57,U02,48,Hombre,1,0,3.8,Hospitalaria,5.6,0,1,12
58,U02,67,Hombre,1,1,3,Hospitalaria,5.6,0,1,12
59,U02,52,Hombre,0,0,4.3,Hospitalaria,5.6,0,1,12
60,U02,62,Hombre,0,0,3.8,Hospitalaria,5.6,0,0,12
61,U02,51,Mujer,0,1,3.4,Hospitalaria,5.6,0,0,12
62,U02,61,Hombre,0,1,3.2,Hospitalaria,5.6,0,0,12
63,U02,73,Mujer,0,1,3.7,Hospitalaria,5.6,0,1,12
64,U02,80,Hombre,1,1,4,Hospitalaria,5.6,0,1,12
65,U02,70,Hombre,1,1,3.7,Hospitalaria,5.6,0,0,12
66,U02,55,Hombre,1,0,3.6,Hospitalaria,5.6,0,0,12
67,U02,78,Mujer,0,0,3.7,Hospitalaria,5.6,0,0,12
68,U02,62,Hombre,0,1,2.5,Hospitalaria,5.6,0,1,12
69,U02,70,Hombre,1,1,3.4,Hospitalaria,5.6,0,1,12
70,U02,76,Hombre,0,1,3.9,Hospitalaria,5.6,0,0,12
71,U02,69,Hombre,1,0,3.3,Hospitalaria,5.6,0,0,12
72,U02,61,Hombre,0,0,4.1,Hospitalaria,5.6,0,1,12
73,U03,49,Mujer,0,1,3.1,Hospitalaria,3.8,1,0,12
74,U03,63,Hombre,0,1,3.6,Hospitalaria,3.8,1,0,12
75,U03,48,Hombre,0,0,4.1,Hospitalaria,3.8,1,0,12
76,U03,51,Hombre,0,0,3.5,Hospitalaria,3.8,1,0,12
77,U03,63,Mujer,1,0,3.3,Hospitalaria,3.8,1,1,4
78,U03,34,Mujer,0,1,2.9,Hospitalaria,3.8,1,0,12
79,U03,54,Mujer,0,1,2.5,Hospitalaria,3.8,1,0,12
80,U03,48,Hombre,0,0,3.7,Hospitalaria,3.8,1,0,12
81,U03,69,Hombre,1,1,3.4,Hospitalaria,3.8,1,0,12
82,U03,42,Mujer,0,0,3.4,Hospitalaria,3.8,1,0,12
83,U03,53,Mujer,1,0,3.2,Hospitalaria,3.8,1,1,9
84,U03,36,Mujer,0,1,4,Hospitalaria,3.8,1,0,12
85,U03,36,Hombre,1,1,3.1,Hospitalaria,3.8,1,1,12
86,U03,59,Hombre,0,0,3.2,Hospitalaria,3.8,1,0,10
87,U03,53,Hombre,0,1,4.1,Hospitalaria,3.8,1,1,12
88,U03,58,Hombre,1,1,2.9,Hospitalaria,3.8,1,0,12
89,U03,67,Hombre,0,1,3.8,Hospitalaria,3.8,1,1,12
90,U03,73,Hombre,1,1,3.2,Hospitalaria,3.8,1,0,12
91,U03,48,Mujer,0,0,4.6,Hospitalaria,3.8,1,0,12
92,U03,46,Mujer,1,0,3,Hospitalaria,3.8,1,0,12
93,U03,49,Hombre,0,0,3.8,Hospitalaria,3.8,1,0,12
94,U03,58,Mujer,1,0,3.9,Hospitalaria,3.8,1,0,12
95,U03,45,Hombre,1,0,3.6,Hospitalaria,3.8,1,0,12
96,U03,50,Hombre,1,1,4,Hospitalaria,3.8,1,0,12
97,U03,59,Hombre,1,0,3.7,Hospitalaria,3.8,1,0,9
98,U03,28,Hombre,1,0,3.3,Hospitalaria,3.8,1,0,12
99,U03,43,Hombre,1,1,3.6,Hospitalaria,3.8,1,0,12
100,U03,43,Mujer,0,0,3.5,Hospitalaria,3.8,1,0,12
101,U03,52,Mujer,1,0,3.6,Hospitalaria,3.8,1,0,12
102,U03,57,Hombre,0,0,3.2,Hospitalaria,3.8,1,0,12
103,U03,47,Mujer,0,0,3.6,Hospitalaria,3.8,1,0,12
104,U03,53,Hombre,1,0,2.9,Hospitalaria,3.8,1,1,12
105,U03,47,Hombre,0,0,3.3,Hospitalaria,3.8,1,0,12
106,U03,38,Mujer,0,1,4,Hospitalaria,3.8,1,0,12
107,U03,35,Hombre,0,0,3.8,Hospitalaria,3.8,1,0,12
108,U03,48,Hombre,0,0,3.6,Hospitalaria,3.8,1,0,12
109,U03,66,Hombre,1,1,3.4,Hospitalaria,3.8,1,0,12
110,U03,50,Hombre,0,0,3.5,Hospitalaria,3.8,1,0,12
111,U03,53,Mujer,1,0,2.9,Hospitalaria,3.8,1,1,12
112,U03,68,Hombre,0,1,3.2,Hospitalaria,3.8,1,1,12
113,U03,39,Mujer,0,1,3.2,Hospitalaria,3.8,1,0,12
114,U03,51,Hombre,1,1,3.2,Hospitalaria,3.8,1,0,12
115,U03,43,Hombre,0,1,3.1,Hospitalaria,3.8,1,0,12
116,U03,45,Mujer,0,0,3.9,Hospitalaria,3.8,1,0,12
117,U03,61,Hombre,0,0,3.1,Hospitalaria,3.8,1,0,12
118,U03,65,Hombre,0,0,3.7,Hospitalaria,3.8,1,0,12
119,U03,53,Hombre,0,0,3.9,Hospitalaria,3.8,1,0,12
120,U03,47,Hombre,1,1,3.6,Hospitalaria,3.8,1,0,12
121,U03,64,Mujer,1,1,3.2,Hospitalaria,3.8,1,1,12
122,U03,52,Mujer,1,0,3.8,Hospitalaria,3.8,1,0,12
123,U04,71,Mujer,0,1,4,Extrahospitalaria,5.8,1,0,12
124,U04,63,Hombre,0,0,3.3,Extrahospitalaria,5.8,1,0,12
125,U04,66,Mujer,0,1,3.1,Extrahospitalaria,5.8,1,1,12
126,U04,59,Mujer,0,0,3.8,Extrahospitalaria,5.8,1,0,12
127,U04,81,Hombre,0,1,3.2,Extrahospitalaria,5.8,1,0,12
128,U04,61,Hombre,0,1,3.3,Extrahospitalaria,5.8,1,0,12
129,U04,61,Hombre,1,0,3.7,Extrahospitalaria,5.8,1,1,12
130,U04,51,Mujer,0,1,3.3,Extrahospitalaria,5.8,1,0,12
131,U04,55,Mujer,0,1,3.6,Extrahospitalaria,5.8,1,0,12
132,U04,60,Hombre,0,0,3.9,Extrahospitalaria,5.8,1,0,12
133,U04,67,Mujer,1,0,3.7,Extrahospitalaria,5.8,1,1,12
134,U04,62,Hombre,1,0,3.9,Extrahospitalaria,5.8,1,1,12
135,U04,39,Mujer,0,0,3.6,Extrahospitalaria,5.8,1,0,12
136,U04,75,Mujer,0,0,4,Extrahospitalaria,5.8,1,0,12
137,U04,55,Hombre,0,1,3.9,Extrahospitalaria,5.8,1,0,12
138,U04,59,Mujer,1,0,4,Extrahospitalaria,5.8,1,0,12
139,U04,66,Mujer,0,1,3.7,Extrahospitalaria,5.8,1,1,12
140,U04,45,Mujer,0,1,3.3,Extrahospitalaria,5.8,1,1,12
141,U04,51,Hombre,0,0,3.9,Extrahospitalaria,5.8,1,1,12
142,U04,49,Mujer,0,0,3.9,Extrahospitalaria,5.8,1,0,12
143,U04,47,Mujer,0,0,3.9,Extrahospitalaria,5.8,1,0,12
144,U04,75,Hombre,0,0,3.6,Extrahospitalaria,5.8,1,1,12
145,U04,67,Hombre,0,0,3.2,Extrahospitalaria,5.8,1,0,12
146,U04,62,Mujer,0,0,3.6,Extrahospitalaria,5.8,1,0,12
147,U04,53,Hombre,1,0,3.8,Extrahospitalaria,5.8,1,0,12
148,U04,64,Hombre,1,0,3.4,Extrahospitalaria,5.8,1,0,12
149,U04,52,Hombre,1,0,3.3,Extrahospitalaria,5.8,1,1,12
150,U04,80,Hombre,0,1,3.3,Extrahospitalaria,5.8,1,1,12
151,U04,68,Hombre,0,0,3.3,Extrahospitalaria,5.8,1,1,12
152,U04,66,Hombre,0,0,3.7,Extrahospitalaria,5.8,1,0,12
153,U04,47,Mujer,0,1,3.5,Extrahospitalaria,5.8,1,1,12
154,U04,48,Hombre,0,1,3.8,Extrahospitalaria,5.8,1,1,12
155,U04,60,Mujer,0,0,3.5,Extrahospitalaria,5.8,1,1,12
156,U04,45,Mujer,1,0,4.3,Extrahospitalaria,5.8,1,0,12
157,U04,75,Hombre,1,1,3.5,Extrahospitalaria,5.8,1,1,12
158,U04,46,Mujer,0,1,3.5,Extrahospitalaria,5.8,1,1,12
159,U04,52,Hombre,1,0,3.8,Extrahospitalaria,5.8,1,1,12
160,U04,62,Hombre,1,0,3.3,Extrahospitalaria,5.8,1,0,5
161,U04,44,Hombre,0,1,3.3,Extrahospitalaria,5.8,1,0,6
162,U04,73,Hombre,1,0,3,Extrahospitalaria,5.8,1,1,12
163,U04,53,Mujer,0,0,4.2,Extrahospitalaria,5.8,1,0,12
164,U04,62,Mujer,0,0,3.7,Extrahospitalaria,5.8,1,1,12
165,U04,48,Hombre,0,1,3.3,Extrahospitalaria,5.8,1,1,12
166,U04,52,Hombre,1,0,3.8,Extrahospitalaria,5.8,1,1,12
167,U04,67,Mujer,1,1,3.3,Extrahospitalaria,5.8,1,1,12
168,U04,56,Hombre,1,0,3.7,Extrahospitalaria,5.8,1,0,12
169,U04,64,Hombre,0,0,3.5,Extrahospitalaria,5.8,1,1,12
170,U04,41,Mujer,0,0,3.6,Extrahospitalaria,5.8,1,0,12
171,U04,61,Hombre,0,0,3.4,Extrahospitalaria,5.8,1,1,12
172,U04,77,Hombre,0,0,4,Extrahospitalaria,5.8,1,1,12
173,U04,54,Mujer,0,1,3.5,Extrahospitalaria,5.8,1,1,12
174,U04,63,Hombre,1,0,4.3,Extrahospitalaria,5.8,1,0,12
175,U04,52,Mujer,0,0,2.5,Extrahospitalaria,5.8,1,1,12
176,U04,64,Hombre,0,1,2.5,Extrahospitalaria,5.8,1,1,12
177,U04,51,Hombre,0,0,3.8,Extrahospitalaria,5.8,1,1,12
178,U04,55,Mujer,0,0,4.4,Extrahospitalaria,5.8,1,0,12
179,U04,53,Mujer,1,0,3.2,Extrahospitalaria,5.8,1,1,12
180,U04,68,Hombre,0,0,3.5,Extrahospitalaria,5.8,1,1,12
181,U05,75,Hombre,1,1,3.2,Hospitalaria,4.4,0,0,12
182,U05,59,Mujer,0,0,3.4,Hospitalaria,4.4,0,0,7
183,U05,64,Mujer,0,0,3.6,Hospitalaria,4.4,0,0,12
184,U05,67,Hombre,1,0,3.3,Hospitalaria,4.4,0,1,12
185,U05,57,Mujer,0,0,3.3,Hospitalaria,4.4,0,1,12
186,U05,71,Hombre,0,0,4,Hospitalaria,4.4,0,0,12
187,U05,50,Hombre,1,1,3.6,Hospitalaria,4.4,0,0,12
188,U05,70,Hombre,0,0,3.4,Hospitalaria,4.4,0,0,12
189,U05,64,Mujer,0,0,3.5,Hospitalaria,4.4,0,0,12
190,U05,61,Hombre,1,0,3.6,Hospitalaria,4.4,0,0,12
191,U05,69,Hombre,0,0,4.2,Hospitalaria,4.4,0,0,12
192,U05,54,Hombre,0,1,3.3,Hospitalaria,4.4,0,1,12
193,U05,65,Hombre,1,0,3.1,Hospitalaria,4.4,0,1,12
194,U05,49,Hombre,0,0,3.5,Hospitalaria,4.4,0,1,12
195,U05,52,Mujer,0,0,4,Hospitalaria,4.4,0,0,12
196,U05,82,Mujer,0,1,3.3,Hospitalaria,4.4,0,1,12
197,U05,69,Hombre,1,0,4.1,Hospitalaria,4.4,0,0,12
198,U05,77,Hombre,1,0,3.1,Hospitalaria,4.4,0,0,12
199,U05,75,Mujer,0,0,3.5,Hospitalaria,4.4,0,1,12
200,U05,59,Mujer,0,0,3.2,Hospitalaria,4.4,0,1,12
201,U05,61,Hombre,1,1,2.3,Hospitalaria,4.4,0,1,12
202,U05,48,Hombre,0,1,3.6,Hospitalaria,4.4,0,1,12
203,U05,65,Hombre,1,0,3.8,Hospitalaria,4.4,0,0,12
204,U05,73,Mujer,0,0,3.4,Hospitalaria,4.4,0,1,12
205,U05,80,Mujer,1,1,3.1,Hospitalaria,4.4,0,0,7
206,U06,92,Hombre,1,1,2.5,Hospitalaria,4.5,1,0,12
207,U06,64,Hombre,1,0,3.6,Hospitalaria,4.5,1,0,12
208,U06,81,Hombre,1,1,3.7,Hospitalaria,4.5,1,1,12
209,U06,91,Mujer,1,0,3.8,Hospitalaria,4.5,1,1,12
210,U06,76,Hombre,1,0,4.1,Hospitalaria,4.5,1,0,5
211,U06,82,Hombre,0,1,4.5,Hospitalaria,4.5,1,0,12
212,U06,77,Hombre,1,1,3.1,Hospitalaria,4.5,1,0,12
213,U06,68,Hombre,0,0,3.6,Hospitalaria,4.5,1,0,12
214,U06,84,Hombre,1,1,3.6,Hospitalaria,4.5,1,0,12
215,U06,80,Hombre,0,0,3.4,Hospitalaria,4.5,1,0,12
216,U06,92,Hombre,0,0,3.6,Hospitalaria,4.5,1,0,12
217,U06,61,Hombre,1,1,3.3,Hospitalaria,4.5,1,0,12
218,U06,71,Hombre,0,0,2.7,Hospitalaria,4.5,1,0,12
219,U06,88,Hombre,1,0,2.9,Hospitalaria,4.5,1,0,12
220,U06,68,Mujer,0,0,3.8,Hospitalaria,4.5,1,0,12
221,U06,73,Hombre,1,0,3.5,Hospitalaria,4.5,1,0,11
222,U06,68,Hombre,0,0,4.3,Hospitalaria,4.5,1,0,12
223,U06,78,Hombre,1,1,2.8,Hospitalaria,4.5,1,0,12
224,U06,66,Mujer,1,1,3.8,Hospitalaria,4.5,1,0,12
225,U06,77,Hombre,0,0,3.6,Hospitalaria,4.5,1,0,12
226,U06,88,Mujer,1,0,3.3,Hospitalaria,4.5,1,0,12
227,U06,66,Hombre,0,0,3.6,Hospitalaria,4.5,1,0,12
228,U06,60,Hombre,0,0,4.1,Hospitalaria,4.5,1,0,12
229,U06,74,Hombre,0,1,3.4,Hospitalaria,4.5,1,0,12
230,U06,77,Hombre,1,0,3.3,Hospitalaria,4.5,1,0,12
231,U06,74,Hombre,0,1,3.4,Hospitalaria,4.5,1,1,12
232,U06,82,Hombre,1,1,3.1,Hospitalaria,4.5,1,0,12
233,U06,55,Mujer,0,1,3.9,Hospitalaria,4.5,1,0,12
234,U06,64,Hombre,1,1,3,Hospitalaria,4.5,1,0,12
235,U06,67,Mujer,0,0,4.1,Hospitalaria,4.5,1,0,12
236,U06,87,Mujer,0,0,3.6,Hospitalaria,4.5,1,0,9
237,U06,64,Hombre,1,0,3.7,Hospitalaria,4.5,1,0,12
238,U06,85,Mujer,1,0,3.4,Hospitalaria,4.5,1,0,12
239,U06,73,Hombre,0,1,3,Hospitalaria,4.5,1,0,12
240,U06,65,Hombre,1,1,2.4,Hospitalaria,4.5,1,0,12
241,U06,83,Hombre,1,1,3.6,Hospitalaria,4.5,1,0,12
242,U06,44,Hombre,0,0,3.5,Hospitalaria,4.5,1,0,12
243,U06,66,Hombre,1,1,3.4,Hospitalaria,4.5,1,0,6
244,U06,64,Hombre,1,1,3.6,Hospitalaria,4.5,1,0,12
245,U06,69,Hombre,0,0,3.7,Hospitalaria,4.5,1,0,12
246,U06,85,Mujer,0,0,3.2,Hospitalaria,4.5,1,0,12
247,U06,88,Hombre,0,1,3.3,Hospitalaria,4.5,1,0,12
248,U06,84,Hombre,1,0,3.5,Hospitalaria,4.5,1,0,12
249,U06,66,Hombre,0,1,3.4,Hospitalaria,4.5,1,0,12
250,U06,92,Hombre,1,0,3.5,Hospitalaria,4.5,1,1,12
251,U06,92,Hombre,0,1,3.3,Hospitalaria,4.5,1,0,12
252,U06,79,Hombre,1,0,4.4,Hospitalaria,4.5,1,1,12
253,U06,86,Hombre,1,1,3.1,Hospitalaria,4.5,1,1,12
254,U06,53,Hombre,0,1,3.6,Hospitalaria,4.5,1,0,12
255,U06,85,Hombre,1,0,3.3,Hospitalaria,4.5,1,0,12
256,U06,83,Mujer,0,1,3.9,Hospitalaria,4.5,1,1,12
257,U06,67,Mujer,0,0,4.3,Hospitalaria,4.5,1,0,12
258,U06,79,Mujer,1,0,3.6,Hospitalaria,4.5,1,1,12
259,U07,48,Hombre,1,0,3.6,Extrahospitalaria,3.7,0,0,12
260,U07,54,Mujer,1,0,3.3,Extrahospitalaria,3.7,0,0,12
261,U07,72,Mujer,1,0,3,Extrahospitalaria,3.7,0,1,12
262,U07,71,Hombre,0,0,3.5,Extrahospitalaria,3.7,0,0,12
263,U07,65,Mujer,1,0,3.3,Extrahospitalaria,3.7,0,1,12
264,U07,74,Hombre,0,1,4,Extrahospitalaria,3.7,0,1,12
265,U07,38,Hombre,0,1,3.5,Extrahospitalaria,3.7,0,0,12
266,U07,63,Mujer,1,0,3.7,Extrahospitalaria,3.7,0,1,12
267,U07,65,Hombre,1,1,3.1,Extrahospitalaria,3.7,0,1,12
268,U07,49,Mujer,0,1,3.8,Extrahospitalaria,3.7,0,1,12
269,U07,51,Hombre,0,0,4.2,Extrahospitalaria,3.7,0,0,12
270,U07,56,Hombre,0,1,2.9,Extrahospitalaria,3.7,0,1,12
271,U07,52,Hombre,0,1,3.6,Extrahospitalaria,3.7,0,0,12
272,U07,60,Hombre,0,0,4.1,Extrahospitalaria,3.7,0,0,12
273,U07,47,Mujer,0,0,2.9,Extrahospitalaria,3.7,0,0,12
274,U07,48,Mujer,0,0,3.4,Extrahospitalaria,3.7,0,0,12
275,U07,79,Hombre,1,0,3.8,Extrahospitalaria,3.7,0,0,12
276,U07,79,Hombre,0,0,4,Extrahospitalaria,3.7,0,0,12
277,U07,62,Mujer,1,0,3.3,Extrahospitalaria,3.7,0,0,12
278,U07,62,Hombre,1,0,3.9,Extrahospitalaria,3.7,0,0,12
279,U07,65,Hombre,1,0,3.3,Extrahospitalaria,3.7,0,0,12
280,U07,53,Hombre,0,0,3.5,Extrahospitalaria,3.7,0,1,12
281,U07,74,Mujer,0,1,3.3,Extrahospitalaria,3.7,0,1,12
282,U07,71,Mujer,1,0,4,Extrahospitalaria,3.7,0,0,12
283,U07,64,Mujer,1,1,3.1,Extrahospitalaria,3.7,0,0,12
284,U07,55,Mujer,1,1,3.5,Extrahospitalaria,3.7,0,0,12
285,U07,55,Hombre,0,1,3.6,Extrahospitalaria,3.7,0,1,12
286,U07,77,Mujer,1,0,3.9,Extrahospitalaria,3.7,0,0,12
287,U07,54,Mujer,0,0,3.2,Extrahospitalaria,3.7,0,0,12
288,U07,53,Hombre,0,0,4.8,Extrahospitalaria,3.7,0,1,12
289,U07,79,Mujer,1,1,3,Extrahospitalaria,3.7,0,1,12
290,U07,70,Hombre,0,0,3.7,Extrahospitalaria,3.7,0,0,12
291,U07,51,Mujer,1,1,2.9,Extrahospitalaria,3.7,0,0,12
292,U07,79,Hombre,1,0,3.5,Extrahospitalaria,3.7,0,0,12
293,U07,37,Mujer,0,0,3.9,Extrahospitalaria,3.7,0,0,12
294,U07,76,Mujer,0,0,3.1,Extrahospitalaria,3.7,0,0,12
295,U07,64,Mujer,0,1,2.6,Extrahospitalaria,3.7,0,0,12
296,U07,53,Hombre,0,0,3.3,Extrahospitalaria,3.7,0,0,12
297,U07,67,Hombre,0,0,3.7,Extrahospitalaria,3.7,0,0,12
298,U07,66,Mujer,1,0,4,Extrahospitalaria,3.7,0,0,12
299,U07,62,Mujer,1,0,3.2,Extrahospitalaria,3.7,0,1,12
300,U08,51,Hombre,1,1,3.5,Hospitalaria,4.5,0,0,12
301,U08,55,Mujer,0,1,3.9,Hospitalaria,4.5,0,0,12
302,U08,79,Mujer,1,0,4.2,Hospitalaria,4.5,0,0,12
303,U08,92,Hombre,1,0,3.5,Hospitalaria,4.5,0,1,12
304,U08,60,Mujer,1,0,4.4,Hospitalaria,4.5,0,1,12
305,U08,48,Hombre,0,0,4,Hospitalaria,4.5,0,0,12
306,U08,56,Mujer,0,0,3.3,Hospitalaria,4.5,0,0,12
307,U08,55,Hombre,0,0,3.5,Hospitalaria,4.5,0,0,12
308,U08,72,Mujer,0,1,3.6,Hospitalaria,4.5,0,0,12
309,U08,75,Mujer,0,0,4.4,Hospitalaria,4.5,0,0,9
310,U08,53,Hombre,1,0,2.9,Hospitalaria,4.5,0,0,12
311,U08,71,Mujer,0,1,3.2,Hospitalaria,4.5,0,0,12
312,U08,71,Mujer,0,0,4.8,Hospitalaria,4.5,0,0,12
313,U08,67,Hombre,0,0,3.7,Hospitalaria,4.5,0,1,12
314,U08,78,Hombre,0,1,3.5,Hospitalaria,4.5,0,1,12
315,U08,75,Mujer,0,1,2.9,Hospitalaria,4.5,0,0,12
316,U08,76,Mujer,0,1,3,Hospitalaria,4.5,0,0,12
317,U08,62,Mujer,1,0,3.2,Hospitalaria,4.5,0,0,12
318,U08,68,Hombre,0,0,4.3,Hospitalaria,4.5,0,0,12
319,U08,60,Hombre,0,0,3.2,Hospitalaria,4.5,0,0,12
320,U08,79,Hombre,1,0,3.5,Hospitalaria,4.5,0,0,12
321,U08,62,Mujer,1,0,3.8,Hospitalaria,4.5,0,0,12
322,U08,58,Hombre,1,0,3.8,Hospitalaria,4.5,0,1,12
323,U08,42,Mujer,1,1,3.2,Hospitalaria,4.5,0,0,12
324,U08,79,Mujer,1,1,4.1,Hospitalaria,4.5,0,0,12
325,U08,71,Hombre,0,0,2.9,Hospitalaria,4.5,0,0,12
326,U08,54,Hombre,0,1,3.3,Hospitalaria,4.5,0,0,12
327,U08,62,Hombre,1,0,3.7,Hospitalaria,4.5,0,0,12
328,U08,74,Hombre,0,1,3.7,Hospitalaria,4.5,0,0,8
329,U09,45,Hombre,0,1,3.5,Hospitalaria,4.3,1,0,12
330,U09,64,Hombre,0,1,2.6,Hospitalaria,4.3,1,0,12
331,U09,59,Hombre,1,0,3.5,Hospitalaria,4.3,1,1,12
332,U09,59,Hombre,0,1,3.7,Hospitalaria,4.3,1,0,12
333,U09,62,Hombre,1,0,3.1,Hospitalaria,4.3,1,0,12
334,U09,55,Mujer,0,0,3,Hospitalaria,4.3,1,0,12
335,U09,57,Mujer,0,1,3,Hospitalaria,4.3,1,0,12
336,U09,63,Hombre,1,1,3.5,Hospitalaria,4.3,1,1,12
337,U09,58,Hombre,0,0,4,Hospitalaria,4.3,1,1,12
338,U09,62,Hombre,1,1,3.7,Hospitalaria,4.3,1,1,12
339,U09,74,Hombre,1,1,3.5,Hospitalaria,4.3,1,1,12
340,U09,61,Mujer,0,1,3.6,Hospitalaria,4.3,1,0,12
341,U09,57,Hombre,0,1,3.8,Hospitalaria,4.3,1,0,12
342,U09,77,Mujer,0,0,3.3,Hospitalaria,4.3,1,0,12
343,U09,68,Hombre,0,0,3,Hospitalaria,4.3,1,0,12
344,U09,59,Hombre,0,0,3.2,Hospitalaria,4.3,1,0,12
345,U09,55,Mujer,1,0,3.5,Hospitalaria,4.3,1,1,12
346,U09,44,Hombre,1,1,3.7,Hospitalaria,4.3,1,0,12
347,U09,55,Mujer,0,1,2.7,Hospitalaria,4.3,1,1,12
348,U09,76,Mujer,0,0,3.9,Hospitalaria,4.3,1,0,12
349,U09,68,Hombre,1,0,3.7,Hospitalaria,4.3,1,0,12
350,U09,57,Hombre,0,0,3.9,Hospitalaria,4.3,1,0,12
351,U09,91,Mujer,0,1,4.7,Hospitalaria,4.3,1,0,12
352,U09,74,Mujer,1,0,3.5,Hospitalaria,4.3,1,0,12
353,U09,66,Mujer,1,1,3.2,Hospitalaria,4.3,1,1,12
354,U09,53,Mujer,1,0,3.2,Hospitalaria,4.3,1,0,12
355,U09,73,Mujer,1,0,2.9,Hospitalaria,4.3,1,0,12
356,U09,55,Hombre,0,0,3.9,Hospitalaria,4.3,1,0,12
357,U09,65,Mujer,0,0,3.4,Hospitalaria,4.3,1,0,12
358,U09,60,Hombre,1,0,3.4,Hospitalaria,4.3,1,1,12
359,U09,82,Hombre,1,1,3.7,Hospitalaria,4.3,1,0,11
360,U09,72,Mujer,0,0,3,Hospitalaria,4.3,1,0,12
361,U10,55,Mujer,1,0,3.9,Hospitalaria,3.6,0,0,7
362,U10,74,Mujer,1,0,3.1,Hospitalaria,3.6,0,0,12
363,U10,70,Mujer,0,0,3.8,Hospitalaria,3.6,0,1,11
364,U10,43,Hombre,0,0,4.2,Hospitalaria,3.6,0,1,12
365,U10,57,Mujer,1,1,3.3,Hospitalaria,3.6,0,1,12
366,U10,50,Mujer,0,1,3.4,Hospitalaria,3.6,0,1,12
367,U10,67,Hombre,1,0,3.5,Hospitalaria,3.6,0,1,12
368,U10,46,Mujer,0,0,4.8,Hospitalaria,3.6,0,0,12
369,U10,56,Mujer,0,1,3.9,Hospitalaria,3.6,0,1,12
370,U10,55,Hombre,0,1,4,Hospitalaria,3.6,0,1,12
371,U10,58,Mujer,0,0,3.4,Hospitalaria,3.6,0,1,12
372,U10,41,Mujer,1,1,3,Hospitalaria,3.6,0,0,12
373,U10,63,Hombre,1,0,3.8,Hospitalaria,3.6,0,1,12
374,U10,67,Hombre,1,1,3.2,Hospitalaria,3.6,0,1,12
375,U10,48,Hombre,0,0,3.1,Hospitalaria,3.6,0,1,12
376,U10,68,Hombre,1,0,3.3,Hospitalaria,3.6,0,0,12
377,U10,70,Mujer,0,0,4.1,Hospitalaria,3.6,0,0,12
378,U10,65,Hombre,1,0,3.2,Hospitalaria,3.6,0,1,12
379,U10,35,Hombre,0,1,3.4,Hospitalaria,3.6,0,0,12
380,U10,56,Hombre,1,0,3.3,Hospitalaria,3.6,0,1,12
381,U10,72,Hombre,0,0,3.2,Hospitalaria,3.6,0,0,12
382,U10,42,Mujer,0,0,3.4,Hospitalaria,3.6,0,0,12
383,U10,55,Hombre,0,0,3.7,Hospitalaria,3.6,0,0,12
384,U10,76,Mujer,1,0,3.3,Hospitalaria,3.6,0,1,12
385,U10,71,Hombre,0,1,3.9,Hospitalaria,3.6,0,0,12
386,U10,84,Hombre,0,0,2.7,Hospitalaria,3.6,0,1,12
387,U10,63,Hombre,1,0,4,Hospitalaria,3.6,0,1,10
388,U10,53,Mujer,1,1,3.5,Hospitalaria,3.6,0,1,12
389,U10,59,Mujer,1,0,3.6,Hospitalaria,3.6,0,0,12
390,U10,45,Mujer,0,1,3.6,Hospitalaria,3.6,0,0,12
391,U10,55,Mujer,1,0,3.5,Hospitalaria,3.6,0,0,12
392,U10,58,Hombre,0,0,3.2,Hospitalaria,3.6,0,0,12
393,U10,58,Hombre,0,0,4.5,Hospitalaria,3.6,0,0,12
394,U10,51,Hombre,0,0,3.3,Hospitalaria,3.6,0,0,12
395,U10,65,Hombre,0,0,3.5,Hospitalaria,3.6,0,0,12
396,U10,76,Hombre,0,0,4,Hospitalaria,3.6,0,1,12
397,U10,57,Hombre,0,0,3.9,Hospitalaria,3.6,0,1,12
398,U10,75,Hombre,1,1,3.3,Hospitalaria,3.6,0,1,12
399,U10,34,Mujer,0,0,4.1,Hospitalaria,3.6,0,0,12
400,U10,52,Hombre,1,1,3.7,Hospitalaria,3.6,0,1,12
401,U10,66,Mujer,1,0,3.3,Hospitalaria,3.6,0,1,12
402,U10,88,Hombre,1,0,3.5,Hospitalaria,3.6,0,1,5
403,U10,64,Hombre,1,1,3.8,Hospitalaria,3.6,0,1,12
404,U10,76,Hombre,0,0,2.9,Hospitalaria,3.6,0,0,12
405,U10,65,Mujer,1,0,3.4,Hospitalaria,3.6,0,1,10
406,U10,64,Hombre,1,1,3.2,Hospitalaria,3.6,0,1,12
407,U10,79,Hombre,0,1,4,Hospitalaria,3.6,0,0,12
408,U10,65,Hombre,0,0,3.8,Hospitalaria,3.6,0,0,12
409,U10,53,Hombre,0,0,3.1,Hospitalaria,3.6,0,0,12
410,U10,75,Mujer,0,1,3.4,Hospitalaria,3.6,0,0,12
411,U10,53,Mujer,1,0,3.6,Hospitalaria,3.6,0,1,12
412,U10,65,Hombre,1,0,3.6,Hospitalaria,3.6,0,0,12
413,U10,69,Hombre,0,0,4.4,Hospitalaria,3.6,0,0,12
414,U10,72,Mujer,0,0,3.4,Hospitalaria,3.6,0,0,12
415,U10,73,Hombre,1,0,3.2,Hospitalaria,3.6,0,1,11
416,U10,52,Hombre,0,0,4,Hospitalaria,3.6,0,0,12
417,U10,41,Mujer,0,0,3.8,Hospitalaria,3.6,0,1,12
418,U10,43,Mujer,1,0,3.7,Hospitalaria,3.6,0,0,12
419,U11,54,Hombre,0,0,3.3,Extrahospitalaria,4.1,1,0,12
420,U11,74,Hombre,0,0,3.4,Extrahospitalaria,4.1,1,1,12
421,U11,74,Mujer,0,0,4,Extrahospitalaria,4.1,1,1,12
422,U11,69,Hombre,1,0,4.3,Extrahospitalaria,4.1,1,0,12
423,U11,75,Hombre,0,1,3.6,Extrahospitalaria,4.1,1,0,12
424,U11,81,Mujer,1,0,3.6,Extrahospitalaria,4.1,1,0,12
425,U11,74,Hombre,1,1,3.1,Extrahospitalaria,4.1,1,1,12
426,U11,72,Hombre,0,0,3.6,Extrahospitalaria,4.1,1,0,12
427,U11,76,Hombre,0,1,3.1,Extrahospitalaria,4.1,1,0,12
428,U11,49,Mujer,1,1,3.2,Extrahospitalaria,4.1,1,0,12
429,U11,68,Mujer,1,1,3.4,Extrahospitalaria,4.1,1,1,9
430,U11,48,Mujer,1,1,4,Extrahospitalaria,4.1,1,0,10
431,U11,61,Mujer,1,1,3.2,Extrahospitalaria,4.1,1,1,12
432,U11,56,Mujer,1,1,3.7,Extrahospitalaria,4.1,1,0,12
433,U11,81,Mujer,0,0,3.8,Extrahospitalaria,4.1,1,0,12
434,U11,47,Mujer,0,1,4,Extrahospitalaria,4.1,1,0,12
435,U11,62,Hombre,0,0,3.4,Extrahospitalaria,4.1,1,0,12
436,U11,88,Mujer,1,0,4,Extrahospitalaria,4.1,1,0,12
437,U11,50,Mujer,0,0,3.8,Extrahospitalaria,4.1,1,0,12
438,U11,67,Hombre,1,0,3.2,Extrahospitalaria,4.1,1,0,12
439,U11,60,Mujer,0,1,3,Extrahospitalaria,4.1,1,1,12
440,U11,72,Hombre,1,0,3.1,Extrahospitalaria,4.1,1,0,12
441,U11,78,Hombre,0,0,3.6,Extrahospitalaria,4.1,1,0,12
442,U11,60,Mujer,1,0,3.6,Extrahospitalaria,4.1,1,1,12
443,U11,71,Mujer,0,1,3.3,Extrahospitalaria,4.1,1,1,12
444,U11,64,Hombre,1,0,3.5,Extrahospitalaria,4.1,1,0,12
445,U11,69,Mujer,0,0,4.2,Extrahospitalaria,4.1,1,0,12
446,U12,62,Mujer,1,1,2.6,Hospitalaria,5.1,1,0,7
447,U12,81,Mujer,1,0,2.2,Hospitalaria,5.1,1,1,12
448,U12,53,Hombre,1,0,4,Hospitalaria,5.1,1,0,12
449,U12,76,Hombre,0,1,2.8,Hospitalaria,5.1,1,1,12
450,U12,87,Hombre,1,0,2.8,Hospitalaria,5.1,1,0,5
451,U12,61,Mujer,1,1,2.9,Hospitalaria,5.1,1,1,12
452,U12,59,Hombre,0,0,3.6,Hospitalaria,5.1,1,0,12
453,U12,58,Hombre,1,0,3.2,Hospitalaria,5.1,1,0,12
454,U12,70,Mujer,0,1,3.6,Hospitalaria,5.1,1,0,12
455,U12,50,Mujer,0,0,3.7,Hospitalaria,5.1,1,0,12
456,U12,62,Hombre,1,1,3.2,Hospitalaria,5.1,1,0,12
457,U12,81,Hombre,1,1,3.4,Hospitalaria,5.1,1,0,12
458,U12,78,Mujer,0,0,4,Hospitalaria,5.1,1,0,12
459,U12,51,Hombre,1,0,3.8,Hospitalaria,5.1,1,0,12
460,U12,65,Hombre,0,0,3.3,Hospitalaria,5.1,1,1,12
461,U12,67,Hombre,0,0,4.6,Hospitalaria,5.1,1,0,12
462,U12,52,Hombre,0,1,3,Hospitalaria,5.1,1,0,12
463,U12,49,Hombre,0,1,3,Hospitalaria,5.1,1,0,12
464,U12,42,Mujer,1,0,3.7,Hospitalaria,5.1,1,0,12
465,U12,51,Mujer,1,1,3,Hospitalaria,5.1,1,1,12
466,U12,60,Hombre,0,0,3.4,Hospitalaria,5.1,1,0,12
467,U12,74,Hombre,0,0,3.8,Hospitalaria,5.1,1,0,7
468,U12,57,Mujer,0,0,3.7,Hospitalaria,5.1,1,0,12
469,U12,77,Mujer,1,1,3.8,Hospitalaria,5.1,1,0,8
470,U12,52,Hombre,1,1,3.4,Hospitalaria,5.1,1,0,12
471,U12,62,Hombre,1,0,4,Hospitalaria,5.1,1,0,12
472,U12,50,Hombre,0,0,3.2,Hospitalaria,5.1,1,0,12
473,U12,91,Hombre,1,1,3.1,Hospitalaria,5.1,1,0,12
474,U12,54,Mujer,1,0,4.1,Hospitalaria,5.1,1,0,12
475,U12,53,Hombre,0,0,3.4,Hospitalaria,5.1,1,0,12
476,U12,53,Hombre,0,0,3.1,Hospitalaria,5.1,1,0,12
477,U12,66,Hombre,1,0,3.2,Hospitalaria,5.1,1,0,12
478,U12,51,Mujer,1,0,3.7,Hospitalaria,5.1,1,0,12
479,U12,61,Hombre,0,1,3.4,Hospitalaria,5.1,1,1,12
480,U12,66,Hombre,1,0,3.5,Hospitalaria,5.1,1,0,12
481,U12,60,Hombre,0,0,3.8,Hospitalaria,5.1,1,0,12
482,U12,63,Mujer,1,1,3.1,Hospitalaria,5.1,1,0,12
483,U12,48,Hombre,1,0,3.7,Hospitalaria,5.1,1,0,12
484,U12,65,Mujer,1,1,3.5,Hospitalaria,5.1,1,0,12
485,U13,73,Mujer,1,0,4.8,Extrahospitalaria,4.9,1,0,12
486,U13,86,Hombre,0,1,4,Extrahospitalaria,4.9,1,0,12
487,U13,64,Hombre,1,1,3.5,Extrahospitalaria,4.9,1,1,12
488,U13,86,Hombre,0,0,4,Extrahospitalaria,4.9,1,0,12
489,U13,68,Hombre,0,0,3.7,Extrahospitalaria,4.9,1,0,12
490,U13,62,Hombre,0,0,3,Extrahospitalaria,4.9,1,0,12
491,U13,63,Mujer,1,1,2.9,Extrahospitalaria,4.9,1,0,9
492,U13,59,Hombre,0,1,3.5,Extrahospitalaria,4.9,1,0,12
493,U13,68,Mujer,0,0,3.7,Extrahospitalaria,4.9,1,0,12
494,U13,69,Mujer,1,0,3.7,Extrahospitalaria,4.9,1,0,12
495,U13,69,Mujer,0,0,3.9,Extrahospitalaria,4.9,1,0,12
496,U13,57,Hombre,0,1,3.3,Extrahospitalaria,4.9,1,0,12
497,U13,60,Hombre,0,1,2.9,Extrahospitalaria,4.9,1,0,12
498,U13,74,Hombre,1,0,3.7,Extrahospitalaria,4.9,1,1,12
499,U13,76,Mujer,0,1,3.8,Extrahospitalaria,4.9,1,0,12
500,U13,70,Hombre,0,1,3.2,Extrahospitalaria,4.9,1,0,12
501,U13,61,Mujer,0,0,3.9,Extrahospitalaria,4.9,1,0,12
502,U13,84,Mujer,1,0,3.4,Extrahospitalaria,4.9,1,0,12
503,U13,73,Mujer,0,0,3.2,Extrahospitalaria,4.9,1,0,12
504,U13,77,Mujer,1,0,3.3,Extrahospitalaria,4.9,1,0,12
505,U13,63,Mujer,1,0,3.2,Extrahospitalaria,4.9,1,0,12
506,U13,56,Mujer,1,0,4.2,Extrahospitalaria,4.9,1,0,12
507,U13,64,Hombre,1,0,3.3,Extrahospitalaria,4.9,1,1,12
508,U13,78,Hombre,1,1,2.3,Extrahospitalaria,4.9,1,1,12
509,U13,44,Hombre,0,0,3.8,Extrahospitalaria,4.9,1,1,12
510,U13,68,Hombre,0,0,3.1,Extrahospitalaria,4.9,1,0,12
511,U13,62,Hombre,0,0,3.7,Extrahospitalaria,4.9,1,0,12
512,U13,71,Hombre,1,1,2.8,Extrahospitalaria,4.9,1,0,12
513,U14,43,Mujer,0,1,3.9,Extrahospitalaria,3.8,0,0,12
514,U14,49,Hombre,1,0,2.9,Extrahospitalaria,3.8,0,1,12
515,U14,66,Mujer,0,1,3.5,Extrahospitalaria,3.8,0,0,12
516,U14,62,Hombre,1,1,3.9,Extrahospitalaria,3.8,0,0,12
517,U14,44,Hombre,0,0,3,Extrahospitalaria,3.8,0,0,12
518,U14,62,Hombre,0,0,3.5,Extrahospitalaria,3.8,0,0,11
519,U14,62,Hombre,1,1,2.9,Extrahospitalaria,3.8,0,0,12
520,U14,49,Hombre,0,0,3.8,Extrahospitalaria,3.8,0,0,12
521,U14,58,Hombre,0,0,3.7,Extrahospitalaria,3.8,0,0,12
522,U14,61,Hombre,0,0,3.5,Extrahospitalaria,3.8,0,0,12
523,U14,44,Hombre,0,0,3.9,Extrahospitalaria,3.8,0,0,12
524,U14,43,Hombre,1,0,3.4,Extrahospitalaria,3.8,0,1,12
525,U14,53,Hombre,1,0,3.4,Extrahospitalaria,3.8,0,0,12
526,U14,51,Hombre,1,0,3.6,Extrahospitalaria,3.8,0,0,12
527,U14,62,Hombre,0,0,3.1,Extrahospitalaria,3.8,0,0,12
528,U14,68,Hombre,0,0,3.5,Extrahospitalaria,3.8,0,1,12
529,U14,62,Mujer,0,1,3.7,Extrahospitalaria,3.8,0,0,12
530,U14,40,Hombre,0,0,3.2,Extrahospitalaria,3.8,0,0,12
531,U14,57,Hombre,0,0,4.2,Extrahospitalaria,3.8,0,0,12
532,U14,62,Mujer,0,1,3.5,Extrahospitalaria,3.8,0,0,12
533,U14,70,Hombre,1,0,3.6,Extrahospitalaria,3.8,0,0,12
534,U14,76,Hombre,1,0,3.3,Extrahospitalaria,3.8,0,1,12
535,U14,36,Hombre,0,0,4.5,Extrahospitalaria,3.8,0,0,12
536,U14,32,Mujer,0,1,2.9,Extrahospitalaria,3.8,0,1,12
537,U14,48,Hombre,0,1,3.4,Extrahospitalaria,3.8,0,0,12
538,U14,77,Hombre,0,0,3.2,Extrahospitalaria,3.8,0,0,12
539,U14,47,Hombre,1,0,3.4,Extrahospitalaria,3.8,0,0,12
540,U14,75,Hombre,0,0,4,Extrahospitalaria,3.8,0,0,12
541,U14,75,Mujer,0,0,3.7,Extrahospitalaria,3.8,0,0,12
542,U14,51,Hombre,0,1,3.3,Extrahospitalaria,3.8,0,0,12
543,U14,60,Hombre,0,0,3.8,Extrahospitalaria,3.8,0,0,12
544,U14,52,Hombre,1,0,3.6,Extrahospitalaria,3.8,0,0,12
545,U14,68,Mujer,0,0,3.4,Extrahospitalaria,3.8,0,0,12
546,U14,48,Mujer,0,0,2.8,Extrahospitalaria,3.8,0,0,12
547,U14,65,Hombre,1,0,3.4,Extrahospitalaria,3.8,0,1,12
548,U14,48,Hombre,0,0,3.8,Extrahospitalaria,3.8,0,0,12
549,U14,39,Hombre,0,1,3.8,Extrahospitalaria,3.8,0,1,12
550,U14,65,Hombre,1,0,2.9,Extrahospitalaria,3.8,0,0,12
551,U14,39,Mujer,0,1,3.2,Extrahospitalaria,3.8,0,1,12
552,U14,44,Mujer,0,0,2.9,Extrahospitalaria,3.8,0,0,12
553,U14,80,Hombre,0,0,3.7,Extrahospitalaria,3.8,0,0,10
554,U14,34,Hombre,0,0,4,Extrahospitalaria,3.8,0,0,12
555,U14,34,Mujer,1,0,3.3,Extrahospitalaria,3.8,0,0,12
556,U14,65,Hombre,1,1,4.4,Extrahospitalaria,3.8,0,0,12
557,U14,84,Hombre,0,1,3.6,Extrahospitalaria,3.8,0,0,12
558,U14,75,Hombre,0,0,4.3,Extrahospitalaria,3.8,0,0,6
559,U14,40,Hombre,0,0,3.5,Extrahospitalaria,3.8,0,0,12
560,U14,57,Hombre,0,0,3.9,Extrahospitalaria,3.8,0,0,12
561,U14,63,Mujer,1,1,3,Extrahospitalaria,3.8,0,0,12
562,U14,40,Hombre,1,0,4.4,Extrahospitalaria,3.8,0,0,12
563,U14,58,Hombre,0,0,4.4,Extrahospitalaria,3.8,0,0,12
564,U14,58,Mujer,0,0,3.8,Extrahospitalaria,3.8,0,0,12
565,U14,45,Mujer,1,0,3.2,Extrahospitalaria,3.8,0,0,12
566,U14,49,Mujer,0,1,3,Extrahospitalaria,3.8,0,0,12
567,U14,59,Hombre,0,1,3.3,Extrahospitalaria,3.8,0,0,12
568,U14,54,Hombre,0,1,3.9,Extrahospitalaria,3.8,0,0,12
569,U15,80,Hombre,0,1,3.9,Extrahospitalaria,3.4,1,0,12
570,U15,79,Mujer,0,0,3.7,Extrahospitalaria,3.4,1,1,12
571,U15,82,Hombre,0,1,3.1,Extrahospitalaria,3.4,1,0,12
572,U15,76,Hombre,0,1,4.1,Extrahospitalaria,3.4,1,1,12
573,U15,71,Hombre,0,0,3.5,Extrahospitalaria,3.4,1,0,12
574,U15,61,Mujer,0,0,3.8,Extrahospitalaria,3.4,1,0,12
575,U15,64,Hombre,0,1,3.6,Extrahospitalaria,3.4,1,1,12
576,U15,67,Mujer,1,1,3.5,Extrahospitalaria,3.4,1,0,12
577,U15,84,Hombre,0,0,3.2,Extrahospitalaria,3.4,1,0,12
578,U15,92,Mujer,1,0,3.7,Extrahospitalaria,3.4,1,0,12
579,U15,84,Mujer,0,0,3.9,Extrahospitalaria,3.4,1,0,12
580,U15,77,Mujer,1,1,2.9,Extrahospitalaria,3.4,1,0,12
581,U15,91,Mujer,0,1,3.5,Extrahospitalaria,3.4,1,0,12
582,U15,86,Mujer,1,0,3.3,Extrahospitalaria,3.4,1,0,12
583,U15,62,Mujer,0,1,3.5,Extrahospitalaria,3.4,1,0,12
584,U15,62,Mujer,1,0,3.9,Extrahospitalaria,3.4,1,0,12
585,U15,73,Mujer,0,0,3.1,Extrahospitalaria,3.4,1,0,12
586,U15,83,Hombre,0,0,3.2,Extrahospitalaria,3.4,1,0,6
587,U15,74,Mujer,1,0,3,Extrahospitalaria,3.4,1,0,8
588,U15,80,Mujer,0,0,2.8,Extrahospitalaria,3.4,1,0,12
589,U15,72,Hombre,1,0,2.9,Extrahospitalaria,3.4,1,0,12
590,U15,67,Mujer,0,0,3.3,Extrahospitalaria,3.4,1,0,6
591,U15,65,Hombre,0,0,3.3,Extrahospitalaria,3.4,1,0,12
592,U15,61,Hombre,0,1,4.1,Extrahospitalaria,3.4,1,0,12
593,U15,73,Mujer,1,1,3.2,Extrahospitalaria,3.4,1,0,12
594,U15,62,Mujer,0,0,3.4,Extrahospitalaria,3.4,1,0,12
595,U15,82,Hombre,0,0,3.6,Extrahospitalaria,3.4,1,0,12
596,U15,71,Hombre,0,0,4.1,Extrahospitalaria,3.4,1,0,12
597,U15,68,Hombre,0,0,3.2,Extrahospitalaria,3.4,1,0,12
598,U16,56,Mujer,1,1,2.9,Extrahospitalaria,5.3,0,0,12
599,U16,56,Mujer,0,0,3.5,Extrahospitalaria,5.3,0,0,12
600,U16,74,Hombre,0,1,3.2,Extrahospitalaria,5.3,0,0,12
601,U16,65,Hombre,0,1,3.3,Extrahospitalaria,5.3,0,0,12
602,U16,77,Hombre,0,0,4,Extrahospitalaria,5.3,0,1,12
603,U16,58,Hombre,0,0,3.5,Extrahospitalaria,5.3,0,0,12
604,U16,56,Hombre,0,0,3.8,Extrahospitalaria,5.3,0,0,12
605,U16,41,Mujer,0,0,3.7,Extrahospitalaria,5.3,0,0,12
606,U16,54,Mujer,1,1,3.9,Extrahospitalaria,5.3,0,1,12
607,U16,58,Mujer,1,0,3.8,Extrahospitalaria,5.3,0,0,12
608,U16,53,Mujer,0,0,3.4,Extrahospitalaria,5.3,0,0,12
609,U16,54,Mujer,0,0,3.6,Extrahospitalaria,5.3,0,0,12
610,U16,46,Mujer,0,1,3,Extrahospitalaria,5.3,0,0,12
611,U16,61,Hombre,0,0,3.2,Extrahospitalaria,5.3,0,0,12
612,U16,62,Mujer,0,1,3.4,Extrahospitalaria,5.3,0,1,12
613,U16,65,Hombre,0,1,3.3,Extrahospitalaria,5.3,0,0,12
614,U16,82,Mujer,1,1,3.1,Extrahospitalaria,5.3,0,1,12
615,U16,42,Mujer,1,1,3.2,Extrahospitalaria,5.3,0,0,12
616,U16,31,Hombre,0,0,4,Extrahospitalaria,5.3,0,1,12
617,U16,51,Mujer,1,0,3.2,Extrahospitalaria,5.3,0,0,12
618,U16,59,Mujer,0,0,4.4,Extrahospitalaria,5.3,0,0,10
619,U16,64,Hombre,1,0,2.8,Extrahospitalaria,5.3,0,1,12
620,U16,56,Hombre,0,0,3.7,Extrahospitalaria,5.3,0,0,12
621,U16,68,Hombre,0,0,3.7,Extrahospitalaria,5.3,0,0,12
622,U16,44,Hombre,1,0,3.3,Extrahospitalaria,5.3,0,0,12
623,U16,39,Mujer,0,0,4.6,Extrahospitalaria,5.3,0,0,12
624,U16,63,Hombre,0,0,3.7,Extrahospitalaria,5.3,0,0,12
625,U16,71,Mujer,0,0,4.3,Extrahospitalaria,5.3,0,0,12
626,U16,43,Mujer,0,1,3.5,Extrahospitalaria,5.3,0,0,12
627,U16,48,Mujer,0,1,3.3,Extrahospitalaria,5.3,0,0,12
628,U16,53,Hombre,0,0,3.5,Extrahospitalaria,5.3,0,1,12
629,U16,49,Hombre,0,0,3.5,Extrahospitalaria,5.3,0,1,12
630,U16,49,Hombre,0,1,3.8,Extrahospitalaria,5.3,0,0,12
631,U16,57,Hombre,0,0,3.4,Extrahospitalaria,5.3,0,0,12
632,U16,40,Mujer,0,0,3.7,Extrahospitalaria,5.3,0,0,12
633,U16,37,Mujer,1,0,3.6,Extrahospitalaria,5.3,0,1,12
634,U16,47,Mujer,0,1,3.3,Extrahospitalaria,5.3,0,0,12
635,U16,37,Hombre,0,0,3.5,Extrahospitalaria,5.3,0,0,12
636,U16,63,Hombre,0,0,4.1,Extrahospitalaria,5.3,0,0,12
637,U16,59,Mujer,1,0,3.7,Extrahospitalaria,5.3,0,0,12
638,U16,45,Hombre,0,0,3.2,Extrahospitalaria,5.3,0,1,12
639,U16,61,Hombre,1,0,3.8,Extrahospitalaria,5.3,0,0,12
640,U16,56,Mujer,1,1,3.6,Extrahospitalaria,5.3,0,0,12
641,U16,87,Mujer,1,1,2.8,Extrahospitalaria,5.3,0,1,12
642,U16,65,Hombre,1,0,3.1,Extrahospitalaria,5.3,0,0,12
643,U16,35,Mujer,0,0,3.4,Extrahospitalaria,5.3,0,0,12
644,U16,55,Hombre,0,1,3,Extrahospitalaria,5.3,0,1,12
645,U16,62,Mujer,0,0,4,Extrahospitalaria,5.3,0,0,12
646,U17,69,Mujer,1,1,3.7,Hospitalaria,5.3,0,0,12
647,U17,73,Hombre,1,0,2.8,Hospitalaria,5.3,0,1,12
648,U17,43,Mujer,0,0,4,Hospitalaria,5.3,0,0,12
649,U17,58,Hombre,0,0,3.8,Hospitalaria,5.3,0,0,12
650,U17,43,Mujer,1,0,3.2,Hospitalaria,5.3,0,0,12
651,U17,61,Mujer,1,0,3.3,Hospitalaria,5.3,0,0,12
652,U17,59,Mujer,0,0,3.3,Hospitalaria,5.3,0,0,12
653,U17,72,Hombre,0,1,3.7,Hospitalaria,5.3,0,1,12
654,U17,38,Hombre,0,0,4.3,Hospitalaria,5.3,0,1,12
655,U17,54,Hombre,1,0,3.5,Hospitalaria,5.3,0,0,12
656,U17,44,Mujer,0,0,3.7,Hospitalaria,5.3,0,0,12
657,U17,72,Hombre,1,1,3.3,Hospitalaria,5.3,0,0,12
658,U17,68,Mujer,1,0,3.3,Hospitalaria,5.3,0,1,12
659,U17,59,Hombre,1,1,3.5,Hospitalaria,5.3,0,0,12
660,U17,57,Hombre,1,1,2.6,Hospitalaria,5.3,0,0,12
661,U17,75,Mujer,1,1,3.7,Hospitalaria,5.3,0,0,4
662,U17,42,Hombre,0,0,3.9,Hospitalaria,5.3,0,0,12
663,U17,62,Mujer,1,1,3.8,Hospitalaria,5.3,0,1,12
664,U17,47,Hombre,0,1,3.7,Hospitalaria,5.3,0,1,12
665,U17,46,Hombre,1,1,3.6,Hospitalaria,5.3,0,0,12
666,U17,59,Hombre,0,1,3.6,Hospitalaria,5.3,0,0,12
667,U17,46,Mujer,0,0,3.5,Hospitalaria,5.3,0,0,12
668,U17,74,Hombre,1,0,3.4,Hospitalaria,5.3,0,0,12
669,U17,50,Hombre,1,0,4.2,Hospitalaria,5.3,0,0,12
670,U17,38,Mujer,1,0,3.8,Hospitalaria,5.3,0,0,12
671,U17,58,Mujer,0,0,3.6,Hospitalaria,5.3,0,0,12
672,U17,55,Mujer,0,1,3.5,Hospitalaria,5.3,0,0,12
673,U17,48,Hombre,0,1,4.2,Hospitalaria,5.3,0,1,12
674,U17,64,Hombre,1,0,3.2,Hospitalaria,5.3,0,0,12
675,U17,57,Hombre,0,0,3.2,Hospitalaria,5.3,0,0,12
676,U17,50,Mujer,0,0,3.7,Hospitalaria,5.3,0,0,12
677,U17,72,Mujer,0,0,3.9,Hospitalaria,5.3,0,0,12
678,U17,61,Mujer,1,0,3.7,Hospitalaria,5.3,0,0,12
679,U18,65,Hombre,0,1,4.1,Hospitalaria,5.6,1,0,12
680,U18,83,Hombre,1,0,3.5,Hospitalaria,5.6,1,0,4
681,U18,84,Hombre,1,0,3.8,Hospitalaria,5.6,1,0,7
682,U18,66,Hombre,1,0,3.9,Hospitalaria,5.6,1,0,12
683,U18,75,Mujer,1,0,3.7,Hospitalaria,5.6,1,1,12
684,U18,72,Hombre,0,1,3.2,Hospitalaria,5.6,1,0,12
685,U18,75,Hombre,1,1,3.5,Hospitalaria,5.6,1,0,12
686,U18,59,Hombre,1,1,3.3,Hospitalaria,5.6,1,0,12
687,U18,72,Hombre,1,0,3.4,Hospitalaria,5.6,1,1,12
688,U18,64,Hombre,0,1,2.7,Hospitalaria,5.6,1,0,12
689,U18,79,Hombre,0,0,3.5,Hospitalaria,5.6,1,0,12
690,U18,65,Mujer,1,1,2.9,Hospitalaria,5.6,1,0,12
691,U18,79,Hombre,1,0,3.7,Hospitalaria,5.6,1,0,12
692,U18,71,Mujer,0,1,3.5,Hospitalaria,5.6,1,0,12
693,U18,53,Hombre,0,0,4,Hospitalaria,5.6,1,0,12
694,U18,58,Mujer,0,1,3.2,Hospitalaria,5.6,1,0,12
695,U18,69,Hombre,0,0,3.4,Hospitalaria,5.6,1,0,12
696,U18,68,Hombre,1,0,3.2,Hospitalaria,5.6,1,1,12
697,U18,76,Mujer,0,0,2.8,Hospitalaria,5.6,1,0,12
698,U18,73,Hombre,1,1,3.7,Hospitalaria,5.6,1,0,12
699,U18,82,Hombre,0,1,3.6,Hospitalaria,5.6,1,0,12
700,U18,64,Hombre,0,1,3.6,Hospitalaria,5.6,1,0,12
701,U18,57,Hombre,1,1,3.1,Hospitalaria,5.6,1,0,12
702,U18,65,Mujer,1,0,3.4,Hospitalaria,5.6,1,0,12
703,U18,75,Mujer,0,0,4,Hospitalaria,5.6,1,0,12
704,U18,73,Hombre,0,0,4.1,Hospitalaria,5.6,1,1,12
705,U18,70,Hombre,1,0,3.4,Hospitalaria,5.6,1,0,12
706,U18,71,Mujer,0,0,4.2,Hospitalaria,5.6,1,0,12
707,U18,76,Mujer,0,0,4.3,Hospitalaria,5.6,1,0,12
708,U18,61,Mujer,0,0,4.4,Hospitalaria,5.6,1,0,12
709,U18,62,Mujer,0,1,3.7,Hospitalaria,5.6,1,0,12
710,U18,66,Hombre,1,0,4,Hospitalaria,5.6,1,0,12
711,U18,78,Mujer,0,1,3.7,Hospitalaria,5.6,1,0,12
712,U18,68,Mujer,1,0,4,Hospitalaria,5.6,1,1,12
713,U18,61,Mujer,1,1,3.2,Hospitalaria,5.6,1,0,12
714,U18,92,Hombre,0,1,3.9,Hospitalaria,5.6,1,0,12
715,U18,53,Hombre,0,0,3.8,Hospitalaria,5.6,1,0,8
716,U18,67,Mujer,0,0,4,Hospitalaria,5.6,1,0,12
717,U18,76,Hombre,1,0,3.5,Hospitalaria,5.6,1,0,12
718,U18,64,Mujer,0,0,2.9,Hospitalaria,5.6,1,0,12
719,U18,89,Hombre,1,0,3.4,Hospitalaria,5.6,1,1,12
720,U18,68,Hombre,0,1,3.8,Hospitalaria,5.6,1,0,12
721,U18,70,Hombre,0,0,3.8,Hospitalaria,5.6,1,0,12
722,U18,61,Mujer,1,0,3.1,Hospitalaria,5.6,1,0,12
723,U18,88,Hombre,0,1,3.9,Hospitalaria,5.6,1,0,12
724,U18,53,Hombre,0,1,3,Hospitalaria,5.6,1,0,12
725,U18,63,Hombre,1,1,3.4,Hospitalaria,5.6,1,0,12
726,U18,65,Mujer,0,0,3.8,Hospitalaria,5.6,1,0,12
727,U18,72,Hombre,1,1,2.7,Hospitalaria,5.6,1,0,12
728,U18,65,Mujer,0,1,3.5,Hospitalaria,5.6,1,0,12
729,U18,83,Hombre,1,0,3.8,Hospitalaria,5.6,1,0,12
730,U18,59,Hombre,0,1,2.9,Hospitalaria,5.6,1,0,12
731,U18,64,Mujer,0,1,4,Hospitalaria,5.6,1,0,12
732,U18,63,Mujer,0,0,4,Hospitalaria,5.6,1,0,12
733,U18,67,Mujer,1,0,3.2,Hospitalaria,5.6,1,0,12
734,U18,61,Hombre,0,0,4.1,Hospitalaria,5.6,1,0,12
735,U18,81,Mujer,0,0,3.7,Hospitalaria,5.6,1,1,12
736,U18,73,Hombre,1,0,4.1,Hospitalaria,5.6,1,0,12
737,U19,50,Hombre,1,0,4.1,Extrahospitalaria,4.9,0,0,12
738,U19,39,Hombre,0,0,3.6,Extrahospitalaria,4.9,0,0,12
739,U19,38,Hombre,0,0,4,Extrahospitalaria,4.9,0,0,12
740,U19,37,Hombre,0,1,3.9,Extrahospitalaria,4.9,0,0,10
741,U19,71,Mujer,1,1,3.5,Extrahospitalaria,4.9,0,0,12
742,U19,43,Mujer,0,1,3.1,Extrahospitalaria,4.9,0,1,12
743,U19,82,Hombre,1,1,2.7,Extrahospitalaria,4.9,0,1,12
744,U19,50,Mujer,0,1,3.5,Extrahospitalaria,4.9,0,1,12
745,U19,52,Mujer,1,0,3,Extrahospitalaria,4.9,0,0,12
746,U19,49,Mujer,0,0,3.5,Extrahospitalaria,4.9,0,0,12
747,U19,52,Hombre,1,0,2.9,Extrahospitalaria,4.9,0,0,12
748,U19,54,Mujer,0,0,4.1,Extrahospitalaria,4.9,0,0,12
749,U19,56,Hombre,0,0,3.7,Extrahospitalaria,4.9,0,0,12
750,U19,69,Mujer,1,0,2.9,Extrahospitalaria,4.9,0,0,12
751,U19,50,Mujer,0,1,3.4,Extrahospitalaria,4.9,0,0,12
752,U19,76,Hombre,1,1,2.8,Extrahospitalaria,4.9,0,1,12
753,U19,64,Hombre,1,0,3.4,Extrahospitalaria,4.9,0,0,12
754,U19,74,Hombre,0,0,3.7,Extrahospitalaria,4.9,0,1,12
755,U19,62,Hombre,0,1,3.4,Extrahospitalaria,4.9,0,0,12
756,U19,63,Hombre,1,0,3.4,Extrahospitalaria,4.9,0,0,12
757,U19,48,Hombre,0,0,3.2,Extrahospitalaria,4.9,0,0,12
758,U19,46,Mujer,0,0,3.7,Extrahospitalaria,4.9,0,1,12
759,U19,46,Hombre,0,0,3.6,Extrahospitalaria,4.9,0,0,12
760,U19,66,Hombre,0,0,3.7,Extrahospitalaria,4.9,0,0,12
761,U19,49,Hombre,1,1,3,Extrahospitalaria,4.9,0,1,12
762,U19,49,Mujer,0,1,3.3,Extrahospitalaria,4.9,0,1,12
763,U19,49,Mujer,1,0,4.1,Extrahospitalaria,4.9,0,1,12
764,U19,60,Hombre,1,0,3.8,Extrahospitalaria,4.9,0,0,10
765,U19,61,Mujer,1,1,3.2,Extrahospitalaria,4.9,0,0,12
766,U19,30,Hombre,1,0,2.9,Extrahospitalaria,4.9,0,1,12
767,U19,42,Mujer,1,1,3.4,Extrahospitalaria,4.9,0,0,12
768,U19,54,Mujer,0,0,3.9,Extrahospitalaria,4.9,0,0,12
769,U19,71,Mujer,0,0,3.4,Extrahospitalaria,4.9,0,0,12
770,U19,64,Mujer,0,0,3.9,Extrahospitalaria,4.9,0,1,12
771,U19,64,Hombre,1,0,3.5,Extrahospitalaria,4.9,0,1,12
772,U19,48,Mujer,0,0,3.9,Extrahospitalaria,4.9,0,0,12
773,U19,34,Mujer,1,1,3.1,Extrahospitalaria,4.9,0,1,12
774,U19,58,Mujer,1,0,3.5,Extrahospitalaria,4.9,0,0,12
775,U19,44,Hombre,0,1,2.8,Extrahospitalaria,4.9,0,1,12
776,U19,73,Mujer,0,1,3.3,Extrahospitalaria,4.9,0,0,12
777,U19,49,Mujer,1,0,3.7,Extrahospitalaria,4.9,0,0,12
778,U19,49,Mujer,1,0,3.4,Extrahospitalaria,4.9,0,1,12
779,U19,53,Hombre,0,0,3.5,Extrahospitalaria,4.9,0,0,12
780,U19,60,Hombre,0,1,3.5,Extrahospitalaria,4.9,0,0,12
781,U19,39,Mujer,0,0,3.6,Extrahospitalaria,4.9,0,0,12
782,U20,60,Hombre,0,0,4,Extrahospitalaria,5.6,0,0,12
783,U20,48,Mujer,0,0,3.8,Extrahospitalaria,5.6,0,0,12
784,U20,40,Hombre,0,0,4.3,Extrahospitalaria,5.6,0,0,12
785,U20,71,Hombre,0,0,2.8,Extrahospitalaria,5.6,0,0,12
786,U20,48,Mujer,1,0,3,Extrahospitalaria,5.6,0,0,12
787,U20,69,Mujer,0,0,4,Extrahospitalaria,5.6,0,1,12
788,U20,60,Mujer,0,0,3.6,Extrahospitalaria,5.6,0,0,12
789,U20,54,Mujer,0,1,3.4,Extrahospitalaria,5.6,0,1,12
790,U20,45,Hombre,1,1,3.2,Extrahospitalaria,5.6,0,0,12
791,U20,47,Hombre,0,1,3.2,Extrahospitalaria,5.6,0,0,12
792,U20,52,Hombre,1,0,3.4,Extrahospitalaria,5.6,0,1,12
793,U20,73,Mujer,0,0,3.6,Extrahospitalaria,5.6,0,0,12
794,U20,63,Mujer,1,0,3.9,Extrahospitalaria,5.6,0,1,12
795,U20,62,Mujer,1,0,4.1,Extrahospitalaria,5.6,0,0,12
796,U20,54,Hombre,1,0,3.5,Extrahospitalaria,5.6,0,1,12
797,U20,69,Hombre,1,1,3.2,Extrahospitalaria,5.6,0,0,12
798,U20,57,Mujer,0,0,4,Extrahospitalaria,5.6,0,0,12
799,U20,60,Mujer,0,0,4.5,Extrahospitalaria,5.6,0,0,12
800,U20,62,Mujer,1,1,3.6,Extrahospitalaria,5.6,0,1,12
801,U20,58,Hombre,1,0,3.4,Extrahospitalaria,5.6,0,1,12
802,U20,70,Hombre,0,0,3.2,Extrahospitalaria,5.6,0,1,12
803,U20,38,Hombre,0,0,3.7,Extrahospitalaria,5.6,0,0,12
804,U20,64,Mujer,0,0,4.2,Extrahospitalaria,5.6,0,1,12
805,U20,45,Mujer,1,0,3.2,Extrahospitalaria,5.6,0,0,12
806,U20,84,Mujer,1,1,2.5,Extrahospitalaria,5.6,0,0,12
807,U20,49,Hombre,1,0,3.7,Extrahospitalaria,5.6,0,1,12
808,U20,54,Hombre,0,1,3.1,Extrahospitalaria,5.6,0,0,12
809,U20,66,Mujer,1,1,3,Extrahospitalaria,5.6,0,1,12
810,U20,76,Hombre,0,1,3.5,Extrahospitalaria,5.6,0,1,12
811,U20,69,Mujer,0,0,4,Extrahospitalaria,5.6,0,0,12
812,U20,71,Hombre,0,0,3.6,Extrahospitalaria,5.6,0,0,12
813,U20,79,Hombre,0,0,4.1,Extrahospitalaria,5.6,0,1,12
814,U20,73,Hombre,0,0,4,Extrahospitalaria,5.6,0,0,12
815,U20,49,Hombre,0,1,3.1,Extrahospitalaria,5.6,0,1,12
816,U20,76,Mujer,1,0,4,Extrahospitalaria,5.6,0,0,12
817,U20,65,Hombre,0,0,3.6,Extrahospitalaria,5.6,0,0,12
818,U20,57,Hombre,1,1,2.5,Extrahospitalaria,5.6,0,1,12
819,U20,55,Hombre,0,0,3.1,Extrahospitalaria,5.6,0,0,12
820,U20,57,Mujer,1,0,2.8,Extrahospitalaria,5.6,0,1,12
821,U20,58,Hombre,0,0,3.6,Extrahospitalaria,5.6,0,0,12
822,U20,48,Hombre,0,0,4.2,Extrahospitalaria,5.6,0,0,12
823,U20,45,Hombre,0,0,4,Extrahospitalaria,5.6,0,0,12
824,U20,64,Hombre,0,0,3.4,Extrahospitalaria,5.6,0,0,12
825,U20,61,Hombre,1,0,3.9,Extrahospitalaria,5.6,0,0,12
826,U20,58,Hombre,0,0,3.7,Extrahospitalaria,5.6,0,0,12
827,U20,61,Hombre,0,0,2.9,Extrahospitalaria,5.6,0,0,12
828,U20,34,Hombre,0,0,4.2,Extrahospitalaria,5.6,0,0,12
829,U20,68,Hombre,1,0,3.4,Extrahospitalaria,5.6,0,0,12
830,U20,59,Mujer,0,0,3.5,Extrahospitalaria,5.6,0,0,12
831,U20,56,Hombre,1,0,3.2,Extrahospitalaria,5.6,0,0,12
832,U20,55,Hombre,0,0,4.1,Extrahospitalaria,5.6,0,0,12
833,U20,59,Mujer,1,0,4,Extrahospitalaria,5.6,0,0,12
834,U20,77,Hombre,1,0,3.6,Extrahospitalaria,5.6,0,0,12
835,U20,47,Hombre,0,1,3.2,Extrahospitalaria,5.6,0,0,12
836,U21,59,Mujer,1,1,3,Hospitalaria,4.9,1,0,12
837,U21,76,Hombre,1,0,3.6,Hospitalaria,4.9,1,0,12
838,U21,48,Hombre,0,0,3.7,Hospitalaria,4.9,1,0,12
839,U21,64,Mujer,0,0,3.7,Hospitalaria,4.9,1,0,12
840,U21,54,Hombre,0,0,3.3,Hospitalaria,4.9,1,0,12
841,U21,71,Hombre,0,1,3.2,Hospitalaria,4.9,1,0,12
842,U21,50,Hombre,0,0,3.8,Hospitalaria,4.9,1,0,12
843,U21,77,Mujer,1,1,3.8,Hospitalaria,4.9,1,1,12
844,U21,64,Hombre,1,0,3.8,Hospitalaria,4.9,1,0,12
845,U21,50,Hombre,0,0,3.3,Hospitalaria,4.9,1,0,12
846,U21,79,Hombre,1,1,3.6,Hospitalaria,4.9,1,0,12
847,U21,84,Hombre,1,1,3.9,Hospitalaria,4.9,1,0,9
848,U21,65,Mujer,1,1,3.4,Hospitalaria,4.9,1,1,12
849,U21,50,Hombre,1,0,3.7,Hospitalaria,4.9,1,0,12
850,U21,78,Hombre,0,1,3.4,Hospitalaria,4.9,1,0,12
851,U21,52,Hombre,0,1,3.8,Hospitalaria,4.9,1,0,12
852,U21,65,Hombre,1,0,3.6,Hospitalaria,4.9,1,0,12
853,U21,54,Mujer,0,0,3.6,Hospitalaria,4.9,1,0,12
854,U21,70,Hombre,0,0,4.2,Hospitalaria,4.9,1,0,12
855,U21,73,Hombre,0,0,4.2,Hospitalaria,4.9,1,0,12
856,U21,62,Mujer,0,0,3.6,Hospitalaria,4.9,1,0,12
857,U21,68,Hombre,0,0,3.8,Hospitalaria,4.9,1,0,12
858,U21,67,Hombre,0,0,3.6,Hospitalaria,4.9,1,0,12
859,U21,46,Mujer,0,1,3.4,Hospitalaria,4.9,1,0,12
860,U21,81,Mujer,1,0,3.8,Hospitalaria,4.9,1,0,12
861,U21,56,Hombre,0,0,3.7,Hospitalaria,4.9,1,1,12
862,U21,76,Hombre,1,1,3.7,Hospitalaria,4.9,1,0,12
863,U21,59,Mujer,0,1,3.6,Hospitalaria,4.9,1,0,12
864,U21,78,Hombre,1,0,3.9,Hospitalaria,4.9,1,0,4
865,U21,56,Hombre,1,0,4,Hospitalaria,4.9,1,1,12
866,U21,62,Hombre,0,1,3.5,Hospitalaria,4.9,1,0,12
867,U21,58,Hombre,0,0,3.5,Hospitalaria,4.9,1,0,12
868,U21,57,Hombre,0,0,3,Hospitalaria,4.9,1,0,12
869,U21,56,Hombre,0,0,3.5,Hospitalaria,4.9,1,0,12
870,U21,57,Hombre,1,0,4.1,Hospitalaria,4.9,1,0,12
871,U21,77,Hombre,1,0,3.3,Hospitalaria,4.9,1,0,12
872,U21,54,Mujer,0,0,3.3,Hospitalaria,4.9,1,0,12
873,U21,74,Hombre,1,0,3.6,Hospitalaria,4.9,1,0,12
874,U21,59,Hombre,0,0,3.6,Hospitalaria,4.9,1,0,12
875,U21,74,Hombre,1,0,4.4,Hospitalaria,4.9,1,0,12
876,U21,57,Hombre,0,1,3.4,Hospitalaria,4.9,1,0,12
877,U21,89,Hombre,0,0,3.2,Hospitalaria,4.9,1,0,12
878,U21,76,Hombre,0,0,3.3,Hospitalaria,4.9,1,0,12
879,U21,59,Mujer,0,0,3.2,Hospitalaria,4.9,1,0,12
880,U21,75,Mujer,1,0,3.7,Hospitalaria,4.9,1,0,12
881,U21,70,Hombre,1,0,3.5,Hospitalaria,4.9,1,0,12
882,U21,77,Hombre,0,0,2.8,Hospitalaria,4.9,1,0,12
883,U21,50,Hombre,0,0,3.9,Hospitalaria,4.9,1,0,12
884,U21,86,Hombre,0,0,3.3,Hospitalaria,4.9,1,0,12
885,U21,63,Hombre,1,1,2.9,Hospitalaria,4.9,1,0,12
886,U21,81,Mujer,0,1,2.9,Hospitalaria,4.9,1,0,12
887,U21,82,Mujer,1,1,3.8,Hospitalaria,4.9,1,0,12
888,U21,73,Hombre,0,0,3.2,Hospitalaria,4.9,1,0,12
889,U21,80,Mujer,1,0,2.8,Hospitalaria,4.9,1,0,12
890,U21,53,Mujer,1,1,2.9,Hospitalaria,4.9,1,0,12
891,U22,69,Hombre,0,0,3.5,Extrahospitalaria,4.8,1,1,12
892,U22,63,Mujer,0,0,4.1,Extrahospitalaria,4.8,1,0,12
893,U22,75,Mujer,0,0,3.8,Extrahospitalaria,4.8,1,0,12
894,U22,75,Mujer,1,0,2.9,Extrahospitalaria,4.8,1,0,12
895,U22,68,Hombre,0,1,3.3,Extrahospitalaria,4.8,1,0,12
896,U22,66,Hombre,1,0,4,Extrahospitalaria,4.8,1,0,12
897,U22,85,Mujer,0,0,3.5,Extrahospitalaria,4.8,1,0,12
898,U22,78,Hombre,0,0,3.7,Extrahospitalaria,4.8,1,0,12
899,U22,69,Mujer,0,0,4.2,Extrahospitalaria,4.8,1,0,12
900,U22,57,Mujer,1,1,3.5,Extrahospitalaria,4.8,1,0,10
901,U22,71,Hombre,0,0,2.8,Extrahospitalaria,4.8,1,0,12
902,U22,86,Mujer,0,0,3.6,Extrahospitalaria,4.8,1,0,12
903,U22,69,Mujer,1,0,2.9,Extrahospitalaria,4.8,1,0,12
904,U22,51,Mujer,1,0,3.5,Extrahospitalaria,4.8,1,0,12
905,U22,68,Mujer,1,0,4.6,Extrahospitalaria,4.8,1,0,12
906,U22,66,Hombre,0,1,4,Extrahospitalaria,4.8,1,0,12
907,U22,68,Mujer,0,1,3.7,Extrahospitalaria,4.8,1,0,12
908,U22,69,Hombre,1,0,3.4,Extrahospitalaria,4.8,1,0,12
909,U22,56,Mujer,0,0,3.6,Extrahospitalaria,4.8,1,0,12
910,U22,66,Hombre,0,0,3.6,Extrahospitalaria,4.8,1,0,12
911,U22,69,Hombre,0,1,3.1,Extrahospitalaria,4.8,1,0,12
912,U22,60,Mujer,0,1,3.5,Extrahospitalaria,4.8,1,0,4
913,U22,64,Hombre,0,0,3.7,Extrahospitalaria,4.8,1,0,12
914,U22,78,Hombre,0,0,3.9,Extrahospitalaria,4.8,1,0,12
915,U22,67,Mujer,0,0,3.3,Extrahospitalaria,4.8,1,0,12
916,U22,65,Hombre,1,0,3.8,Extrahospitalaria,4.8,1,0,12
917,U22,79,Mujer,0,0,4.3,Extrahospitalaria,4.8,1,0,12
918,U22,59,Mujer,0,0,4.1,Extrahospitalaria,4.8,1,0,12
919,U22,74,Hombre,0,0,3.2,Extrahospitalaria,4.8,1,0,12
920,U22,76,Hombre,0,0,4.4,Extrahospitalaria,4.8,1,0,12
921,U22,74,Mujer,0,0,3.9,Extrahospitalaria,4.8,1,0,12
922,U22,66,Hombre,0,0,3.8,Extrahospitalaria,4.8,1,0,12
923,U22,72,Mujer,0,1,2.8,Extrahospitalaria,4.8,1,0,12
924,U22,72,Hombre,1,0,2.6,Extrahospitalaria,4.8,1,1,12
925,U22,68,Hombre,1,0,4.1,Extrahospitalaria,4.8,1,1,12
926,U22,76,Mujer,0,0,4.2,Extrahospitalaria,4.8,1,1,12
927,U22,75,Mujer,0,1,3.3,Extrahospitalaria,4.8,1,0,12
928,U22,71,Hombre,1,1,3.5,Extrahospitalaria,4.8,1,0,12
929,U22,61,Hombre,0,0,3.1,Extrahospitalaria,4.8,1,0,12
930,U22,79,Mujer,0,0,4.3,Extrahospitalaria,4.8,1,0,12
931,U22,74,Hombre,1,0,3.2,Extrahospitalaria,4.8,1,0,12
932,U22,62,Hombre,0,0,3.6,Extrahospitalaria,4.8,1,0,12
933,U22,56,Mujer,1,0,3.5,Extrahospitalaria,4.8,1,0,12
934,U22,49,Hombre,0,0,4,Extrahospitalaria,4.8,1,0,12
935,U22,74,Hombre,1,0,3.1,Extrahospitalaria,4.8,1,0,12
936,U22,51,Hombre,0,1,3.7,Extrahospitalaria,4.8,1,0,12
937,U22,51,Mujer,0,0,3.3,Extrahospitalaria,4.8,1,0,12
938,U22,67,Hombre,0,0,3.6,Extrahospitalaria,4.8,1,0,12
939,U22,59,Hombre,0,0,3.9,Extrahospitalaria,4.8,1,1,12
940,U22,92,Mujer,0,0,3.8,Extrahospitalaria,4.8,1,0,12
941,U22,52,Hombre,1,0,3.7,Extrahospitalaria,4.8,1,0,12
942,U22,92,Hombre,1,1,3.1,Extrahospitalaria,4.8,1,1,12
943,U22,78,Hombre,0,1,3.3,Extrahospitalaria,4.8,1,0,12
944,U22,64,Mujer,0,0,3.5,Extrahospitalaria,4.8,1,0,12
945,U23,73,Hombre,0,0,3.3,Extrahospitalaria,6.3,1,0,12
946,U23,69,Mujer,0,0,3.2,Extrahospitalaria,6.3,1,0,12
947,U23,77,Hombre,1,0,4,Extrahospitalaria,6.3,1,0,12
948,U23,74,Hombre,0,0,4.1,Extrahospitalaria,6.3,1,0,9
949,U23,68,Hombre,0,1,3.7,Extrahospitalaria,6.3,1,0,12
950,U23,63,Hombre,0,1,3.4,Extrahospitalaria,6.3,1,1,12
951,U23,69,Mujer,1,0,3.6,Extrahospitalaria,6.3,1,0,12
952,U23,59,Hombre,0,1,3.7,Extrahospitalaria,6.3,1,0,12
953,U23,86,Mujer,1,1,3.3,Extrahospitalaria,6.3,1,1,12
954,U23,78,Hombre,0,0,3.3,Extrahospitalaria,6.3,1,0,12
955,U23,47,Hombre,0,0,3.7,Extrahospitalaria,6.3,1,0,12
956,U23,70,Hombre,1,1,3.5,Extrahospitalaria,6.3,1,0,12
957,U23,63,Hombre,1,0,3.2,Extrahospitalaria,6.3,1,0,12
958,U23,72,Mujer,1,1,2.5,Extrahospitalaria,6.3,1,0,12
959,U23,75,Hombre,0,1,3.5,Extrahospitalaria,6.3,1,0,12
960,U23,68,Hombre,0,1,3.5,Extrahospitalaria,6.3,1,0,12
961,U23,82,Mujer,1,1,3.1,Extrahospitalaria,6.3,1,0,12
962,U23,48,Hombre,0,0,3.9,Extrahospitalaria,6.3,1,0,9
963,U23,74,Mujer,1,0,3.7,Extrahospitalaria,6.3,1,0,12
964,U23,59,Mujer,0,1,3.6,Extrahospitalaria,6.3,1,0,12
965,U23,65,Mujer,0,1,3,Extrahospitalaria,6.3,1,1,12
966,U23,65,Mujer,0,0,3.6,Extrahospitalaria,6.3,1,0,12
967,U23,67,Hombre,1,0,3.8,Extrahospitalaria,6.3,1,0,12
968,U23,48,Hombre,0,0,3.2,Extrahospitalaria,6.3,1,0,12
969,U23,73,Hombre,0,1,3.3,Extrahospitalaria,6.3,1,1,12
970,U23,75,Hombre,0,1,2.9,Extrahospitalaria,6.3,1,0,12
971,U23,78,Mujer,0,1,3.5,Extrahospitalaria,6.3,1,0,12
972,U23,80,Hombre,1,0,3.7,Extrahospitalaria,6.3,1,0,12
973,U23,67,Mujer,1,0,3.6,Extrahospitalaria,6.3,1,1,12
974,U23,55,Hombre,1,1,3.7,Extrahospitalaria,6.3,1,0,12
975,U23,64,Mujer,0,0,4.2,Extrahospitalaria,6.3,1,0,12
976,U23,81,Mujer,0,0,4.2,Extrahospitalaria,6.3,1,0,12
977,U23,52,Hombre,0,0,3.6,Extrahospitalaria,6.3,1,0,12
978,U23,71,Hombre,0,1,3.1,Extrahospitalaria,6.3,1,0,12
979,U23,61,Mujer,0,0,4,Extrahospitalaria,6.3,1,0,12
980,U23,77,Mujer,1,0,3.8,Extrahospitalaria,6.3,1,0,12
981,U23,67,Hombre,0,0,4.1,Extrahospitalaria,6.3,1,0,12
982,U23,76,Hombre,0,0,4,Extrahospitalaria,6.3,1,0,4
983,U23,47,Mujer,0,1,4.1,Extrahospitalaria,6.3,1,0,12
984,U23,68,Mujer,0,0,4,Extrahospitalaria,6.3,1,0,12
985,U23,74,Mujer,0,1,3.7,Extrahospitalaria,6.3,1,1,12
986,U23,59,Hombre,0,0,3.2,Extrahospitalaria,6.3,1,0,12
987,U23,48,Hombre,0,0,4,Extrahospitalaria,6.3,1,0,12
988,U23,59,Hombre,0,0,3.8,Extrahospitalaria,6.3,1,0,12
989,U23,57,Hombre,1,1,3.3,Extrahospitalaria,6.3,1,0,12
990,U23,77,Hombre,1,0,2.8,Extrahospitalaria,6.3,1,0,12
991,U23,68,Mujer,0,1,3.3,Extrahospitalaria,6.3,1,0,12
992,U23,79,Hombre,1,0,4,Extrahospitalaria,6.3,1,0,11
993,U23,92,Mujer,1,1,3.2,Extrahospitalaria,6.3,1,1,12
994,U23,72,Mujer,1,0,3.8,Extrahospitalaria,6.3,1,1,12
995,U23,60,Mujer,1,1,3.1,Extrahospitalaria,6.3,1,0,12
996,U23,60,Mujer,0,1,3.9,Extrahospitalaria,6.3,1,0,12
997,U23,71,Hombre,1,0,3.3,Extrahospitalaria,6.3,1,0,12
998,U23,61,Mujer,0,1,3.6,Extrahospitalaria,6.3,1,0,12
999,U23,92,Hombre,0,0,3.4,Extrahospitalaria,6.3,1,0,12
1000,U23,58,Mujer,0,0,3.2,Extrahospitalaria,6.3,1,0,12
1001,U23,68,Mujer,1,0,3.3,Extrahospitalaria,6.3,1,0,12
1002,U24,79,Mujer,0,1,3.5,Hospitalaria,4.3,0,1,12
1003,U24,57,Mujer,1,1,3.5,Hospitalaria,4.3,0,0,12
1004,U24,63,Mujer,0,0,3.9,Hospitalaria,4.3,0,0,12
1005,U24,55,Mujer,0,0,3.2,Hospitalaria,4.3,0,0,12
1006,U24,61,Hombre,0,1,4.2,Hospitalaria,4.3,0,0,12
1007,U24,77,Hombre,0,1,3.4,Hospitalaria,4.3,0,0,12
1008,U24,80,Hombre,1,0,4.1,Hospitalaria,4.3,0,0,12
1009,U24,63,Hombre,0,0,4,Hospitalaria,4.3,0,0,12
1010,U24,58,Hombre,0,0,3.9,Hospitalaria,4.3,0,0,12
1011,U24,49,Hombre,0,0,3.4,Hospitalaria,4.3,0,0,12
1012,U24,72,Hombre,0,0,4.6,Hospitalaria,4.3,0,0,12
1013,U24,59,Hombre,1,1,3.6,Hospitalaria,4.3,0,0,12
1014,U24,69,Mujer,0,0,4.4,Hospitalaria,4.3,0,0,12
1015,U24,58,Mujer,1,0,3.3,Hospitalaria,4.3,0,0,12
1016,U24,69,Hombre,0,1,3.6,Hospitalaria,4.3,0,1,12
1017,U24,59,Hombre,0,1,3.3,Hospitalaria,4.3,0,1,12
1018,U24,67,Hombre,0,0,3.2,Hospitalaria,4.3,0,0,9
1019,U24,91,Hombre,1,0,3.2,Hospitalaria,4.3,0,1,12
1020,U24,61,Hombre,1,0,3.5,Hospitalaria,4.3,0,0,12
1021,U24,69,Hombre,1,0,3.2,Hospitalaria,4.3,0,0,12
1022,U24,76,Hombre,0,1,3.2,Hospitalaria,4.3,0,0,12
1023,U24,72,Hombre,0,0,3.3,Hospitalaria,4.3,0,0,12
1024,U24,68,Hombre,0,0,3.7,Hospitalaria,4.3,0,1,12
1025,U24,47,Hombre,0,1,3.1,Hospitalaria,4.3,0,1,12
1026,U24,69,Mujer,0,1,2.8,Hospitalaria,4.3,0,0,12
1027,U24,92,Hombre,0,1,3,Hospitalaria,4.3,0,1,12
1028,U24,62,Hombre,0,1,3.6,Hospitalaria,4.3,0,1,12
1029,U24,72,Hombre,0,1,3.9,Hospitalaria,4.3,0,1,12
1030,U24,60,Mujer,0,0,4,Hospitalaria,4.3,0,0,12
1031,U24,61,Mujer,0,1,3.9,Hospitalaria,4.3,0,0,12
1032,U25,66,Hombre,1,0,3.8,Extrahospitalaria,4.7,0,0,12
1033,U25,38,Hombre,0,0,3.7,Extrahospitalaria,4.7,0,0,12
1034,U25,57,Mujer,1,0,4,Extrahospitalaria,4.7,0,0,12
1035,U25,57,Hombre,0,0,3.7,Extrahospitalaria,4.7,0,0,12
1036,U25,60,Hombre,0,0,3.7,Extrahospitalaria,4.7,0,1,12
1037,U25,38,Hombre,0,0,4.7,Extrahospitalaria,4.7,0,0,12
1038,U25,66,Hombre,0,1,3.8,Extrahospitalaria,4.7,0,0,12
1039,U25,58,Hombre,0,0,3.5,Extrahospitalaria,4.7,0,0,12
1040,U25,38,Mujer,0,0,3.5,Extrahospitalaria,4.7,0,0,12
1041,U25,52,Hombre,0,1,3.4,Extrahospitalaria,4.7,0,0,12
1042,U25,75,Hombre,0,0,3.3,Extrahospitalaria,4.7,0,0,12
1043,U25,66,Hombre,0,1,2.9,Extrahospitalaria,4.7,0,1,12
1044,U25,65,Hombre,0,1,3.3,Extrahospitalaria,4.7,0,0,12
1045,U25,56,Hombre,1,1,2.9,Extrahospitalaria,4.7,0,1,12
1046,U25,64,Mujer,1,0,4.2,Extrahospitalaria,4.7,0,0,12
1047,U25,46,Hombre,1,0,3.2,Extrahospitalaria,4.7,0,0,12
1048,U25,64,Hombre,1,0,3.6,Extrahospitalaria,4.7,0,0,12
1049,U25,50,Mujer,0,0,3.3,Extrahospitalaria,4.7,0,1,12
1050,U25,52,Mujer,0,0,3.7,Extrahospitalaria,4.7,0,0,12
1051,U25,62,Hombre,0,0,4,Extrahospitalaria,4.7,0,1,12
1052,U25,60,Mujer,1,0,3.9,Extrahospitalaria,4.7,0,1,12
1053,U25,70,Hombre,1,1,3.3,Extrahospitalaria,4.7,0,1,12
1054,U25,61,Hombre,1,1,3,Extrahospitalaria,4.7,0,1,12
1055,U25,53,Hombre,1,0,4,Extrahospitalaria,4.7,0,1,12
1056,U25,71,Hombre,1,0,4,Extrahospitalaria,4.7,0,0,12
1057,U25,67,Mujer,0,0,2.9,Extrahospitalaria,4.7,0,0,12
1058,U25,47,Hombre,1,1,3.7,Extrahospitalaria,4.7,0,0,12
1059,U25,54,Hombre,0,0,3.7,Extrahospitalaria,4.7,0,0,12
1060,U26,72,Hombre,1,1,3.6,Hospitalaria,5.1,0,1,12
1061,U26,79,Hombre,1,0,3.7,Hospitalaria,5.1,0,0,12
1062,U26,63,Mujer,0,0,3.9,Hospitalaria,5.1,0,0,12
1063,U26,51,Hombre,1,0,3.9,Hospitalaria,5.1,0,0,12
1064,U26,61,Hombre,0,1,3.4,Hospitalaria,5.1,0,1,12
1065,U26,67,Mujer,1,1,3,Hospitalaria,5.1,0,1,10
1066,U26,47,Hombre,0,0,3.2,Hospitalaria,5.1,0,1,12
1067,U26,63,Hombre,0,0,3.7,Hospitalaria,5.1,0,1,12
1068,U26,58,Hombre,0,0,3.2,Hospitalaria,5.1,0,0,12
1069,U26,40,Mujer,0,0,4.1,Hospitalaria,5.1,0,0,12
1070,U26,52,Mujer,0,0,3.6,Hospitalaria,5.1,0,0,12
1071,U26,58,Mujer,1,0,3.9,Hospitalaria,5.1,0,0,6
1072,U26,48,Hombre,0,1,3.3,Hospitalaria,5.1,0,1,12
1073,U26,52,Mujer,0,0,3.4,Hospitalaria,5.1,0,0,12
1074,U26,58,Mujer,0,0,4,Hospitalaria,5.1,0,0,12
1075,U26,56,Hombre,1,0,2.8,Hospitalaria,5.1,0,1,12
1076,U26,67,Hombre,0,0,3.2,Hospitalaria,5.1,0,0,12
1077,U26,51,Mujer,1,1,3.6,Hospitalaria,5.1,0,0,12
1078,U26,48,Hombre,1,1,3.5,Hospitalaria,5.1,0,1,12
1079,U26,53,Hombre,0,0,3.9,Hospitalaria,5.1,0,0,12
1080,U26,60,Hombre,1,1,3,Hospitalaria,5.1,0,0,12
1081,U26,59,Mujer,0,0,3.3,Hospitalaria,5.1,0,1,12
1082,U26,73,Hombre,0,1,3.8,Hospitalaria,5.1,0,1,12
1083,U26,67,Mujer,0,0,3.5,Hospitalaria,5.1,0,1,12
1084,U26,69,Hombre,1,1,3.2,Hospitalaria,5.1,0,0,12
1085,U26,53,Hombre,0,0,3.6,Hospitalaria,5.1,0,0,12
1086,U26,61,Hombre,1,1,2.8,Hospitalaria,5.1,0,1,12
1087,U26,76,Mujer,1,0,3.3,Hospitalaria,5.1,0,1,12
1088,U26,85,Mujer,1,0,3.4,Hospitalaria,5.1,0,0,12
1089,U26,67,Mujer,0,0,3.3,Hospitalaria,5.1,0,0,12
1090,U27,66,Hombre,0,0,3.3,Hospitalaria,5.9,0,0,12
1091,U27,75,Hombre,0,0,3.7,Hospitalaria,5.9,0,0,12
1092,U27,65,Mujer,0,1,3.6,Hospitalaria,5.9,0,0,12
1093,U27,62,Hombre,1,1,3.3,Hospitalaria,5.9,0,1,12
1094,U27,73,Hombre,0,0,3.7,Hospitalaria,5.9,0,0,12
1095,U27,80,Hombre,0,1,3.2,Hospitalaria,5.9,0,1,12
1096,U27,65,Hombre,0,0,3.9,Hospitalaria,5.9,0,1,12
1097,U27,72,Mujer,0,0,4.8,Hospitalaria,5.9,0,0,12
1098,U27,78,Mujer,0,0,4,Hospitalaria,5.9,0,0,12
1099,U27,69,Hombre,1,1,3.6,Hospitalaria,5.9,0,0,12
1100,U27,65,Mujer,1,0,3.5,Hospitalaria,5.9,0,0,12
1101,U27,79,Hombre,1,1,3.1,Hospitalaria,5.9,0,1,12
1102,U27,64,Hombre,1,0,3.4,Hospitalaria,5.9,0,1,12
1103,U27,69,Hombre,0,1,3.6,Hospitalaria,5.9,0,0,12
1104,U27,59,Mujer,0,1,3.6,Hospitalaria,5.9,0,0,12
1105,U27,62,Hombre,0,1,3.2,Hospitalaria,5.9,0,0,12
1106,U27,52,Hombre,1,1,3.7,Hospitalaria,5.9,0,1,12
1107,U27,92,Hombre,1,1,3.5,Hospitalaria,5.9,0,0,11
1108,U27,79,Hombre,1,1,3.3,Hospitalaria,5.9,0,1,12
1109,U27,78,Hombre,0,0,3.6,Hospitalaria,5.9,0,0,12
1110,U27,57,Mujer,0,1,3.5,Hospitalaria,5.9,0,0,12
1111,U27,76,Mujer,1,0,3.4,Hospitalaria,5.9,0,0,12
1112,U27,70,Mujer,0,0,3.5,Hospitalaria,5.9,0,1,12
1113,U27,54,Mujer,0,1,3.3,Hospitalaria,5.9,0,0,12
1114,U27,84,Hombre,1,0,3.2,Hospitalaria,5.9,0,1,12
1115,U27,80,Mujer,0,1,3.1,Hospitalaria,5.9,0,0,12
1116,U27,74,Mujer,0,1,3,Hospitalaria,5.9,0,0,12
1117,U27,69,Hombre,1,1,3.1,Hospitalaria,5.9,0,1,12
1118,U27,58,Mujer,1,0,3.6,Hospitalaria,5.9,0,0,12
1119,U27,78,Hombre,0,1,3.9,Hospitalaria,5.9,0,1,12
1120,U28,80,Mujer,1,0,3.5,Extrahospitalaria,6.1,1,1,12
1121,U28,68,Mujer,0,1,3,Extrahospitalaria,6.1,1,1,12
1122,U28,53,Hombre,0,0,4.1,Extrahospitalaria,6.1,1,1,12
1123,U28,65,Hombre,1,1,3.1,Extrahospitalaria,6.1,1,1,12
1124,U28,84,Mujer,1,1,3.3,Extrahospitalaria,6.1,1,1,12
1125,U28,79,Mujer,1,1,2.9,Extrahospitalaria,6.1,1,0,12
1126,U28,77,Mujer,0,1,3.7,Extrahospitalaria,6.1,1,0,12
1127,U28,84,Mujer,0,0,4.1,Extrahospitalaria,6.1,1,1,12
1128,U28,81,Mujer,1,0,3.5,Extrahospitalaria,6.1,1,1,4
1129,U28,55,Hombre,0,0,3.6,Extrahospitalaria,6.1,1,0,12
1130,U28,70,Mujer,0,1,3.7,Extrahospitalaria,6.1,1,1,12
1131,U28,57,Mujer,1,1,3.3,Extrahospitalaria,6.1,1,1,12
1132,U28,83,Hombre,0,0,4.8,Extrahospitalaria,6.1,1,1,12
1133,U28,76,Hombre,0,1,3.1,Extrahospitalaria,6.1,1,1,12
1134,U28,71,Hombre,0,0,4,Extrahospitalaria,6.1,1,0,12
1135,U28,57,Mujer,1,0,4.3,Extrahospitalaria,6.1,1,0,12
1136,U28,55,Hombre,0,0,2.9,Extrahospitalaria,6.1,1,0,12
1137,U28,90,Mujer,1,0,3.4,Extrahospitalaria,6.1,1,0,12
1138,U28,64,Mujer,1,1,2.7,Extrahospitalaria,6.1,1,1,12
1139,U28,77,Mujer,0,0,3.2,Extrahospitalaria,6.1,1,0,12
1140,U28,86,Hombre,0,0,3.8,Extrahospitalaria,6.1,1,0,12
1141,U28,64,Mujer,0,0,3,Extrahospitalaria,6.1,1,1,12
1142,U28,84,Hombre,1,0,3.6,Extrahospitalaria,6.1,1,0,12
1143,U28,60,Hombre,0,1,3.6,Extrahospitalaria,6.1,1,0,12
1144,U28,75,Mujer,1,0,3.2,Extrahospitalaria,6.1,1,1,12
1145,U28,68,Mujer,1,0,2.9,Extrahospitalaria,6.1,1,1,12
1146,U28,56,Hombre,1,0,3.4,Extrahospitalaria,6.1,1,1,12
1147,U28,79,Mujer,1,0,3.5,Extrahospitalaria,6.1,1,0,12
1148,U28,83,Hombre,1,1,3.6,Extrahospitalaria,6.1,1,1,12
1149,U28,89,Hombre,0,1,3.3,Extrahospitalaria,6.1,1,0,12
1150,U28,63,Hombre,0,0,4,Extrahospitalaria,6.1,1,0,12
1151,U28,56,Mujer,1,0,3.2,Extrahospitalaria,6.1,1,0,12
1152,U28,70,Mujer,0,0,3.7,Extrahospitalaria,6.1,1,0,12
1153,U28,62,Hombre,0,0,3.5,Extrahospitalaria,6.1,1,1,12
1154,U28,69,Mujer,1,1,3.1,Extrahospitalaria,6.1,1,0,12
1155,U28,83,Hombre,0,0,4.3,Extrahospitalaria,6.1,1,0,12
1156,U28,75,Hombre,1,1,3,Extrahospitalaria,6.1,1,0,12
1157,U28,68,Hombre,1,0,3.3,Extrahospitalaria,6.1,1,1,12
1158,U28,92,Hombre,1,0,3.5,Extrahospitalaria,6.1,1,0,12
1159,U28,75,Mujer,0,1,3.7,Extrahospitalaria,6.1,1,0,12
1160,U28,73,Hombre,0,1,3.8,Extrahospitalaria,6.1,1,0,12
1161,U28,77,Hombre,0,0,3.6,Extrahospitalaria,6.1,1,0,12
1162,U29,55,Hombre,0,0,4.2,Hospitalaria,4,1,0,12
1163,U29,73,Hombre,1,0,3.8,Hospitalaria,4,1,0,12
1164,U29,70,Hombre,1,0,4.1,Hospitalaria,4,1,0,12
1165,U29,56,Hombre,1,1,3.3,Hospitalaria,4,1,0,12
1166,U29,29,Hombre,0,0,3.5,Hospitalaria,4,1,0,12
1167,U29,45,Hombre,0,1,3.3,Hospitalaria,4,1,0,12
1168,U29,87,Hombre,0,1,3,Hospitalaria,4,1,1,12
1169,U29,59,Mujer,0,0,3.4,Hospitalaria,4,1,0,12
1170,U29,83,Hombre,1,1,3.7,Hospitalaria,4,1,0,12
1171,U29,69,Mujer,1,0,3.8,Hospitalaria,4,1,0,12
1172,U29,70,Hombre,1,1,3.1,Hospitalaria,4,1,1,12
1173,U29,75,Mujer,0,1,3.5,Hospitalaria,4,1,0,12
1174,U29,72,Hombre,0,1,3.8,Hospitalaria,4,1,1,12
1175,U29,63,Hombre,0,0,3.6,Hospitalaria,4,1,0,12
1176,U29,61,Hombre,0,0,3.6,Hospitalaria,4,1,0,12
1177,U29,69,Mujer,1,0,3.4,Hospitalaria,4,1,0,12
1178,U29,63,Hombre,0,0,3.8,Hospitalaria,4,1,0,12
1179,U29,64,Hombre,0,1,3.8,Hospitalaria,4,1,0,12
1180,U29,53,Hombre,0,0,3.7,Hospitalaria,4,1,0,12
1181,U29,66,Hombre,0,0,3.4,Hospitalaria,4,1,0,12
1182,U29,85,Hombre,1,1,3,Hospitalaria,4,1,0,12
1183,U29,71,Mujer,1,1,2.6,Hospitalaria,4,1,0,12
1184,U29,41,Hombre,1,0,3,Hospitalaria,4,1,0,12
1185,U29,82,Hombre,1,0,3.5,Hospitalaria,4,1,0,12
1186,U29,64,Hombre,0,0,3.8,Hospitalaria,4,1,0,12
1187,U29,72,Mujer,0,0,3.7,Hospitalaria,4,1,0,12
1188,U29,59,Hombre,1,1,3.1,Hospitalaria,4,1,0,5
1189,U29,92,Hombre,0,1,3,Hospitalaria,4,1,0,12
1190,U29,67,Mujer,0,0,4,Hospitalaria,4,1,0,12
1191,U29,69,Hombre,1,0,3.3,Hospitalaria,4,1,0,12
1192,U29,54,Hombre,0,0,4.1,Hospitalaria,4,1,0,12
1193,U29,86,Hombre,1,0,4.1,Hospitalaria,4,1,0,12
1194,U29,80,Mujer,0,0,3.8,Hospitalaria,4,1,0,12
1195,U29,54,Hombre,0,0,3.3,Hospitalaria,4,1,0,12
1196,U29,67,Mujer,0,0,4,Hospitalaria,4,1,0,10
1197,U29,65,Hombre,0,0,4.1,Hospitalaria,4,1,0,12
1198,U29,75,Mujer,1,1,3,Hospitalaria,4,1,0,11
1199,U29,72,Hombre,1,1,2.7,Hospitalaria,4,1,1,12
1200,U29,92,Hombre,1,1,3.3,Hospitalaria,4,1,0,12
1201,U29,70,Mujer,1,1,3.4,Hospitalaria,4,1,0,12
1202,U29,42,Hombre,0,0,3.6,Hospitalaria,4,1,0,12
1203,U29,68,Hombre,1,0,3.1,Hospitalaria,4,1,0,12
1204,U29,64,Hombre,1,0,3.9,Hospitalaria,4,1,0,12
1205,U29,59,Hombre,1,1,3.2,Hospitalaria,4,1,0,12
1206,U29,68,Hombre,1,1,3.3,Hospitalaria,4,1,1,12
1207,U29,70,Hombre,1,0,3.7,Hospitalaria,4,1,0,12
1208,U29,67,Hombre,0,0,3.5,Hospitalaria,4,1,0,12
1209,U29,58,Hombre,0,0,3.7,Hospitalaria,4,1,0,12
1210,U29,64,Hombre,0,0,3.7,Hospitalaria,4,1,0,12
1211,U29,54,Hombre,1,1,3.3,Hospitalaria,4,1,0,12
1212,U29,60,Hombre,0,0,3.2,Hospitalaria,4,1,0,12
1213,U29,82,Mujer,0,1,3.2,Hospitalaria,4,1,0,12
1214,U29,59,Hombre,1,1,3.6,Hospitalaria,4,1,0,12
1215,U29,84,Hombre,1,0,4.1,Hospitalaria,4,1,0,5
1216,U29,73,Hombre,0,1,3.1,Hospitalaria,4,1,0,12
1217,U29,78,Hombre,0,0,3.5,Hospitalaria,4,1,0,12
1218,U29,48,Mujer,0,0,3.3,Hospitalaria,4,1,0,10
1219,U29,62,Mujer,0,1,3.3,Hospitalaria,4,1,0,12
1220,U30,63,Hombre,0,1,3.1,Hospitalaria,6.3,0,1,4
1221,U30,72,Hombre,0,1,3,Hospitalaria,6.3,0,1,12
1222,U30,64,Mujer,0,1,2.8,Hospitalaria,6.3,0,0,12
1223,U30,66,Hombre,1,0,4.6,Hospitalaria,6.3,0,0,12
1224,U30,54,Mujer,0,0,4.2,Hospitalaria,6.3,0,1,12
1225,U30,67,Mujer,0,0,3.4,Hospitalaria,6.3,0,0,12
1226,U30,54,Mujer,0,1,3.4,Hospitalaria,6.3,0,0,12
1227,U30,48,Mujer,0,0,2.9,Hospitalaria,6.3,0,0,12
1228,U30,58,Hombre,0,0,3.1,Hospitalaria,6.3,0,0,12
1229,U30,60,Hombre,0,0,4.1,Hospitalaria,6.3,0,0,12
1230,U30,66,Mujer,1,1,2.9,Hospitalaria,6.3,0,1,12
1231,U30,78,Mujer,0,0,3,Hospitalaria,6.3,0,1,12
1232,U30,68,Mujer,0,1,4,Hospitalaria,6.3,0,1,12
1233,U30,58,Mujer,0,0,3.8,Hospitalaria,6.3,0,0,12
1234,U30,69,Mujer,0,0,3.4,Hospitalaria,6.3,0,0,12
1235,U30,46,Mujer,1,0,2.9,Hospitalaria,6.3,0,0,12
1236,U30,52,Mujer,0,0,3.5,Hospitalaria,6.3,0,0,12
1237,U30,55,Hombre,1,1,3,Hospitalaria,6.3,0,0,12
1238,U30,56,Mujer,1,1,3.1,Hospitalaria,6.3,0,1,12
1239,U30,69,Mujer,1,1,3.3,Hospitalaria,6.3,0,1,12
1240,U30,66,Mujer,1,0,3.6,Hospitalaria,6.3,0,0,12
1241,U30,84,Hombre,0,1,3.1,Hospitalaria,6.3,0,0,12
1242,U30,53,Hombre,1,1,3.8,Hospitalaria,6.3,0,0,12
1243,U30,71,Hombre,1,1,3.6,Hospitalaria,6.3,0,0,12
1244,U30,68,Mujer,1,0,3.7,Hospitalaria,6.3,0,0,12
1245,U30,60,Hombre,0,1,3.1,Hospitalaria,6.3,0,1,12
1246,U30,71,Hombre,0,0,3.7,Hospitalaria,6.3,0,0,12
1247,U30,66,Mujer,1,0,3.7,Hospitalaria,6.3,0,0,12
1248,U30,64,Hombre,0,1,2.7,Hospitalaria,6.3,0,1,12
1249,U30,44,Hombre,0,0,2.9,Hospitalaria,6.3,0,0,12
1250,U30,66,Hombre,1,0,3.8,Hospitalaria,6.3,0,1,12
1251,U30,63,Hombre,1,0,3.4,Hospitalaria,6.3,0,0,12
1252,U30,52,Hombre,0,0,4.2,Hospitalaria,6.3,0,0,12
1253,U30,65,Hombre,0,1,3.5,Hospitalaria,6.3,0,0,12
1254,U30,73,Hombre,0,1,3.4,Hospitalaria,6.3,0,0,12
1255,U30,79,Hombre,0,0,3.3,Hospitalaria,6.3,0,1,5
1256,U30,78,Mujer,0,1,3.4,Hospitalaria,6.3,0,1,12
1257,U30,66,Hombre,0,1,3.5,Hospitalaria,6.3,0,0,12
1258,U30,52,Mujer,1,0,3.6,Hospitalaria,6.3,0,0,12
1259,U30,71,Hombre,1,0,3.5,Hospitalaria,6.3,0,0,12
1260,U30,66,Hombre,1,0,3.5,Hospitalaria,6.3,0,1,12
1261,U30,62,Hombre,0,0,3.6,Hospitalaria,6.3,0,0,12
1262,U30,55,Hombre,0,0,3.6,Hospitalaria,6.3,0,1,12
1263,U30,63,Mujer,0,0,3.9,Hospitalaria,6.3,0,0,12
1264,U30,63,Mujer,1,0,3.2,Hospitalaria,6.3,0,0,12
1265,U30,52,Hombre,0,1,2.8,Hospitalaria,6.3,0,1,12
1266,U30,74,Mujer,1,1,3.2,Hospitalaria,6.3,0,1,12
1267,U30,62,Hombre,0,0,4.2,Hospitalaria,6.3,0,0,12
1268,U30,64,Mujer,1,1,2.9,Hospitalaria,6.3,0,0,12
1269,U30,64,Hombre,0,1,3,Hospitalaria,6.3,0,1,12
1270,U30,58,Hombre,0,0,4.4,Hospitalaria,6.3,0,0,12
1271,U30,64,Hombre,1,0,3.4,Hospitalaria,6.3,0,0,12
1272,U30,44,Mujer,1,1,3,Hospitalaria,6.3,0,0,12
1273,U30,59,Mujer,0,0,3.3,Hospitalaria,6.3,0,1,12
1274,U30,54,Mujer,1,0,3.3,Hospitalaria,6.3,0,0,12
1275,U30,72,Mujer,0,1,3.2,Hospitalaria,6.3,0,1,12
1276,U30,53,Hombre,0,1,3,Hospitalaria,6.3,0,1,12
1277,U30,56,Hombre,0,0,2.4,Hospitalaria,6.3,0,0,12
1278,U30,48,Hombre,0,0,3.7,Hospitalaria,6.3,0,1,12
1279,U31,50,Hombre,0,1,3.7,Hospitalaria,4.7,1,0,12
1280,U31,55,Hombre,1,0,3.3,Hospitalaria,4.7,1,0,12
1281,U31,60,Hombre,0,0,4.1,Hospitalaria,4.7,1,0,12
1282,U31,35,Hombre,0,0,4.1,Hospitalaria,4.7,1,0,12
1283,U31,46,Hombre,0,1,3.4,Hospitalaria,4.7,1,0,12
1284,U31,53,Mujer,1,0,3.4,Hospitalaria,4.7,1,0,12
1285,U31,64,Hombre,1,1,3.3,Hospitalaria,4.7,1,1,12
1286,U31,73,Hombre,0,0,2.8,Hospitalaria,4.7,1,1,12
1287,U31,65,Hombre,0,1,3.7,Hospitalaria,4.7,1,0,11
1288,U31,64,Mujer,0,0,3.4,Hospitalaria,4.7,1,0,12
1289,U31,40,Mujer,1,0,3.8,Hospitalaria,4.7,1,0,12
1290,U31,41,Mujer,0,0,3.7,Hospitalaria,4.7,1,0,12
1291,U31,38,Mujer,0,0,3.4,Hospitalaria,4.7,1,0,12
1292,U31,31,Hombre,1,0,3.8,Hospitalaria,4.7,1,0,12
1293,U31,50,Hombre,0,0,3.6,Hospitalaria,4.7,1,0,12
1294,U31,70,Mujer,0,1,3.4,Hospitalaria,4.7,1,0,12
1295,U31,48,Hombre,0,0,3,Hospitalaria,4.7,1,1,12
1296,U31,45,Hombre,0,0,3.2,Hospitalaria,4.7,1,1,12
1297,U31,43,Hombre,0,0,3.7,Hospitalaria,4.7,1,0,12
1298,U31,52,Hombre,0,0,3.6,Hospitalaria,4.7,1,0,12
1299,U31,61,Mujer,0,0,3.5,Hospitalaria,4.7,1,0,12
1300,U31,68,Hombre,1,0,3.8,Hospitalaria,4.7,1,0,12
1301,U31,37,Hombre,0,0,3.3,Hospitalaria,4.7,1,0,12
1302,U31,45,Hombre,0,1,3.6,Hospitalaria,4.7,1,0,12
1303,U31,52,Hombre,0,0,3.9,Hospitalaria,4.7,1,0,12
1304,U31,70,Hombre,1,0,2.7,Hospitalaria,4.7,1,0,12
1305,U31,62,Hombre,0,1,3.7,Hospitalaria,4.7,1,1,12
1306,U31,38,Hombre,0,0,4.3,Hospitalaria,4.7,1,0,12
1307,U31,51,Hombre,1,1,2.9,Hospitalaria,4.7,1,0,12
1308,U31,50,Hombre,1,0,3.7,Hospitalaria,4.7,1,1,12
1309,U31,36,Mujer,0,1,3.4,Hospitalaria,4.7,1,0,12
1310,U31,43,Hombre,0,0,2.7,Hospitalaria,4.7,1,0,12
1311,U31,44,Hombre,0,1,4.2,Hospitalaria,4.7,1,0,12
1312,U31,39,Mujer,1,1,3.3,Hospitalaria,4.7,1,0,8
1313,U31,49,Hombre,1,0,3.7,Hospitalaria,4.7,1,0,12
1314,U31,44,Hombre,1,0,3.8,Hospitalaria,4.7,1,1,12
1315,U31,48,Mujer,1,1,3,Hospitalaria,4.7,1,1,12
1316,U31,61,Mujer,1,0,3.6,Hospitalaria,4.7,1,1,12
1317,U31,49,Hombre,0,1,4.1,Hospitalaria,4.7,1,0,12
1318,U31,55,Hombre,0,1,4.3,Hospitalaria,4.7,1,0,12
1319,U31,58,Hombre,1,1,3.5,Hospitalaria,4.7,1,0,12
1320,U31,37,Mujer,0,0,3.3,Hospitalaria,4.7,1,0,12
1321,U31,29,Hombre,0,0,3.8,Hospitalaria,4.7,1,0,12
1322,U31,50,Mujer,0,0,3.6,Hospitalaria,4.7,1,1,12
1323,U31,74,Hombre,1,0,3.6,Hospitalaria,4.7,1,1,12
1324,U31,79,Hombre,0,0,3.9,Hospitalaria,4.7,1,1,12
1325,U31,72,Hombre,1,1,3.8,Hospitalaria,4.7,1,0,12
1326,U31,50,Hombre,0,0,3.4,Hospitalaria,4.7,1,1,12
1327,U32,60,Mujer,1,1,3.2,Extrahospitalaria,3.9,1,1,12
1328,U32,70,Mujer,0,1,3.2,Extrahospitalaria,3.9,1,0,12
1329,U32,62,Hombre,1,0,3.6,Extrahospitalaria,3.9,1,0,12
1330,U32,43,Hombre,1,1,3.7,Extrahospitalaria,3.9,1,1,12
1331,U32,77,Hombre,0,0,3.9,Extrahospitalaria,3.9,1,0,12
1332,U32,78,Hombre,0,0,3.5,Extrahospitalaria,3.9,1,0,12
1333,U32,57,Mujer,0,0,3.3,Extrahospitalaria,3.9,1,0,12
1334,U32,48,Hombre,1,0,3.6,Extrahospitalaria,3.9,1,0,12
1335,U32,50,Hombre,0,1,3.6,Extrahospitalaria,3.9,1,1,12
1336,U32,48,Mujer,0,1,2.8,Extrahospitalaria,3.9,1,1,12
1337,U32,62,Hombre,1,0,3.1,Extrahospitalaria,3.9,1,0,12
1338,U32,62,Mujer,0,0,3.5,Extrahospitalaria,3.9,1,0,12
1339,U32,40,Hombre,1,0,3.6,Extrahospitalaria,3.9,1,0,12
1340,U32,48,Hombre,0,1,3.5,Extrahospitalaria,3.9,1,0,12
1341,U32,64,Hombre,1,1,3.8,Extrahospitalaria,3.9,1,0,12
1342,U32,79,Hombre,0,0,4.1,Extrahospitalaria,3.9,1,1,12
1343,U32,92,Mujer,0,0,3.7,Extrahospitalaria,3.9,1,0,12
1344,U32,57,Hombre,1,0,3,Extrahospitalaria,3.9,1,0,12
1345,U32,49,Hombre,0,0,4.1,Extrahospitalaria,3.9,1,0,12
1346,U32,45,Hombre,0,0,4,Extrahospitalaria,3.9,1,0,12
1347,U32,57,Hombre,1,0,2.4,Extrahospitalaria,3.9,1,0,12
1348,U32,54,Hombre,1,0,3.8,Extrahospitalaria,3.9,1,0,12
1349,U32,71,Mujer,0,0,4,Extrahospitalaria,3.9,1,0,12
1350,U32,70,Hombre,0,0,4,Extrahospitalaria,3.9,1,0,12
1351,U32,68,Mujer,1,0,3.5,Extrahospitalaria,3.9,1,0,12
1352,U32,70,Mujer,0,1,4.4,Extrahospitalaria,3.9,1,0,12
1353,U32,69,Hombre,0,0,3.2,Extrahospitalaria,3.9,1,0,12
1354,U32,54,Hombre,0,1,3.4,Extrahospitalaria,3.9,1,0,12
1355,U32,76,Hombre,0,0,4.1,Extrahospitalaria,3.9,1,0,12
1356,U32,53,Mujer,0,0,3.4,Extrahospitalaria,3.9,1,0,12
1357,U32,62,Hombre,0,0,4.4,Extrahospitalaria,3.9,1,0,12
1358,U33,59,Mujer,0,0,3.3,Hospitalaria,3.5,1,0,12
1359,U33,57,Hombre,0,1,3.5,Hospitalaria,3.5,1,0,12
1360,U33,62,Hombre,0,1,3.3,Hospitalaria,3.5,1,1,12
1361,U33,58,Mujer,0,1,3.2,Hospitalaria,3.5,1,0,12
1362,U33,82,Hombre,0,0,3.6,Hospitalaria,3.5,1,1,12
1363,U33,61,Hombre,0,0,3.5,Hospitalaria,3.5,1,0,12
1364,U33,90,Hombre,1,0,3.7,Hospitalaria,3.5,1,1,12
1365,U33,57,Hombre,0,0,3.3,Hospitalaria,3.5,1,0,12
1366,U33,75,Hombre,0,0,4.1,Hospitalaria,3.5,1,0,12
1367,U33,70,Mujer,0,1,3.8,Hospitalaria,3.5,1,1,7
1368,U33,65,Hombre,0,0,4.3,Hospitalaria,3.5,1,0,12
1369,U33,60,Hombre,0,0,3.6,Hospitalaria,3.5,1,0,12
1370,U33,62,Mujer,1,1,2.9,Hospitalaria,3.5,1,1,12
1371,U33,75,Mujer,1,0,3.9,Hospitalaria,3.5,1,0,12
1372,U33,75,Hombre,1,0,4.1,Hospitalaria,3.5,1,1,12
1373,U33,70,Hombre,1,0,3.7,Hospitalaria,3.5,1,1,12
1374,U33,65,Mujer,1,1,3.3,Hospitalaria,3.5,1,1,12
1375,U33,65,Mujer,1,0,3,Hospitalaria,3.5,1,1,5
1376,U33,65,Mujer,0,0,4,Hospitalaria,3.5,1,0,12
1377,U33,82,Mujer,0,1,3.8,Hospitalaria,3.5,1,0,12
1378,U33,79,Hombre,0,0,4.2,Hospitalaria,3.5,1,0,12
1379,U33,57,Mujer,1,1,2.9,Hospitalaria,3.5,1,0,12
1380,U33,38,Hombre,0,0,3.2,Hospitalaria,3.5,1,0,12
1381,U33,68,Mujer,0,0,3.5,Hospitalaria,3.5,1,0,12
1382,U33,57,Hombre,1,0,3.2,Hospitalaria,3.5,1,0,12
1383,U33,59,Hombre,0,1,2.3,Hospitalaria,3.5,1,1,12
1384,U33,65,Mujer,0,0,3.4,Hospitalaria,3.5,1,0,12
1385,U33,76,Mujer,1,0,3.1,Hospitalaria,3.5,1,0,12
1386,U33,62,Mujer,0,0,4.1,Hospitalaria,3.5,1,0,12
1387,U33,64,Mujer,0,1,3.9,Hospitalaria,3.5,1,0,12
1388,U33,51,Mujer,1,0,4.1,Hospitalaria,3.5,1,1,12
1389,U33,65,Hombre,1,0,4,Hospitalaria,3.5,1,0,12
1390,U33,70,Hombre,0,0,4,Hospitalaria,3.5,1,1,12
1391,U33,57,Mujer,0,0,3.9,Hospitalaria,3.5,1,0,12
1392,U33,74,Hombre,1,0,3.3,Hospitalaria,3.5,1,1,12
1393,U33,51,Hombre,0,0,3,Hospitalaria,3.5,1,0,12
1394,U33,92,Mujer,1,1,2.6,Hospitalaria,3.5,1,1,12
1395,U33,72,Hombre,1,0,4.1,Hospitalaria,3.5,1,0,12
1396,U33,69,Mujer,1,0,4.2,Hospitalaria,3.5,1,0,12
1397,U33,72,Hombre,0,0,4.4,Hospitalaria,3.5,1,0,12
1398,U33,79,Hombre,1,1,3.4,Hospitalaria,3.5,1,1,12
1399,U33,78,Hombre,0,0,3.9,Hospitalaria,3.5,1,1,12
1400,U33,65,Mujer,1,0,3.1,Hospitalaria,3.5,1,1,12
1401,U33,80,Hombre,1,1,3.1,Hospitalaria,3.5,1,1,12
1402,U33,73,Hombre,0,0,3.8,Hospitalaria,3.5,1,0,12
1403,U33,82,Mujer,1,0,3.1,Hospitalaria,3.5,1,1,12
1404,U33,65,Hombre,0,1,3.3,Hospitalaria,3.5,1,1,11
1405,U33,72,Mujer,0,1,3,Hospitalaria,3.5,1,0,12
1406,U33,72,Hombre,0,1,2.9,Hospitalaria,3.5,1,1,12
1407,U33,70,Hombre,0,0,3.3,Hospitalaria,3.5,1,1,12
1408,U33,92,Hombre,0,0,3.7,Hospitalaria,3.5,1,0,12
1409,U33,74,Hombre,0,1,3.3,Hospitalaria,3.5,1,1,12
1410,U33,70,Hombre,0,1,2.8,Hospitalaria,3.5,1,1,12
1411,U33,85,Mujer,0,0,3.6,Hospitalaria,3.5,1,0,12
1412,U33,77,Hombre,1,1,3.5,Hospitalaria,3.5,1,1,12
1413,U33,79,Mujer,1,1,3.5,Hospitalaria,3.5,1,1,12
1414,U34,71,Hombre,1,0,3.8,Extrahospitalaria,4.2,0,0,12
1415,U34,71,Hombre,1,1,3,Extrahospitalaria,4.2,0,0,12
1416,U34,62,Hombre,1,0,3.3,Extrahospitalaria,4.2,0,0,5
1417,U34,66,Hombre,1,0,3.6,Extrahospitalaria,4.2,0,0,12
1418,U34,61,Mujer,0,0,3.8,Extrahospitalaria,4.2,0,0,12
1419,U34,54,Hombre,0,0,3.3,Extrahospitalaria,4.2,0,0,12
1420,U34,62,Hombre,0,1,2.7,Extrahospitalaria,4.2,0,0,12
1421,U34,56,Mujer,1,0,3.9,Extrahospitalaria,4.2,0,0,8
1422,U34,53,Mujer,0,0,4.4,Extrahospitalaria,4.2,0,0,12
1423,U34,77,Mujer,0,1,3.8,Extrahospitalaria,4.2,0,0,4
1424,U34,57,Mujer,0,0,3.8,Extrahospitalaria,4.2,0,0,12
1425,U34,92,Mujer,1,0,3.7,Extrahospitalaria,4.2,0,0,12
1426,U34,77,Mujer,1,0,3.5,Extrahospitalaria,4.2,0,0,12
1427,U34,70,Hombre,0,0,3.7,Extrahospitalaria,4.2,0,0,12
1428,U34,62,Hombre,0,1,4,Extrahospitalaria,4.2,0,1,12
1429,U34,72,Hombre,0,0,4.4,Extrahospitalaria,4.2,0,0,12
1430,U34,63,Mujer,1,0,3.1,Extrahospitalaria,4.2,0,0,12
1431,U34,75,Hombre,1,0,3.3,Extrahospitalaria,4.2,0,1,12
1432,U34,68,Mujer,0,0,3.9,Extrahospitalaria,4.2,0,0,12
1433,U34,66,Hombre,1,0,3.8,Extrahospitalaria,4.2,0,0,12
1434,U34,67,Hombre,0,1,3.7,Extrahospitalaria,4.2,0,1,12
1435,U34,83,Hombre,0,1,3.4,Extrahospitalaria,4.2,0,0,12
1436,U34,82,Mujer,1,0,2.7,Extrahospitalaria,4.2,0,1,12
1437,U34,67,Hombre,0,0,3,Extrahospitalaria,4.2,0,1,12
1438,U34,92,Hombre,1,1,3.2,Extrahospitalaria,4.2,0,1,12
1439,U34,82,Mujer,1,0,4,Extrahospitalaria,4.2,0,0,12
1440,U34,67,Mujer,0,0,3.7,Extrahospitalaria,4.2,0,1,12
1441,U34,75,Hombre,1,0,3.8,Extrahospitalaria,4.2,0,1,12
1442,U34,83,Hombre,0,0,4.2,Extrahospitalaria,4.2,0,1,12
1443,U34,77,Hombre,1,0,3.4,Extrahospitalaria,4.2,0,1,12
1444,U34,84,Hombre,1,1,3.2,Extrahospitalaria,4.2,0,0,12
1445,U34,54,Hombre,0,1,3.8,Extrahospitalaria,4.2,0,0,12
1446,U34,84,Hombre,1,0,4,Extrahospitalaria,4.2,0,0,12
1447,U34,83,Mujer,0,0,4.5,Extrahospitalaria,4.2,0,0,12
1448,U34,59,Hombre,0,0,3.2,Extrahospitalaria,4.2,0,0,12
1449,U34,48,Hombre,0,0,4.1,Extrahospitalaria,4.2,0,1,12
1450,U34,74,Hombre,1,1,3.5,Extrahospitalaria,4.2,0,0,12
1451,U34,56,Hombre,1,1,3.2,Extrahospitalaria,4.2,0,0,12
1452,U34,54,Hombre,0,0,3.7,Extrahospitalaria,4.2,0,0,12
1453,U34,86,Mujer,0,0,4.2,Extrahospitalaria,4.2,0,0,6
1454,U34,63,Hombre,1,1,3.5,Extrahospitalaria,4.2,0,0,12
1455,U34,64,Mujer,0,0,3.8,Extrahospitalaria,4.2,0,0,12
1456,U34,85,Mujer,1,0,2.9,Extrahospitalaria,4.2,0,0,4
1457,U34,62,Mujer,0,1,3.1,Extrahospitalaria,4.2,0,1,12
1458,U34,70,Hombre,0,1,3.3,Extrahospitalaria,4.2,0,0,12
1459,U34,79,Hombre,1,0,3.1,Extrahospitalaria,4.2,0,0,12
1460,U34,74,Hombre,0,0,3,Extrahospitalaria,4.2,0,0,10
1461,U34,70,Mujer,1,0,3.4,Extrahospitalaria,4.2,0,0,12
1462,U34,67,Hombre,1,1,2.8,Extrahospitalaria,4.2,0,0,12
1463,U34,68,Hombre,1,0,3.6,Extrahospitalaria,4.2,0,0,12
1464,U34,61,Mujer,0,0,3.8,Extrahospitalaria,4.2,0,0,12
1465,U34,65,Hombre,0,0,3.8,Extrahospitalaria,4.2,0,0,12
1466,U34,73,Hombre,0,1,3.9,Extrahospitalaria,4.2,0,0,9
1467,U34,62,Hombre,0,1,4.4,Extrahospitalaria,4.2,0,0,12
1468,U34,59,Hombre,1,0,4.1,Extrahospitalaria,4.2,0,0,12
1469,U34,60,Hombre,0,0,4,Extrahospitalaria,4.2,0,0,12
1470,U34,46,Hombre,0,0,3.6,Extrahospitalaria,4.2,0,0,12
1471,U35,59,Hombre,0,0,4,Extrahospitalaria,6.2,1,0,12
1472,U35,47,Hombre,0,0,3.5,Extrahospitalaria,6.2,1,0,12
1473,U35,43,Mujer,0,0,3.6,Extrahospitalaria,6.2,1,0,12
1474,U35,53,Hombre,0,1,4.4,Extrahospitalaria,6.2,1,0,12
1475,U35,67,Hombre,0,0,3.3,Extrahospitalaria,6.2,1,0,12
1476,U35,61,Hombre,1,1,3.1,Extrahospitalaria,6.2,1,0,12
1477,U35,65,Mujer,1,0,3.2,Extrahospitalaria,6.2,1,1,12
1478,U35,66,Mujer,0,1,3.8,Extrahospitalaria,6.2,1,0,12
1479,U35,73,Hombre,1,1,2.8,Extrahospitalaria,6.2,1,0,12
1480,U35,72,Mujer,1,1,3.5,Extrahospitalaria,6.2,1,0,12
1481,U35,54,Hombre,1,0,4.4,Extrahospitalaria,6.2,1,0,12
1482,U35,74,Hombre,0,1,4,Extrahospitalaria,6.2,1,0,12
1483,U35,56,Mujer,0,1,3.6,Extrahospitalaria,6.2,1,0,12
1484,U35,79,Mujer,1,0,3.6,Extrahospitalaria,6.2,1,0,12
1485,U35,50,Hombre,0,0,4.2,Extrahospitalaria,6.2,1,0,12
1486,U35,58,Hombre,0,1,3.1,Extrahospitalaria,6.2,1,0,12
1487,U35,69,Hombre,0,1,2.9,Extrahospitalaria,6.2,1,0,12
1488,U35,29,Hombre,0,0,3.6,Extrahospitalaria,6.2,1,0,12
1489,U35,77,Mujer,0,0,4.4,Extrahospitalaria,6.2,1,0,12
1490,U35,64,Mujer,1,1,3.3,Extrahospitalaria,6.2,1,0,12
1491,U35,58,Hombre,0,0,3.1,Extrahospitalaria,6.2,1,0,12
1492,U35,78,Mujer,1,0,3.4,Extrahospitalaria,6.2,1,0,4
1493,U35,61,Hombre,0,1,3.8,Extrahospitalaria,6.2,1,0,11
1494,U35,49,Hombre,1,0,3.7,Extrahospitalaria,6.2,1,0,12
1495,U35,58,Hombre,1,0,2.7,Extrahospitalaria,6.2,1,1,12
1496,U35,49,Hombre,1,0,3.6,Extrahospitalaria,6.2,1,1,12
1497,U35,59,Hombre,1,0,3.5,Extrahospitalaria,6.2,1,0,12
1498,U35,61,Hombre,0,0,3.9,Extrahospitalaria,6.2,1,0,12
1499,U35,74,Hombre,1,0,3.3,Extrahospitalaria,6.2,1,1,12
1500,U35,74,Hombre,0,1,3.3,Extrahospitalaria,6.2,1,0,12
1501,U35,69,Hombre,0,0,3.2,Extrahospitalaria,6.2,1,1,12
1502,U35,63,Mujer,1,0,4.1,Extrahospitalaria,6.2,1,0,12
1503,U35,49,Mujer,1,0,3.5,Extrahospitalaria,6.2,1,0,12
1504,U35,63,Mujer,1,0,4,Extrahospitalaria,6.2,1,0,12
1505,U35,56,Hombre,1,1,3.2,Extrahospitalaria,6.2,1,0,4
1506,U35,64,Hombre,1,0,3.7,Extrahospitalaria,6.2,1,1,12
1507,U35,55,Mujer,1,0,3.7,Extrahospitalaria,6.2,1,0,12
1508,U35,59,Mujer,0,1,3.4,Extrahospitalaria,6.2,1,1,11
1509,U35,46,Mujer,0,0,4.1,Extrahospitalaria,6.2,1,0,12
1510,U35,61,Hombre,1,1,3.3,Extrahospitalaria,6.2,1,0,12
1511,U35,48,Mujer,1,1,3.4,Extrahospitalaria,6.2,1,0,12
1512,U35,60,Hombre,0,0,3.3,Extrahospitalaria,6.2,1,0,12
1513,U35,57,Hombre,1,0,3.5,Extrahospitalaria,6.2,1,0,12
1514,U35,66,Hombre,1,1,3.4,Extrahospitalaria,6.2,1,0,12
1515,U35,51,Hombre,0,1,3.2,Extrahospitalaria,6.2,1,0,12
1516,U35,46,Hombre,1,0,3.6,Extrahospitalaria,6.2,1,1,12
1517,U35,66,Hombre,1,0,3.4,Extrahospitalaria,6.2,1,0,12
1518,U35,65,Hombre,0,1,3.7,Extrahospitalaria,6.2,1,0,12
1519,U35,63,Hombre,1,0,3.1,Extrahospitalaria,6.2,1,0,12
1520,U35,58,Mujer,0,1,3.4,Extrahospitalaria,6.2,1,0,12
1521,U35,65,Mujer,0,0,3.3,Extrahospitalaria,6.2,1,0,12
1522,U35,75,Hombre,0,0,3.1,Extrahospitalaria,6.2,1,1,12
1523,U35,47,Hombre,0,0,3.5,Extrahospitalaria,6.2,1,0,12
1524,U35,52,Hombre,1,0,3.7,Extrahospitalaria,6.2,1,0,12
1525,U35,52,Hombre,1,0,2.4,Extrahospitalaria,6.2,1,1,12
1526,U35,59,Mujer,1,1,4.1,Extrahospitalaria,6.2,1,0,12
1527,U35,55,Mujer,1,0,3.5,Extrahospitalaria,6.2,1,0,10
1528,U35,53,Hombre,0,0,3.5,Extrahospitalaria,6.2,1,0,12
1529,U35,69,Hombre,0,0,3.8,Extrahospitalaria,6.2,1,1,12
1530,U35,61,Hombre,1,0,3.2,Extrahospitalaria,6.2,1,0,12
1531,U36,54,Hombre,0,0,3,Extrahospitalaria,5.2,1,0,12
1532,U36,64,Mujer,0,1,3.3,Extrahospitalaria,5.2,1,0,12
1533,U36,63,Hombre,0,1,2.9,Extrahospitalaria,5.2,1,0,12
1534,U36,47,Hombre,1,1,3.2,Extrahospitalaria,5.2,1,0,12
1535,U36,74,Mujer,0,0,3.5,Extrahospitalaria,5.2,1,0,12
1536,U36,46,Mujer,0,0,3.9,Extrahospitalaria,5.2,1,0,12
1537,U36,63,Hombre,0,1,3,Extrahospitalaria,5.2,1,0,12
1538,U36,64,Mujer,1,0,3.6,Extrahospitalaria,5.2,1,0,12
1539,U36,66,Hombre,1,1,2.8,Extrahospitalaria,5.2,1,0,12
1540,U36,63,Hombre,0,0,3.9,Extrahospitalaria,5.2,1,0,12
1541,U36,63,Hombre,1,1,3.2,Extrahospitalaria,5.2,1,0,12
1542,U36,67,Hombre,1,0,3.4,Extrahospitalaria,5.2,1,0,12
1543,U36,67,Hombre,0,1,3.3,Extrahospitalaria,5.2,1,0,12
1544,U36,75,Mujer,1,0,3.7,Extrahospitalaria,5.2,1,0,12
1545,U36,63,Hombre,1,0,3.8,Extrahospitalaria,5.2,1,0,8
1546,U36,74,Hombre,0,0,3.8,Extrahospitalaria,5.2,1,0,12
1547,U36,65,Hombre,1,0,3.5,Extrahospitalaria,5.2,1,0,12
1548,U36,56,Hombre,1,0,3.6,Extrahospitalaria,5.2,1,0,12
1549,U36,55,Hombre,1,1,3,Extrahospitalaria,5.2,1,0,12
1550,U36,64,Hombre,0,1,3.5,Extrahospitalaria,5.2,1,0,12
1551,U36,56,Mujer,1,0,3.7,Extrahospitalaria,5.2,1,0,12
1552,U36,60,Hombre,1,0,3.6,Extrahospitalaria,5.2,1,0,12
1553,U36,64,Mujer,1,1,4,Extrahospitalaria,5.2,1,0,12
1554,U36,72,Hombre,1,0,3.2,Extrahospitalaria,5.2,1,0,12
1555,U36,92,Hombre,0,0,3.7,Extrahospitalaria,5.2,1,0,12
1556,U36,76,Mujer,1,0,3.6,Extrahospitalaria,5.2,1,0,12
1557,U36,59,Hombre,0,0,3.5,Extrahospitalaria,5.2,1,0,12
1558,U36,64,Mujer,1,0,3.8,Extrahospitalaria,5.2,1,0,12
1559,U36,57,Hombre,0,1,3.5,Extrahospitalaria,5.2,1,0,12
1560,U36,81,Hombre,0,0,4,Extrahospitalaria,5.2,1,0,12
1561,U36,62,Hombre,1,0,4.1,Extrahospitalaria,5.2,1,0,12
1562,U36,55,Hombre,0,0,4.7,Extrahospitalaria,5.2,1,0,12
1563,U36,74,Mujer,1,0,4.2,Extrahospitalaria,5.2,1,0,12
1564,U36,76,Hombre,0,0,4,Extrahospitalaria,5.2,1,0,12
1565,U36,77,Hombre,0,1,3.2,Extrahospitalaria,5.2,1,1,12
1566,U36,56,Hombre,1,1,2.3,Extrahospitalaria,5.2,1,0,12
1567,U36,85,Hombre,0,0,3.3,Extrahospitalaria,5.2,1,0,12
1568,U36,81,Hombre,0,0,3.6,Extrahospitalaria,5.2,1,0,12
1569,U36,67,Hombre,1,1,2.8,Extrahospitalaria,5.2,1,0,12
1570,U36,74,Mujer,0,1,3.3,Extrahospitalaria,5.2,1,1,5
1571,U36,38,Mujer,0,0,3.6,Extrahospitalaria,5.2,1,0,12
1572,U37,60,Hombre,0,0,3.3,Extrahospitalaria,5.7,0,0,11
1573,U37,52,Hombre,0,0,3.8,Extrahospitalaria,5.7,0,1,12
1574,U37,58,Hombre,0,0,4.3,Extrahospitalaria,5.7,0,1,12
1575,U37,61,Hombre,1,1,3,Extrahospitalaria,5.7,0,0,12
1576,U37,67,Mujer,0,0,3.7,Extrahospitalaria,5.7,0,0,12
1577,U37,64,Mujer,0,1,3.3,Extrahospitalaria,5.7,0,1,12
1578,U37,35,Hombre,0,0,3.9,Extrahospitalaria,5.7,0,0,12
1579,U37,75,Hombre,1,0,3.7,Extrahospitalaria,5.7,0,1,12
1580,U37,64,Mujer,0,0,3.1,Extrahospitalaria,5.7,0,1,12
1581,U37,58,Hombre,1,1,2.2,Extrahospitalaria,5.7,0,1,12
1582,U37,65,Mujer,1,0,2.9,Extrahospitalaria,5.7,0,1,12
1583,U37,55,Mujer,0,0,3.7,Extrahospitalaria,5.7,0,0,12
1584,U37,47,Hombre,0,0,3.5,Extrahospitalaria,5.7,0,1,12
1585,U37,52,Hombre,0,1,4.2,Extrahospitalaria,5.7,0,0,12
1586,U37,69,Mujer,1,1,3.4,Extrahospitalaria,5.7,0,0,12
1587,U37,62,Hombre,0,0,4,Extrahospitalaria,5.7,0,0,12
1588,U37,63,Mujer,1,1,3,Extrahospitalaria,5.7,0,1,12
1589,U37,50,Mujer,0,0,3.7,Extrahospitalaria,5.7,0,0,12
1590,U37,61,Mujer,1,0,3.7,Extrahospitalaria,5.7,0,0,12
1591,U37,47,Hombre,0,1,3.5,Extrahospitalaria,5.7,0,0,12
1592,U37,38,Mujer,1,0,3.7,Extrahospitalaria,5.7,0,0,12
1593,U37,58,Mujer,0,1,3.4,Extrahospitalaria,5.7,0,1,12
1594,U37,59,Mujer,1,0,3.2,Extrahospitalaria,5.7,0,0,12
1595,U37,33,Hombre,0,0,4.2,Extrahospitalaria,5.7,0,0,12
1596,U37,41,Hombre,1,0,3,Extrahospitalaria,5.7,0,1,8
1597,U37,69,Hombre,1,1,3.4,Extrahospitalaria,5.7,0,1,12
1598,U37,58,Mujer,0,0,3.3,Extrahospitalaria,5.7,0,0,12
1599,U37,73,Hombre,1,1,3.7,Extrahospitalaria,5.7,0,0,12
1600,U37,61,Hombre,0,0,4.4,Extrahospitalaria,5.7,0,0,12
1601,U37,46,Hombre,1,0,3.8,Extrahospitalaria,5.7,0,0,12
1602,U37,70,Mujer,1,1,3.2,Extrahospitalaria,5.7,0,1,12
1603,U37,62,Hombre,1,1,3.2,Extrahospitalaria,5.7,0,0,12
1604,U37,64,Hombre,0,0,3.7,Extrahospitalaria,5.7,0,1,12
1605,U37,69,Hombre,0,1,4.2,Extrahospitalaria,5.7,0,0,12
1606,U37,45,Hombre,0,0,3.6,Extrahospitalaria,5.7,0,1,12
1607,U37,60,Hombre,0,0,3.7,Extrahospitalaria,5.7,0,1,12
1608,U37,76,Hombre,1,1,3.1,Extrahospitalaria,5.7,0,1,12
1609,U37,52,Mujer,0,1,4.3,Extrahospitalaria,5.7,0,0,12
1610,U37,57,Mujer,0,1,2.8,Extrahospitalaria,5.7,0,1,12
1611,U37,44,Hombre,1,1,3.2,Extrahospitalaria,5.7,0,0,12
1612,U37,55,Mujer,0,0,3.7,Extrahospitalaria,5.7,0,0,12
1613,U37,75,Hombre,1,1,3.3,Extrahospitalaria,5.7,0,1,8
1614,U37,64,Hombre,0,0,3,Extrahospitalaria,5.7,0,1,12
1615,U37,57,Mujer,0,1,4,Extrahospitalaria,5.7,0,0,12
1616,U37,59,Hombre,1,0,4.1,Extrahospitalaria,5.7,0,0,12
1617,U37,66,Mujer,1,1,3.7,Extrahospitalaria,5.7,0,0,12
1618,U37,40,Hombre,1,0,3.7,Extrahospitalaria,5.7,0,0,12
1619,U37,52,Hombre,0,0,3.1,Extrahospitalaria,5.7,0,1,12
1620,U37,52,Mujer,1,0,3.4,Extrahospitalaria,5.7,0,0,12
1621,U37,54,Mujer,1,1,2.8,Extrahospitalaria,5.7,0,0,12
1622,U37,68,Hombre,1,0,3.1,Extrahospitalaria,5.7,0,0,12
1623,U37,51,Hombre,0,0,3.7,Extrahospitalaria,5.7,0,0,12
1624,U37,61,Mujer,1,1,3.3,Extrahospitalaria,5.7,0,1,12
1625,U37,59,Hombre,0,1,3.9,Extrahospitalaria,5.7,0,1,9
1626,U37,59,Mujer,0,1,2.8,Extrahospitalaria,5.7,0,0,12
1627,U37,48,Hombre,0,0,3.9,Extrahospitalaria,5.7,0,0,12
1628,U38,66,Mujer,1,1,3,Hospitalaria,4.2,1,1,12
1629,U38,64,Mujer,0,0,3.8,Hospitalaria,4.2,1,1,12
1630,U38,57,Hombre,0,0,3.8,Hospitalaria,4.2,1,0,12
1631,U38,58,Hombre,0,0,3.7,Hospitalaria,4.2,1,0,12
1632,U38,61,Mujer,0,0,3.3,Hospitalaria,4.2,1,0,12
1633,U38,67,Hombre,1,0,3.2,Hospitalaria,4.2,1,0,12
1634,U38,59,Hombre,0,0,3.3,Hospitalaria,4.2,1,0,12
1635,U38,45,Mujer,0,1,3.7,Hospitalaria,4.2,1,0,12
1636,U38,71,Hombre,0,1,3.1,Hospitalaria,4.2,1,1,12
1637,U38,52,Hombre,0,0,4.8,Hospitalaria,4.2,1,0,12
1638,U38,57,Hombre,0,0,3.9,Hospitalaria,4.2,1,0,12
1639,U38,57,Mujer,1,0,2.9,Hospitalaria,4.2,1,0,12
1640,U38,60,Mujer,1,0,3.5,Hospitalaria,4.2,1,0,12
1641,U38,54,Hombre,0,1,3.4,Hospitalaria,4.2,1,0,4
1642,U38,80,Hombre,1,0,3.4,Hospitalaria,4.2,1,0,12
1643,U38,62,Mujer,1,0,3.3,Hospitalaria,4.2,1,1,12
1644,U38,58,Hombre,1,1,3.6,Hospitalaria,4.2,1,0,12
1645,U38,47,Mujer,0,1,3.5,Hospitalaria,4.2,1,0,12
1646,U38,55,Hombre,0,1,3.5,Hospitalaria,4.2,1,0,12
1647,U38,53,Mujer,0,1,2.7,Hospitalaria,4.2,1,1,12
1648,U38,46,Hombre,0,1,3.1,Hospitalaria,4.2,1,1,12
1649,U38,55,Hombre,0,1,3.4,Hospitalaria,4.2,1,0,12
1650,U38,54,Hombre,1,0,2.8,Hospitalaria,4.2,1,1,12
1651,U38,60,Hombre,1,0,3.1,Hospitalaria,4.2,1,0,12
1652,U38,32,Hombre,0,0,3.8,Hospitalaria,4.2,1,0,12
1653,U38,38,Hombre,0,0,3.7,Hospitalaria,4.2,1,0,6
1654,U38,52,Mujer,0,0,3.1,Hospitalaria,4.2,1,0,12
1655,U38,79,Hombre,0,0,3.9,Hospitalaria,4.2,1,0,12
1656,U38,74,Hombre,1,0,3.9,Hospitalaria,4.2,1,0,12
1657,U38,56,Hombre,0,0,3.6,Hospitalaria,4.2,1,0,12
1658,U38,60,Mujer,0,0,3.4,Hospitalaria,4.2,1,0,12
1659,U38,56,Hombre,0,0,4,Hospitalaria,4.2,1,0,12
1660,U38,65,Mujer,1,1,2.6,Hospitalaria,4.2,1,0,12
1661,U38,64,Mujer,0,0,3.7,Hospitalaria,4.2,1,0,12
1662,U38,73,Hombre,0,1,3.7,Hospitalaria,4.2,1,0,12
1663,U38,53,Hombre,0,0,4.8,Hospitalaria,4.2,1,0,12
1664,U38,59,Hombre,0,0,3.7,Hospitalaria,4.2,1,0,12
1665,U38,62,Mujer,0,0,4.3,Hospitalaria,4.2,1,0,12
1666,U38,68,Mujer,0,0,3.4,Hospitalaria,4.2,1,0,12
1667,U38,57,Hombre,0,0,3.8,Hospitalaria,4.2,1,0,12
1668,U38,66,Hombre,0,1,3.5,Hospitalaria,4.2,1,1,12
1669,U38,51,Mujer,0,0,4.2,Hospitalaria,4.2,1,0,4
1670,U38,61,Hombre,0,0,4.6,Hospitalaria,4.2,1,0,12
1671,U39,61,Mujer,1,0,4.1,Hospitalaria,5,0,0,12
1672,U39,79,Hombre,0,1,2.8,Hospitalaria,5,0,1,12
1673,U39,55,Hombre,0,0,3.7,Hospitalaria,5,0,1,12
1674,U39,68,Hombre,1,1,2.7,Hospitalaria,5,0,1,12
1675,U39,77,Mujer,0,1,3.9,Hospitalaria,5,0,0,12
1676,U39,72,Mujer,0,0,3.3,Hospitalaria,5,0,0,12
1677,U39,73,Hombre,0,0,3.3,Hospitalaria,5,0,0,12
1678,U39,72,Mujer,0,0,4.7,Hospitalaria,5,0,1,12
1679,U39,79,Hombre,1,0,3.7,Hospitalaria,5,0,1,12
1680,U39,67,Hombre,0,1,2.8,Hospitalaria,5,0,0,12
1681,U39,69,Mujer,0,1,3.7,Hospitalaria,5,0,0,12
1682,U39,80,Hombre,0,0,3.6,Hospitalaria,5,0,0,12
1683,U39,70,Mujer,1,0,4,Hospitalaria,5,0,1,12
1684,U39,91,Hombre,1,1,3.3,Hospitalaria,5,0,0,12
1685,U39,66,Hombre,1,0,3.7,Hospitalaria,5,0,0,12
1686,U39,61,Hombre,0,0,3.5,Hospitalaria,5,0,0,12
1687,U39,79,Hombre,0,0,4.1,Hospitalaria,5,0,0,12
1688,U39,77,Hombre,0,1,4.2,Hospitalaria,5,0,1,12
1689,U39,65,Hombre,0,0,4,Hospitalaria,5,0,0,12
1690,U39,58,Mujer,1,0,3.3,Hospitalaria,5,0,0,12
1691,U39,68,Hombre,0,1,4.1,Hospitalaria,5,0,1,12
1692,U39,81,Mujer,1,1,3.7,Hospitalaria,5,0,0,12
1693,U39,73,Hombre,0,1,3.1,Hospitalaria,5,0,1,12
1694,U39,87,Hombre,0,0,3.6,Hospitalaria,5,0,0,12
1695,U39,64,Hombre,1,0,3.1,Hospitalaria,5,0,1,12
1696,U39,75,Hombre,0,0,3.8,Hospitalaria,5,0,0,12
1697,U39,64,Mujer,0,0,4.3,Hospitalaria,5,0,0,12
1698,U39,68,Mujer,0,1,3.9,Hospitalaria,5,0,0,12
1699,U39,53,Hombre,1,0,2.8,Hospitalaria,5,0,0,12
1700,U39,88,Hombre,1,1,3.4,Hospitalaria,5,0,1,12
1701,U39,62,Mujer,0,0,3.1,Hospitalaria,5,0,1,12
1702,U39,70,Hombre,1,1,3.6,Hospitalaria,5,0,1,12
1703,U39,57,Mujer,0,1,3.3,Hospitalaria,5,0,1,12
1704,U39,74,Hombre,0,0,3.5,Hospitalaria,5,0,0,12
1705,U39,82,Hombre,1,1,3,Hospitalaria,5,0,1,12
1706,U39,67,Hombre,0,0,4.1,Hospitalaria,5,0,1,12
1707,U39,65,Hombre,0,0,2.9,Hospitalaria,5,0,0,12
1708,U39,54,Mujer,0,0,3.7,Hospitalaria,5,0,0,12
1709,U39,70,Hombre,0,1,2.8,Hospitalaria,5,0,0,12
1710,U39,55,Mujer,0,1,3.1,Hospitalaria,5,0,1,12
1711,U39,76,Hombre,1,0,3.1,Hospitalaria,5,0,0,12
1712,U39,75,Hombre,1,1,3,Hospitalaria,5,0,0,12
1713,U39,55,Hombre,0,1,3.7,Hospitalaria,5,0,0,12
1714,U39,70,Hombre,1,0,3.8,Hospitalaria,5,0,0,12
1715,U39,65,Mujer,0,1,3.1,Hospitalaria,5,0,1,12
1716,U39,65,Hombre,0,0,3.7,Hospitalaria,5,0,0,12
1717,U39,76,Hombre,0,1,4.1,Hospitalaria,5,0,0,12
1718,U39,69,Hombre,1,1,3.2,Hospitalaria,5,0,0,12
1719,U39,76,Hombre,1,0,2.8,Hospitalaria,5,0,0,12
1720,U39,92,Hombre,1,0,3.8,Hospitalaria,5,0,0,12
1721,U39,63,Mujer,0,0,3.9,Hospitalaria,5,0,0,12
1722,U39,76,Hombre,0,0,3.5,Hospitalaria,5,0,0,12
1723,U39,61,Hombre,0,0,4.1,Hospitalaria,5,0,0,12
1724,U39,63,Mujer,1,0,3.8,Hospitalaria,5,0,0,12
1725,U39,82,Hombre,0,0,3.5,Hospitalaria,5,0,1,12
1726,U39,68,Hombre,1,1,3.8,Hospitalaria,5,0,1,12
1727,U40,65,Hombre,0,1,3.3,Extrahospitalaria,4.6,0,0,12
1728,U40,78,Hombre,1,0,2.9,Extrahospitalaria,4.6,0,0,12
1729,U40,69,Mujer,0,0,3.3,Extrahospitalaria,4.6,0,0,12
1730,U40,69,Mujer,0,0,3.2,Extrahospitalaria,4.6,0,1,12
1731,U40,78,Mujer,0,0,4.3,Extrahospitalaria,4.6,0,0,12
1732,U40,74,Hombre,1,1,2.8,Extrahospitalaria,4.6,0,1,12
1733,U40,89,Hombre,0,1,3.6,Extrahospitalaria,4.6,0,1,12
1734,U40,74,Mujer,1,0,4.2,Extrahospitalaria,4.6,0,1,12
1735,U40,59,Hombre,1,0,3.7,Extrahospitalaria,4.6,0,0,12
1736,U40,62,Hombre,1,1,3.3,Extrahospitalaria,4.6,0,1,12
1737,U40,68,Hombre,0,1,3.7,Extrahospitalaria,4.6,0,0,12
1738,U40,65,Hombre,1,1,2.9,Extrahospitalaria,4.6,0,0,12
1739,U40,60,Hombre,0,0,3.5,Extrahospitalaria,4.6,0,0,12
1740,U40,77,Hombre,1,0,3.4,Extrahospitalaria,4.6,0,0,12
1741,U40,52,Hombre,1,0,3.1,Extrahospitalaria,4.6,0,0,12
1742,U40,60,Hombre,0,0,3.3,Extrahospitalaria,4.6,0,0,12
1743,U40,69,Hombre,1,1,3.6,Extrahospitalaria,4.6,0,0,12
1744,U40,72,Hombre,0,1,3.1,Extrahospitalaria,4.6,0,0,12
1745,U40,71,Hombre,0,0,3.5,Extrahospitalaria,4.6,0,0,12
1746,U40,62,Hombre,1,0,3.1,Extrahospitalaria,4.6,0,0,12
1747,U40,72,Mujer,1,1,4,Extrahospitalaria,4.6,0,1,12
1748,U40,71,Hombre,1,0,4.3,Extrahospitalaria,4.6,0,0,12
1749,U40,63,Hombre,0,0,4,Extrahospitalaria,4.6,0,0,12
1750,U40,73,Mujer,1,0,3.4,Extrahospitalaria,4.6,0,0,4
1751,U40,77,Hombre,1,0,3.1,Extrahospitalaria,4.6,0,0,12
1752,U40,63,Hombre,0,1,4.4,Extrahospitalaria,4.6,0,0,12
1753,U40,66,Hombre,1,0,4,Extrahospitalaria,4.6,0,0,12
1754,U40,61,Hombre,0,0,3.7,Extrahospitalaria,4.6,0,0,12
1755,U40,61,Mujer,1,1,2.9,Extrahospitalaria,4.6,0,0,12
1756,U40,72,Mujer,0,1,2.9,Extrahospitalaria,4.6,0,0,12
1757,U40,65,Mujer,1,0,4.1,Extrahospitalaria,4.6,0,0,12
1758,U40,60,Hombre,0,0,4,Extrahospitalaria,4.6,0,0,12
1759,U40,69,Mujer,1,0,4,Extrahospitalaria,4.6,0,0,4
1760,U40,70,Mujer,1,1,4,Extrahospitalaria,4.6,0,0,12
1761,U40,72,Hombre,0,0,4.3,Extrahospitalaria,4.6,0,0,12
1762,U40,68,Hombre,0,1,3.4,Extrahospitalaria,4.6,0,0,12
1763,U40,66,Hombre,0,0,3.1,Extrahospitalaria,4.6,0,0,12
1764,U40,79,Mujer,1,0,4,Extrahospitalaria,4.6,0,1,12
1765,U40,79,Hombre,0,0,4,Extrahospitalaria,4.6,0,0,12
1766,U40,66,Hombre,0,0,4,Extrahospitalaria,4.6,0,1,12
1767,U40,65,Mujer,0,0,4,Extrahospitalaria,4.6,0,0,12
1768,U40,63,Hombre,0,0,3.8,Extrahospitalaria,4.6,0,0,12
1769,U40,56,Mujer,0,1,3.2,Extrahospitalaria,4.6,0,0,12
1770,U40,61,Hombre,1,0,2.9,Extrahospitalaria,4.6,0,0,12
1771,U40,80,Mujer,0,0,3.4,Extrahospitalaria,4.6,0,0,5
1772,U40,58,Mujer,0,1,3.9,Extrahospitalaria,4.6,0,0,12
1773,U40,79,Hombre,0,1,3.2,Extrahospitalaria,4.6,0,0,12
1774,U40,64,Hombre,1,0,3.2,Extrahospitalaria,4.6,0,0,12
1775,U40,70,Hombre,0,0,3.8,Extrahospitalaria,4.6,0,0,12
1776,U40,92,Mujer,0,0,3.9,Extrahospitalaria,4.6,0,1,12
1777,U40,65,Mujer,1,0,3.1,Extrahospitalaria,4.6,0,0,12
1778,U40,56,Mujer,1,0,4.1,Extrahospitalaria,4.6,0,0,12
