unidad,u_hb,v_hosp,edad_media_unidad,efecto_unidad_hb
U01,0.6078,-1.7641,68.8,0.7998
U02,0.5109,-0.1024,64.9062,0.4472
U03,-0.4445,0.1216,51.18,-0.6573
U04,-0.0556,1.6055,59.0172,0.1451
U05,-0.3471,0.542,64.64,-0.4215
U06,-0.2805,-0.7517,75.1509,0.4655
U07,0.3112,0.4517,61.4634,0.2098
U08,0.3886,-0.5407,65.6897,0.3562
U09,-0.0067,-0.3943,63.3125,0.2658
U10,0.0871,0.8647,60.4828,-0.1536
U11,0.7751,0.5358,66.6667,1.2818
U12,-0.0825,-0.8456,62,0.1375
U13,0.4106,-0.6253,68.0357,0.972
U14,0.1309,-0.4793,55.5,-0.2091
U15,-0.7561,-0.3203,74.1034,0.048
U16,-0.4256,-0.1476,55.2917,-0.774
U17,-0.635,-0.0265,56.7879,-1.0235
U18,-0.2161,-0.5856,69.5172,0.3046
U19,-0.0603,-0.0921,54.1556,-0.4541
U20,-0.4458,0.3925,59.2407,-0.6361
U21,0.1559,-0.9763,66.0182,0.5366
U22,-0.1197,-0.2547,68.537,0.4618
U23,0.7076,-0.5656,67.8246,1.2605
U24,-0.04,-0.3946,66.5,-0.04
U25,0.4017,0.304,57.6071,0.146
U26,0.1086,0.0543,60.4667,-0.1328
U27,-0.2632,-0.626,70.1333,-0.1179
U28,-0.1625,0.8539,72.2143,0.5661
U29,0.0871,-0.5299,66.5345,0.4885
U30,-0.4303,0.0049,62.1695,-0.6035
U31,0.0141,0.2562,51.5417,-0.1843
U32,0.2718,-0.1715,61.129,0.557
U33,0.3856,1.5573,69.0357,0.887
U34,0.4785,-0.5377,68.7719,0.6694
U35,0.3531,0.0229,59.8333,0.5864
U36,-0.0864,-1.0701,65.3415,0.3672
U37,0.236,0.2352,57.5,-0.024
U38,-0.4983,0.2044,58.6977,-0.4104
U39,0.2454,0.1222,70.1429,0.3911
U40,-0.8515,-0.6443,68.3654,-0.6769
