id,unidad,b_i,lp_hosp_sin,lp_hosp_con,hb_media_sin_interv
1,U01,0.8332,-2.9041,-3.4041,12.4671
2,U01,0.7509,-2.9941,-3.4941,11.8147
3,U01,0.0616,-2.7741,-3.2741,11.1554
4,U01,-1.0707,-2.2041,-2.7041,9.5331
5,U01,-0.5699,-2.8541,-3.3541,11.0239
6,U01,0.7657,-3.0341,-3.5341,12.1295
7,U01,-0.1028,-2.5141,-3.0141,10.981
8,U01,0.4426,-2.2241,-2.7241,11.0364
9,U01,0.8586,-3.3341,-3.8341,13.0124
10,U01,-1.7283,-2.7241,-3.2241,9.6755
11,U01,-0.2313,-3.0041,-3.5041,11.3525
12,U01,1.125,-2.6841,-3.1841,12.5888
13,U01,-0.1088,-2.5441,-3.0441,11.145
14,U01,-0.2414,-2.3441,-2.8441,10.5724
15,U01,-1.5874,-2.2241,-2.7241,9.3464
16,U01,0.2775,-2.6541,-3.1541,11.3713
17,U01,0.4909,-2.2641,-2.7641,11.3647
18,U01,0.7789,-3.1941,-3.6941,12.3627
19,U01,1.069,-2.3741,-2.8741,11.9728
20,U01,0.8841,-3.2741,-3.7741,12.7879
21,U01,0.5188,-2.8741,-3.3741,11.6427
22,U01,-0.0744,-2.0441,-2.5441,10.6694
23,U01,0.2515,-2.6041,-3.1041,11.3553
24,U01,0.2864,-2.7241,-3.2241,11.6502
25,U01,-0.2177,-1.2541,-1.7541,9.5661
26,U01,0.9313,-1.8841,-2.3841,10.9351
27,U01,-0.1015,-2.7241,-3.2241,11.1623
28,U01,-0.3975,-2.5241,-3.0241,10.7463
29,U01,-0.5025,-2.3341,-2.8341,10.3113
30,U01,-0.3884,-2.5441,-3.0441,10.7854
31,U01,-0.1368,-2.1241,-2.6241,10.727
32,U01,-0.1789,-2.4641,-2.9641,11.1149
33,U01,0.6846,-2.8741,-3.3741,11.9684
34,U01,-0.1555,-2.2841,-2.7841,10.6683
35,U01,0.227,-1.8541,-2.3541,10.5509
36,U01,0.7819,-2.7941,-3.2941,12.0458
37,U01,-2.8168,-2.0441,-2.5441,7.7271
38,U01,-0.3079,-2.7941,-3.2941,10.576
39,U01,-1.5105,-1.9741,-2.4741,9.3733
40,U01,0.1659,-2.6741,-3.1741,11.3297
41,U02,-0.175,-1.3824,-1.8824,10.7594
42,U02,0.0985,-0.3024,-0.8024,10.4828
43,U02,-0.5108,-0.8524,-1.3524,10.0735
44,U02,0.2646,-0.7124,-1.2124,11.0989
45,U02,-1.0131,-0.3524,-0.8524,9.4013
46,U02,0.3491,-0.4324,-0.9324,10.8035
47,U02,-0.4542,-0.6724,-1.1724,10.1202
48,U02,1.0997,0.0176,-0.4824,10.5841
49,U02,0.7423,-1.3124,-1.8124,12.1166
50,U02,-0.1655,-1.5624,-2.0624,11.0389
51,U02,-0.4493,-1.1224,-1.6224,10.4751
52,U02,-1.4031,-1.2424,-1.7424,9.3613
53,U02,1.0222,-0.7924,-1.2924,11.5165
54,U02,-1.0939,-0.5224,-1.0224,9.5005
55,U02,-0.8033,-1.1724,-1.6724,10.4011
56,U02,-1.1553,0.4776,-0.0224,8.1191
57,U02,-0.3494,-1.3724,-1.8724,11.1549
58,U02,-0.5031,-0.0624,-0.5624,9.6813
59,U02,0.4785,-1.9424,-2.4424,12.3128
60,U02,0.1753,-1.4424,-1.9424,11.4596
61,U02,-0.5124,-0.9724,-1.4724,10.2519
62,U02,-0.7445,-0.6524,-1.1524,9.9198
63,U02,0.3555,-0.7124,-1.2124,10.6099
64,U02,1.0832,-0.4024,-0.9024,11.3776
65,U02,-0.7207,-0.4224,-0.9224,9.7236
66,U02,0.5883,-1.1124,-1.6124,11.7826
67,U02,-0.6793,-1.0624,-1.5624,9.7751
68,U02,-0.8651,-0.2124,-0.7124,9.4193
69,U02,0.1435,-0.2424,-0.7424,10.4379
70,U02,0.0289,-0.7724,-1.2724,10.5932
71,U02,-0.1403,-0.6524,-1.1524,10.4841
72,U02,0.2322,-1.6424,-2.1424,11.6966
73,U03,-0.789,-0.7884,-1.2884,7.969
74,U03,0.1151,-0.8084,-1.3084,9.0031
75,U03,0.1403,-1.8584,-2.3584,10.0784
76,U03,-0.0816,-1.4384,-1.9384,9.4664
77,U03,0.1137,-0.7284,-1.2284,8.7018
78,U03,0.5178,-0.9684,-1.4684,9.6259
79,U03,0.0901,-0.3284,-0.8284,8.3982
80,U03,-0.0123,-1.6184,-2.1184,9.7258
81,U03,0.3417,-0.2184,-0.7184,8.7498
82,U03,-0.5487,-1.5584,-2.0584,8.9194
83,U03,-0.0456,-0.8684,-1.3684,8.7925
84,U03,0.3874,-1.5884,-2.0884,9.9855
85,U03,0.6917,-0.6984,-1.1984,9.9397
86,U03,1.385,-1.0984,-1.5984,10.5431
87,U03,0.5904,-1.3084,-1.8084,10.0285
88,U03,0.3083,-0.1384,-0.6384,8.7963
89,U03,-0.7039,-0.8484,-1.3484,8.1641
90,U03,-0.2186,-0.0184,-0.5184,7.9695
91,U03,-0.3691,-2.1584,-2.6584,9.519
92,U03,-0.9724,-0.8884,-1.3884,7.9757
93,U03,-0.7139,-1.6584,-2.1584,9.0442
94,U03,-0.573,-1.1884,-1.6884,8.465
95,U03,0.3085,-1.2684,-1.7684,9.8866
96,U03,0.6089,-0.9584,-1.4584,9.8869
97,U03,-1.8841,-1.0484,-1.5484,7.324
98,U03,-0.8556,-1.4284,-1.9284,9.0825
99,U03,0.0038,-0.8584,-1.3584,9.2918
100,U03,0.0845,-1.5984,-2.0984,9.5725
101,U03,-0.5204,-1.1284,-1.6284,8.5476
102,U03,0.3336,-1.1384,-1.6384,9.5517
103,U03,-1.5388,-1.5784,-2.0784,7.8793
104,U03,0.8073,-0.6884,-1.1884,9.7953
105,U03,0.1764,-1.3984,-1.8984,9.7445
106,U03,0.1892,-1.5484,-2.0484,9.7273
107,U03,-1.3326,-1.9384,-2.4384,8.8454
108,U03,0.0931,-1.5584,-2.0584,9.7812
109,U03,-1.9198,-0.2784,-0.7784,6.5782
110,U03,-1.2625,-1.4584,-1.9584,8.3155
111,U03,-0.8356,-0.6884,-1.1884,7.8524
112,U03,-2.2315,-0.4684,-0.9684,6.3066
113,U03,0.6159,-1.0484,-1.5484,9.724
114,U03,1.3946,-0.4584,-0.9584,10.2426
115,U03,0.8247,-0.9084,-1.4084,10.0628
116,U03,-0.1281,-1.7984,-2.2984,9.5
117,U03,-0.0852,-0.9984,-1.4984,8.9628
118,U03,0.4404,-1.2784,-1.7784,9.6684
119,U03,1.5018,-1.6384,-2.1384,11.1899
120,U03,-0.2527,-0.7784,-1.2784,8.9154
121,U03,-1.3398,-0.1984,-0.6984,6.8183
122,U03,-0.8812,-1.2484,-1.7484,8.2869
123,U04,0.6149,0.7955,0.2955,10.2005
124,U04,-0.4182,0.6055,0.1055,9.7075
125,U04,0.2406,1.2355,0.7355,9.5262
126,U04,-0.356,0.2255,-0.2745,9.8396
127,U04,-0.3086,1.4755,0.9755,8.8771
128,U04,-0.9553,1.0155,0.5155,8.8804
129,U04,0.0355,0.6755,0.1755,10.2211
130,U04,-0.7076,0.8155,0.3155,9.128
131,U04,0.2186,0.7155,0.2155,10.0843
132,U04,0.6379,0.1855,-0.3145,11.1536
133,U04,0.3255,0.7955,0.2955,10.0311
134,U04,-1.1597,0.5755,0.0755,9.0959
135,U04,-0.1578,-0.0545,-0.5545,10.5379
136,U04,-0.4214,0.4255,-0.0745,9.3942
137,U04,-0.867,0.5355,0.0355,9.4486
138,U04,1.1513,0.4555,-0.0445,11.2469
139,U04,0.4899,0.8755,0.3755,10.0755
140,U04,0.1684,0.6955,0.1955,10.1841
141,U04,0.5589,0.0055,-0.4945,11.3445
142,U04,-0.1814,-0.0345,-0.5345,10.3642
143,U04,-0.1603,-0.0745,-0.5745,10.4453
144,U04,0.3848,0.6655,0.1655,10.3005
145,U04,-1.048,0.7455,0.2455,8.9077
146,U04,-0.6873,0.4055,-0.0945,9.3184
147,U04,-1.17,0.4555,-0.0445,9.3056
148,U04,-0.7902,0.9155,0.4155,9.1554
149,U04,-0.0404,0.7355,0.2355,10.2152
150,U04,0.1227,1.3955,0.8955,9.3883
151,U04,-0.0131,0.7055,0.2055,9.9625
152,U04,1.4385,0.4255,-0.0745,11.6741
153,U04,-0.2928,0.6155,0.1155,9.7629
154,U04,-0.3622,0.4555,-0.0445,10.1135
155,U04,0.2634,0.4255,-0.0745,10.279
156,U04,-0.1407,-0.0045,-0.5045,10.525
157,U04,0.5387,1.5255,1.0255,9.8544
158,U04,-1.214,0.5955,0.0955,8.8717
159,U04,0.7939,0.4355,-0.0645,11.2995
160,U04,-0.1294,0.9355,0.4355,9.8263
161,U04,-0.9829,0.6755,0.1755,9.3628
162,U04,0.3805,1.3355,0.8355,9.8561
163,U04,0.7859,-0.1345,-0.6345,11.3616
164,U04,-0.6532,0.3455,-0.1545,9.4024
165,U04,-0.1443,0.7555,0.2555,10.0814
166,U04,-0.9168,0.4355,-0.0645,9.5888
167,U04,-0.9374,1.4855,0.9855,8.2182
168,U04,-0.5637,0.5755,0.0755,9.7719
169,U04,-1.1645,0.5055,0.0055,9.0312
170,U04,0.4022,-0.0145,-0.5145,11.0378
171,U04,0.008,0.5055,0.0055,10.2436
172,U04,0.5633,0.4655,-0.0345,10.619
173,U04,0.1648,0.7555,0.2555,10.0104
174,U04,-0.3633,0.3555,-0.1445,10.0624
175,U04,-0.4743,0.8655,0.3655,9.2813
176,U04,0.4474,1.5555,1.0555,9.793
177,U04,2.6458,0.0655,-0.4345,13.3814
178,U04,-0.7124,-0.2145,-0.7145,9.9032
179,U04,-0.3945,0.8155,0.3155,9.4811
180,U04,-0.2783,0.5855,0.0855,9.7974
181,U05,-1.6115,0.502,0.002,7.5561
182,U05,1.4391,-0.738,-1.238,11.4367
183,U05,0.3435,-0.758,-1.258,10.2912
184,U05,-0.2693,-0.168,-0.668,9.5384
185,U05,-0.8056,-0.718,-1.218,9.202
186,U05,0.5118,-0.858,-1.358,10.7495
187,U05,-0.5936,-0.238,-0.738,9.524
188,U05,-0.1864,-0.518,-1.018,9.7812
189,U05,-0.2386,-0.698,-1.198,9.659
190,U05,0.0843,-0.468,-0.968,10.222
191,U05,0.1275,-1.018,-1.518,10.5251
192,U05,1.0162,-0.328,-0.828,11.0639
193,U05,-0.3697,-0.088,-0.588,9.3979
194,U05,0.2563,-0.998,-1.498,10.904
195,U05,1.4153,-1.238,-1.738,11.923
196,U05,-0.1131,0.232,-0.268,8.7946
197,U05,-0.1588,-0.608,-1.108,9.9888
198,U05,-0.6997,0.152,-0.348,8.708
199,U05,-1.0614,-0.478,-0.978,8.5062
200,U05,-0.3226,-0.618,-1.118,9.5751
201,U05,0.2892,0.762,0.262,9.4268
202,U05,-0.6382,-0.628,-1.128,9.7395
203,U05,0.3083,-0.508,-1.008,10.426
204,U05,-0.1684,-0.458,-0.958,9.4093
205,U05,-0.1431,0.662,0.162,8.5246
206,U06,-1.4617,-0.0217,-0.5217,7.6483
207,U06,0.9397,-1.6917,-2.1917,11.7897
208,U06,0.9007,-0.9617,-1.4617,10.9407
209,U06,-0.3082,-1.2717,-1.7717,9.5319
210,U06,1.4685,-1.7517,-2.2517,12.2085
211,U06,0.2276,-1.7717,-2.2717,10.8376
212,U06,-1.4826,-0.6817,-1.1817,8.3775
213,U06,-0.3555,-1.9617,-2.4617,10.5745
214,U06,-0.416,-0.8417,-1.3417,9.484
215,U06,0.111,-1.6017,-2.1017,10.581
216,U06,1.1019,-1.4817,-1.9817,11.3119
217,U06,-0.4643,-1.1217,-1.6217,9.9758
218,U06,0.8799,-1.3617,-1.8617,11.2699
219,U06,-1.224,-0.7917,-1.2917,8.556
220,U06,0.348,-2.0817,-2.5817,11.078
221,U06,-0.5232,-1.4517,-1.9517,10.0069
222,U06,0.1712,-2.3817,-2.8817,11.4512
223,U06,1.1315,-0.4817,-0.9817,10.8116
224,U06,-0.5758,-1.3217,-1.8217,9.6643
225,U06,-0.6304,-1.7817,-2.2817,10.0297
226,U06,0.4847,-1.0317,-1.5317,10.1648
227,U06,-0.8544,-2.0017,-2.5017,10.1357
228,U06,-0.7665,-2.4217,-2.9217,10.6536
229,U06,-0.3375,-1.2717,-1.7717,9.9626
230,U06,0.0429,-1.2517,-1.7517,10.3529
231,U06,0.2323,-1.2717,-1.7717,10.5324
232,U06,0.7459,-0.5817,-1.0817,10.456
233,U06,0.536,-1.9517,-2.4517,11.3561
234,U06,1.0028,-0.8817,-1.3817,11.2029
235,U06,1.177,-2.2817,-2.7817,12.0871
236,U06,-0.3332,-1.5817,-2.0817,9.7269
237,U06,-0.5699,-1.7517,-2.2517,10.3301
238,U06,-0.526,-1.1517,-1.6517,9.294
239,U06,-0.5161,-1.0517,-1.5517,9.6139
240,U06,-2.0485,-0.5017,-1.0017,7.8216
241,U06,-0.3619,-0.8617,-1.3617,9.5682
242,U06,0.2618,-2.3817,-2.8817,11.8618
243,U06,-0.1103,-1.0817,-1.5817,10.2298
244,U06,0.7966,-1.2417,-1.7417,11.2967
245,U06,0.1553,-2.0017,-2.5017,11.1053
246,U06,0.7915,-1.3817,-1.8817,10.7116
247,U06,0.3426,-0.9317,-1.4317,10.1727
248,U06,0.4986,-1.2317,-1.7317,10.6986
249,U06,-0.1394,-1.4317,-1.9317,10.4007
250,U06,-1.2071,-1.0717,-1.5717,8.7529
251,U06,-0.6474,-0.8517,-1.3517,9.0627
252,U06,-0.5767,-1.8717,-2.3717,10.2233
253,U06,-1.0946,-0.5017,-1.0017,8.4955
254,U06,-0.0626,-1.8117,-2.3117,10.9675
255,U06,0.1015,-1.0917,-1.5917,10.1716
256,U06,-0.3269,-1.3917,-1.8917,9.6532
257,U06,0.3057,-2.4017,-2.9017,11.3158
258,U06,-0.85,-1.3917,-1.8917,9.2501
259,U07,0.013,-0.8883,-1.3883,11.0767
260,U07,0.7396,-0.5883,-1.0883,11.1732
261,U07,-0.5494,-0.0483,-0.5483,9.1942
262,U07,0.0774,-0.7183,-1.2183,10.6011
263,U07,-0.0029,-0.3683,-0.8683,10.1008
264,U07,0.2796,-0.5083,-1.0083,10.6133
265,U07,0.788,-0.9283,-1.4283,11.9516
266,U07,1.0438,-0.6483,-1.1483,11.4074
267,U07,1.031,0.2017,-0.2983,10.9847
268,U07,0.9304,-0.8883,-1.3883,11.6141
269,U07,0.74,-1.5383,-2.0383,12.2137
270,U07,-0.274,-0.2083,-0.7083,10.0496
271,U07,0.0767,-0.7083,-1.2083,10.8704
272,U07,0.103,-1.2983,-1.7983,11.2566
273,U07,-1.1272,-0.8383,-1.3383,9.5164
274,U07,0.3223,-1.1183,-1.6183,11.186
275,U07,-0.0796,-0.3883,-0.8883,10.154
276,U07,0.225,-0.8583,-1.3583,10.7587
277,U07,-0.2873,-0.4283,-0.9283,9.9064
278,U07,-0.2201,-0.7883,-1.2883,10.5736
279,U07,1.5734,-0.3683,-0.8683,11.977
280,U07,-1.5738,-1.0783,-1.5783,9.4899
281,U07,1.1114,-0.0883,-0.5883,10.7951
282,U07,0.2977,-0.6683,-1.1683,10.5713
283,U07,-0.2803,0.1817,-0.3183,9.4033
284,U07,1.1472,-0.2383,-0.7383,11.3009
285,U07,-0.0489,-0.6483,-1.1483,10.6547
286,U07,0.9126,-0.4883,-0.9883,10.9563
287,U07,-1.2991,-0.8783,-1.3783,9.2845
288,U07,-0.2961,-1.8583,-2.3583,11.4176
289,U07,0.3959,0.5417,0.0417,9.5796
290,U07,-0.3057,-0.8583,-1.3583,10.3479
291,U07,0.4943,0.0417,-0.4583,10.468
292,U07,-0.435,-0.2083,-0.7083,9.6487
293,U07,0.4808,-1.6383,-2.1383,11.9245
294,U07,0.0237,-0.3783,-0.8783,9.8973
295,U07,0.4594,0.1317,-0.3683,10.093
296,U07,1.7845,-0.9583,-1.4583,12.7481
297,U07,-0.0259,-0.9183,-1.4183,10.7178
298,U07,-0.9622,-0.7683,-1.2683,9.4614
299,U07,1.0788,-0.3683,-0.8683,11.2224
300,U08,0.4864,-1.2307,-1.7307,11.3333
301,U08,-1.0534,-1.7407,-2.2407,9.7735
302,U08,-0.5261,-1.5407,-2.0407,9.8808
303,U08,-0.9024,-0.8607,-1.3607,9.0645
304,U08,-0.9711,-2.0407,-2.5407,10.1058
305,U08,1.2869,-2.3907,-2.8907,13.0238
306,U08,-0.3636,-1.8107,-2.3107,10.4833
307,U08,0.1202,-1.9507,-2.4507,11.3971
308,U08,-0.5233,-1.2207,-1.7207,9.6436
309,U08,0.0745,-2.0907,-2.5907,10.9014
310,U08,0.0339,-1.2807,-1.7807,10.8708
311,U08,-0.9473,-1.0007,-1.5007,9.0496
312,U08,-0.4227,-2.4107,-2.9107,10.7242
313,U08,0.0461,-1.8307,-2.3307,11.0629
314,U08,1.0583,-1.0407,-1.5407,11.2952
315,U08,-0.4936,-0.7407,-1.2407,9.2333
316,U08,-1.0213,-0.7807,-1.2807,8.7256
317,U08,-0.3803,-1.2807,-1.7807,10.0366
318,U08,1.1648,-2.1707,-2.6707,12.4516
319,U08,0.0487,-1.6707,-2.1707,11.0256
320,U08,-0.089,-1.1207,-1.6207,10.2679
321,U08,-0.1546,-1.6407,-2.1407,10.5623
322,U08,0.6144,-1.7207,-2.2207,11.7513
323,U08,1.0551,-1.2307,-1.7307,11.7219
324,U08,-1.3851,-1.0307,-1.5307,8.6218
325,U08,0.0822,-1.2707,-1.7707,10.5791
326,U08,1.3657,-1.4007,-1.9007,12.2226
327,U08,-0.9417,-1.5807,-2.0807,10.0252
328,U08,0.6577,-1.2407,-1.7407,11.1146
329,U09,-1.0239,-1.5743,-2.0743,9.6413
330,U09,1.1584,-0.6543,-1.1543,10.8037
331,U09,-0.4202,-1.3943,-1.8943,9.975
332,U09,1.3405,-1.4143,-1.9143,11.6857
333,U09,-0.3455,-1.0943,-1.5943,9.7597
334,U09,0.4144,-1.5243,-2.0243,10.5796
335,U09,1.0004,-1.0343,-1.5343,10.7556
336,U09,-1.3164,-0.8643,-1.3643,8.6088
337,U09,-0.3263,-2.0643,-2.5643,10.5489
338,U09,-2.1532,-1.0043,-1.5043,7.9021
339,U09,0.2786,-0.6443,-1.1443,9.8738
340,U09,1.1411,-1.3143,-1.8143,11.0763
341,U09,1.2585,-1.5143,-2.0143,11.7137
342,U09,0.4429,-1.2643,-1.7643,10.0981
343,U09,0.4991,-1.2643,-1.7643,10.5743
344,U09,-0.5586,-1.5643,-2.0643,9.8866
345,U09,0.6836,-1.4743,-1.9743,10.8988
346,U09,-2.1601,-1.3643,-1.8643,8.4351
347,U09,0.4342,-0.8943,-1.3943,10.0994
348,U09,-0.831,-1.6443,-2.1443,9.1542
349,U09,-0.8042,-1.3343,-1.8343,9.421
350,U09,1.0741,-2.0243,-2.5243,11.9293
351,U09,-0.2513,-1.3743,-1.8743,9.3339
352,U09,0.2522,-1.0943,-1.5943,9.8974
353,U09,-0.609,-0.6243,-1.1243,8.7762
354,U09,0.9148,-1.3343,-1.8343,11.04
355,U09,-1.8755,-0.7543,-1.2543,7.4997
356,U09,0.553,-2.0643,-2.5643,11.4682
357,U09,-0.1124,-1.5643,-2.0643,9.9528
358,U09,0.2256,-1.3143,-1.8143,10.5408
359,U09,-0.3084,-0.6043,-1.1043,9.1468
360,U09,0.5862,-1.1843,-1.6843,10.2414
361,U10,1.2303,-0.5253,-1.0253,11.5411
362,U10,-0.3265,0.3347,-0.1653,9.0143
363,U10,0.6325,-0.5153,-1.0153,10.6434
364,U10,1.0191,-1.2953,-1.7953,12.3399
365,U10,-0.0246,0.3247,-0.1753,9.5763
366,U10,0.2064,-0.2253,-0.7253,10.2673
367,U10,0.8448,-0.0453,-0.5453,10.8957
368,U10,1.9004,-1.5953,-2.0953,13.1313
369,U10,-0.0991,-0.4053,-0.9053,10.0318
370,U10,-1.5904,-0.4853,-0.9853,8.9205
371,U10,-0.6173,-0.5153,-1.0153,9.5536
372,U10,-0.6606,0.1847,-0.3153,9.2703
373,U10,0.5242,-0.3053,-0.8053,10.8451
374,U10,-0.2416,0.5847,0.0847,9.3093
375,U10,1.125,-0.5353,-1.0353,11.7459
376,U10,-0.8409,0.0947,-0.4053,9.08
377,U10,-0.6032,-0.6953,-1.1953,9.5577
378,U10,1.61,0.0947,-0.4053,11.5709
379,U10,0.5936,-0.5253,-1.0253,11.4045
380,U10,-0.0735,-0.1453,-0.6453,10.2074
381,U10,0.2151,-0.1153,-0.6153,10.166
382,U10,-1.0094,-0.8353,-1.3353,9.6414
383,U10,-0.0263,-0.7553,-1.2553,10.6846
384,U10,-1.084,0.2547,-0.2453,8.2968
385,U10,0.4402,-0.1053,-0.6053,10.4211
386,U10,0.5338,0.4247,-0.0753,9.8746
387,U10,-0.1033,-0.4253,-0.9253,10.3176
388,U10,1.7908,0.1247,-0.3753,11.6117
389,U10,-0.0143,-0.2653,-0.7653,10.0266
390,U10,0.3452,-0.4453,-0.9453,10.656
391,U10,-1.0678,-0.2853,-0.7853,9.0431
392,U10,-1.0872,-0.3953,-0.8953,9.2837
393,U10,-0.6087,-1.1753,-1.6753,10.4122
394,U10,-0.6411,-0.5953,-1.0953,9.9897
395,U10,-0.1332,-0.4353,-0.9353,10.1776
396,U10,-0.1169,-0.5153,-1.0153,10.1139
397,U10,-0.3634,-0.8353,-1.3353,10.3874
398,U10,1.042,0.6847,0.1847,10.4028
399,U10,1.1971,-1.4153,-1.9153,12.438
400,U10,-1.3754,-0.0153,-0.5153,8.8755
401,U10,0.3135,0.0547,-0.4453,9.9943
402,U10,0.6253,0.3747,-0.1253,10.0462
403,U10,-0.0448,0.1647,-0.3353,9.8961
404,U10,0.4118,0.1447,-0.3553,10.0927
405,U10,0.8269,-0.0253,-0.5253,10.5877
406,U10,1.3891,0.5247,0.0247,11.03
407,U10,0.3691,-0.0053,-0.5053,10.1599
408,U10,-1.2804,-0.6153,-1.1153,9.1805
409,U10,1.8039,-0.4353,-0.9353,12.2748
410,U10,-0.8447,0.2747,-0.2253,8.4661
411,U10,0.3307,-0.3853,-0.8853,10.5515
412,U10,0.4397,-0.1453,-0.6453,10.6005
413,U10,1.1875,-0.8953,-1.3953,11.8284
414,U10,-0.5796,-0.2353,-0.7353,9.1713
415,U10,-0.7853,0.2547,-0.2453,8.9356
416,U10,0.6836,-0.9953,-1.4953,11.6344
417,U10,0.3175,-1.0953,-1.5953,11.1983
418,U10,-1.2131,-0.6453,-1.1453,9.3578
419,U11,-0.1437,-0.8142,-1.3142,11.6181
420,U11,-0.4448,-0.4742,-0.9742,10.767
421,U11,-0.3074,-0.8342,-1.3342,10.9043
422,U11,0.8145,-0.7642,-1.2642,12.4262
423,U11,1.5534,-0.1242,-0.6242,12.4852
424,U11,-1.5112,-0.1042,-0.6042,9.0906
425,U11,0.2325,0.5058,0.0058,10.7443
426,U11,1.4604,-0.6342,-1.1342,12.8321
427,U11,1.0412,0.1958,-0.3042,11.693
428,U11,0.1401,-0.0542,-0.5542,11.1519
429,U11,0.2534,0.2058,-0.2942,10.7951
430,U11,0.3357,-0.5542,-1.0542,11.7775
431,U11,-0.6972,0.1858,-0.3142,9.9546
432,U11,-0.1657,-0.2142,-0.7142,10.8861
433,U11,0.7575,-0.5742,-1.0742,11.6592
434,U11,-0.2137,-0.9242,-1.4242,11.4581
435,U11,-1.1451,-0.7142,-1.2142,10.4266
436,U11,0.7799,-0.2042,-0.7042,11.3717
437,U11,-0.9421,-1.1942,-1.6942,10.8897
438,U11,-1.077,-0.1442,-0.6442,10.0447
439,U11,1.1951,-0.0642,-0.5642,11.9769
440,U11,0.9163,0.0158,-0.4842,11.838
441,U11,-0.0634,-0.5142,-1.0142,11.1284
442,U11,-0.2358,-0.5242,-1.0242,10.996
443,U11,-0.0134,-0.0242,-0.5242,10.5884
444,U11,0.133,-0.3842,-0.8842,11.4948
445,U11,-0.1048,-1.0542,-1.5542,11.3569
446,U12,1.2118,-0.7156,-1.2156,10.2494
447,U12,-1.3455,-0.5456,-1.0456,7.272
448,U12,-1.4326,-2.1856,-2.6856,9.2249
449,U12,1.3381,-0.9056,-1.4056,10.5556
450,U12,0.2306,-0.7856,-1.2856,9.2681
451,U12,-0.7385,-0.9156,-1.4156,8.479
452,U12,1.5041,-2.1756,-2.6756,11.9816
453,U12,-1.4667,-1.6056,-2.1056,8.6408
454,U12,-1.0983,-1.5056,-2.0056,8.3992
455,U12,1.3354,-2.4156,-2.9156,11.8329
456,U12,-0.069,-1.0756,-1.5756,9.5685
457,U12,0.9385,-0.8156,-1.3156,10.106
458,U12,1.8979,-2.0356,-2.5356,11.7054
459,U12,-0.7653,-2.1056,-2.6056,9.8522
460,U12,0.6698,-1.8756,-2.3756,10.8174
461,U12,0.1569,-2.6156,-3.1156,10.8944
462,U12,-0.2992,-1.5056,-2.0056,9.7383
463,U12,-1.4609,-1.5656,-2.0656,8.6666
464,U12,-0.2924,-2.2256,-2.7256,10.2451
465,U12,-0.3255,-1.1756,-1.6756,9.242
466,U12,0.0663,-2.0356,-2.5356,10.4138
467,U12,0.6134,-1.9956,-2.4956,10.741
468,U12,0.3641,-2.2756,-2.7756,10.6516
469,U12,1.6107,-1.1356,-1.6356,10.7982
470,U12,-1.5804,-1.3956,-1.8956,8.4571
471,U12,-0.4844,-2.0056,-2.5056,9.9031
472,U12,1.2274,-2.1156,-2.6156,11.7749
473,U12,0.8219,-0.4356,-0.9356,9.5395
474,U12,0.3471,-2.2256,-2.7256,10.7246
475,U12,0.1297,-2.1756,-2.6756,10.6873
476,U12,1.5387,-1.9956,-2.4956,11.9462
477,U12,1.514,-1.4456,-1.9456,11.3815
478,U12,-0.5781,-2.0456,-2.5456,9.6894
479,U12,-0.4216,-1.5656,-2.0656,9.5459
480,U12,0.6364,-1.6256,-2.1256,10.6539
481,U12,-0.159,-2.2756,-2.7756,10.3885
482,U12,1.2205,-0.9956,-1.4956,10.4781
483,U12,1.0466,-2.1056,-2.6056,11.7041
484,U12,-0.795,-1.1956,-1.6956,8.6025
485,U13,1.202,-2.0653,-2.5653,12.3751
486,U13,0.2556,-1.2253,-1.7253,10.7887
487,U13,-0.5233,-1.0153,-1.5153,10.2198
488,U13,-0.1586,-1.6753,-2.1753,10.7245
489,U13,0.4653,-1.8553,-2.3553,11.7384
490,U13,-0.3399,-1.5553,-2.0553,10.7631
491,U13,-0.1305,-0.6753,-1.1753,10.0425
492,U13,-0.0546,-1.4653,-1.9653,11.0385
493,U13,-0.7347,-1.8553,-2.3553,10.2384
494,U13,0.5248,-1.4853,-1.9853,11.2679
495,U13,0.1009,-1.9553,-2.4553,11.144
496,U13,-0.5149,-1.3853,-1.8853,10.5382
497,U13,-0.2129,-1.0853,-1.5853,10.5502
498,U13,-1.398,-1.3853,-1.8853,9.4951
499,U13,-0.7684,-1.3053,-1.8053,9.6647
500,U13,0.3913,-1.0653,-1.5653,11.0044
501,U13,1.6793,-2.1153,-2.6153,12.9624
502,U13,0.7849,-1.0053,-1.5053,10.928
503,U13,0.3844,-1.4553,-1.9553,10.9575
504,U13,0.8421,-1.0853,-1.5853,11.1452
505,U13,0.5497,-1.3053,-1.8053,11.2228
506,U13,-2.0435,-2.0453,-2.5453,9.3396
507,U13,-0.2215,-1.3453,-1.8453,10.7716
508,U13,0.302,-0.0153,-0.5153,10.0251
509,U13,0.6288,-2.3953,-2.8953,12.6719
510,U13,-0.1687,-1.4953,-1.9953,10.8044
511,U13,0.2898,-1.9753,-2.4753,11.7429
512,U13,0.0155,-0.4553,-0.9553,10.1986
513,U14,-0.0188,-1.9893,-2.4893,10.297
514,U14,-0.3477,-1.3693,-1.8693,9.7382
515,U14,1.8618,-1.2893,-1.7893,11.2876
516,U14,-0.2348,-1.2593,-1.7593,9.6111
517,U14,0.4367,-1.8793,-2.3793,10.9226
518,U14,0.8526,-1.8193,-2.3193,11.0485
519,U14,0.8706,-0.6593,-1.1593,10.2164
520,U14,-0.1914,-2.2593,-2.7593,10.5444
521,U14,-0.0509,-2.0193,-2.5193,10.3649
522,U14,-0.7444,-1.8393,-2.3393,9.4815
523,U14,-0.86240000000000006,-2.4193,-2.9193,10.0735
524,U14,0.1451,-1.7893,-2.2893,10.661
525,U14,-0.9736,-1.5893,-2.0893,9.2423
526,U14,-1.3741,-1.7493,-2.2493,9.0017
527,U14,-0.5702,-1.5793,-2.0793,9.4257
528,U14,0.5807,-1.6993,-2.1993,10.5965
529,U14,-0.2527,-1.4893,-1.9893,9.3932
530,U14,0.3157,-2.0793,-2.5793,11.0216
531,U14,0.8697,-2.3393,-2.8393,11.5655
532,U14,-0.3781,-1.3693,-1.8693,9.1677
533,U14,-1.7165,-1.3693,-1.8693,8.0894
534,U14,-1.3249,-1.0693,-1.5693,8.1509
535,U14,0.0402,-2.9393,-3.4393,11.516
536,U14,-0.507,-1.6093,-2.1093,9.6389
537,U14,0.0202,-1.5893,-2.0893,10.2361
538,U14,0.1418,-1.3393,-1.8393,9.7377
539,U14,0.6945,-1.7093,-2.2093,11.0903
540,U14,0.0358,-1.8593,-2.3593,10.0917
541,U14,1.7412,-1.6793,-2.1793,11.347
542,U14,-1.0578,-1.4693,-1.9693,9.018
543,U14,0.6034,-2.0393,-2.5393,11.0093
544,U14,0.4199,-1.7293,-2.2293,10.7658
545,U14,0.3837,-1.6393,-2.1393,10.0496
546,U14,-0.6243,-1.6793,-2.1793,9.3415
547,U14,-0.3766,-1.3493,-1.8493,9.4792
548,U14,1.2126,-2.2793,-2.7793,11.9784
549,U14,0.9406,-2.0093,-2.5093,11.6265
550,U14,0.5751,-1.0493,-1.5493,10.181
551,U14,-0.6456,-1.6493,-2.1493,9.4403
552,U14,-0.232,-1.8193,-2.3193,9.9039
553,U14,0.0691,-1.5793,-2.0793,9.8249
554,U14,-1.0773,-2.6793,-3.1793,10.2086
555,U14,0.2138,-1.9093,-2.4093,10.6496
556,U14,-0.0879,-1.4993,-1.9993,9.918
557,U14,0.2325,-0.9893,-1.4893,9.4683
558,U14,0.0646,-2.0393,-2.5393,10.2705
559,U14,-2.1519,-2.2593,-2.7593,8.704
560,U14,0.9301,-2.1593,-2.6593,11.476
561,U14,-0.9069,-0.6993,-1.1993,8.159
562,U14,-1.1078,-2.4493,-2.9493,9.9981
563,U14,-1.1613,-2.4393,-2.9393,9.6046
564,U14,1.2128,-2.0793,-2.5793,11.3787
565,U14,0.2439,-1.6293,-2.1293,10.2998
566,U14,0.7872,-1.3293,-1.8293,10.473
567,U14,0.3677,-1.3093,-1.8093,10.2035
568,U14,-0.4433,-1.7693,-2.2693,9.8426
569,U15,0.387,-1.1303,-1.6303,10.3081
570,U15,-0.8299,-1.4803,-1.9803,9.0713
571,U15,0.3952,-0.6103,-1.1103,9.8563
572,U15,-0.1567,-1.3303,-1.8303,9.9844
573,U15,0.1927,-1.5203,-2.0203,10.5338
574,U15,0.1838,-1.9003,-2.4003,10.675
575,U15,0.8579,-1.2703,-1.7703,11.1091
576,U15,1.3574,-0.8003,-1.3003,10.9686
577,U15,-1.4124,-1.0803,-1.5803,8.3887
578,U15,0.0845,-0.8703,-1.3703,9.3957
579,U15,-0.0444,-1.5003,-2.0003,9.8068
580,U15,-0.17,-0.2403,-0.7403,8.8412
581,U15,-0.85,-0.6703,-1.1703,8.2412
582,U15,1.0632,-0.7503,-1.2503,10.3544
583,U15,-0.3678,-1.2503,-1.7503,9.5933
584,U15,0.486,-1.5903,-2.0903,10.7972
585,U15,-0.0683,-1.2403,-1.7403,9.7128
586,U15,-0.2721,-1.1003,-1.6003,9.5591
587,U15,-0.5896,-0.8103,-1.3103,8.9116
588,U15,-0.032,-0.9203,-1.4203,9.3892
589,U15,-0.188,-0.7903,-1.2903,9.6231
590,U15,0.2055,-1.4803,-1.9803,10.2667
591,U15,1.0572,-1.5203,-2.0203,11.4784
592,U15,0.2471,-1.6303,-2.1303,10.8383
593,U15,-1.3965,-0.5003,-1.0003,7.8846
594,U15,0.4964,-1.6403,-2.1403,10.7575
595,U15,0.3387,-1.3603,-1.8603,10.3998
596,U15,0.3644,-1.8803,-2.3803,11.0055
597,U15,1.807,-1.4003,-1.9003,12.0882
598,U16,-0.5273,-0.2976,-0.7976,8.1275
599,U16,0.1903,-1.4576,-1.9576,9.6951
600,U16,-0.1076,-0.4676,-0.9676,8.6572
601,U16,-1.0303,-0.7076,-1.2076,8.0545
602,U16,-0.0545,-1.3376,-1.8376,9.3703
603,U16,0.8953,-1.4176,-1.9176,10.6401
604,U16,0.3356,-1.6376,-2.1376,10.2904
605,U16,0.0339,-1.8776,-2.3776,10.0887
606,U16,0.7141,-0.9376,-1.4376,9.9289
607,U16,0.1592,-1.2476,-1.7476,9.554
608,U16,-0.5026,-1.4576,-1.9576,9.0422
609,U16,-1.3113,-1.5576,-2.0576,8.3035
610,U16,0.199,-0.9076,-1.4076,9.4038
611,U16,-0.8359,-1.1776,-1.6776,8.6689
612,U16,-0.7823,-0.8276,-1.3276,8.1425
613,U16,-0.9318,-0.7076,-1.2076,8.153
614,U16,-0.8918,0.1024,-0.3976,7.083
615,U16,0.4163,-0.7576,-1.2576,9.6411
616,U16,-0.5635,-2.2576,-2.7576,10.2413
617,U16,-1.2279,-1.0276,-1.5276,8.0769
618,U16,-0.4359,-1.9376,-2.4376,9.4289
619,U16,-0.323,-0.5276,-1.0276,8.6918
620,U16,-0.1624,-1.5776,-2.0776,9.7424
621,U16,0.6692,-1.3376,-1.8376,10.214
622,U16,0.5951,-1.2276,-1.7276,10.4599
623,U16,0.9549,-2.4576,-2.9576,11.5197
624,U16,0.2231,-1.4376,-1.9376,9.9179
625,U16,-1.5842,-1.6376,-2.1376,7.8705
626,U16,-0.421,-1.2676,-1.7676,9.1238
627,U16,1.088,-1.0476,-1.5476,10.3828
628,U16,-1.4174,-1.5176,-2.0176,8.4774
629,U16,0.7681,-1.5976,-2.0976,10.7829
630,U16,0.1116,-1.3276,-1.8276,9.9264
631,U16,0.6172,-1.3776,-1.8776,10.342
632,U16,0.7298,-1.8976,-2.3976,10.8146
633,U16,0.0135,-1.5476,-2.0476,9.9382
634,U16,-0.6954,-1.0676,-1.5676,8.6294
635,U16,1.123,-1.8376,-2.3376,11.4978
636,U16,-0.0267,-1.6776,-2.1776,9.8681
637,U16,0.641,-1.1676,-1.6676,9.9558
638,U16,0.5417,-1.4976,-1.9976,10.5265
639,U16,1.3445,-1.1876,-1.6876,10.9493
640,U16,-0.743,-0.7176,-1.2176,8.2618
641,U16,0.068,0.3824,-0.1176,7.7428
642,U16,-0.4026,-0.6876,-1.1876,8.7322
643,U16,-0.8923,-1.8176,-2.3176,9.1925
644,U16,-0.3806,-0.7276,-1.2276,8.8542
645,U16,-0.1691,-1.6376,-2.1376,9.4057
646,U17,-0.3426,-0.3965,-0.8965,8.1176
647,U17,0.2864,-0.2265,-0.7265,8.8266
648,U17,0.6732,-1.8965,-2.3965,10.6133
649,U17,0.4573,-1.4765,-1.9765,10.1474
650,U17,1.054,-1.0665,-1.5665,10.3941
651,U17,-1.1315,-0.7665,-1.2665,7.7187
652,U17,0.5001,-1.1565,-1.6565,9.6102
653,U17,1.1525,-0.6865,-1.1865,10.0226
654,U17,1.6069,-2.1765,-2.6765,12.147
655,U17,-0.3554,-1.0265,-1.5265,9.1047
656,U17,-0.3071,-1.6965,-2.1965,9.453
657,U17,-1.0498,-0.0965,-0.5965,7.4203
658,U17,0.2776,-0.6265,-1.1265,8.9177
659,U17,1.4305,-0.4765,-0.9765,10.3906
660,U17,-0.8377,0.0235,-0.4765,7.7325
661,U17,-1.9697,-0.2765,-0.7765,6.3105
662,U17,0.069,-1.8565,-2.3565,10.2891
663,U17,0.3775,-0.5965,-1.0965,9.0976
664,U17,0.7266,-1.1865,-1.6865,10.3468
665,U17,0.7411,-0.7965,-1.2965,10.1412
666,U17,-0.3647,-0.8865,-1.3865,8.8454
667,U17,-0.1053,-1.5365,-2.0365,9.4948
668,U17,1.7087,-0.5665,-1.0665,10.5188
669,U17,1.4193,-1.5265,-2.0265,11.3495
670,U17,-0.5214,-1.5265,-2.0265,9.2687
671,U17,0.8488,-1.3565,-1.8565,10.139
672,U17,0.5697,-0.9065,-1.4065,9.5499
673,U17,0.9379,-1.4665,-1.9665,10.7781
674,U17,-0.1451,-0.6465,-1.1465,8.865
675,U17,-2.0684,-1.1365,-1.6365,7.3517
676,U17,-0.2287,-1.5765,-2.0765,9.3514
677,U17,-0.5153,-1.2565,-1.7565,8.5048
678,U17,0.6264,-1.0065,-1.5065,9.6766
679,U18,0.6128,-1.5956,-2.0956,11.2029
680,U18,-0.6468,-0.9756,-1.4756,9.2533
681,U18,0.0107,-1.1356,-1.6356,10.0309
682,U18,-0.4121,-1.5556,-2.0556,10.198
683,U18,0.1266,-1.2556,-1.7556,10.0667
684,U18,-1.4531,-0.9156,-1.4156,8.4771
685,U18,-0.7126,-0.6856,-1.1856,9.0776
686,U18,0.294,-0.8856,-1.3856,10.4642
687,U18,-1.0128,-1.1356,-1.6356,9.1674
688,U18,0.5206,-0.7756,-1.2756,10.4408
689,U18,0.7041,-1.4056,-1.9056,10.9242
690,U18,0.8478,-0.5256,-1.0256,10.3379
691,U18,0.592,-1.1756,-1.6756,10.7122
692,U18,-0.1605,-1.1156,-1.6156,9.6496
693,U18,0.4291,-2.2256,-2.7256,11.6792
694,U18,-1.5087,-1.1956,-1.6956,8.5414
695,U18,-0.6038,-1.5456,-2.0456,9.8663
696,U18,-0.5275,-1.0956,-1.5956,9.6727
697,U18,0.1448,-1.0456,-1.5456,9.8049
698,U18,0.3347,-0.8456,-1.3456,10.2849
699,U18,0.4139,-0.9556,-1.4556,10.2441
700,U18,0.2234,-1.3156,-1.8156,10.5936
701,U18,-0.3346,-0.8056,-1.3056,9.7955
702,U18,-0.808,-1.2756,-1.7756,9.2822
703,U18,-0.0375,-1.7856,-2.2856,10.2526
704,U18,0.9207,-1.8856,-2.3856,11.6208
705,U18,1.5475,-1.1756,-1.6756,11.7877
706,U18,-0.686,-1.9856,-2.4856,9.8242
707,U18,0.2303,-1.9456,-2.4456,10.6405
708,U18,0.1869,-2.3056,-2.8056,11.097
709,U18,2.0495,-1.4156,-1.9156,12.2297
710,U18,-1.2525,-1.6156,-2.1156,9.4076
711,U18,0.7611,-1.0956,-1.5956,10.4613
712,U18,-0.6323,-1.5756,-2.0756,9.6679
713,U18,0.0216,-0.7856,-1.2856,9.7818
714,U18,-1.6244,-0.9356,-1.4356,8.0558
715,U18,-1.1195,-2.1056,-2.6056,10.0306
716,U18,-0.5092,-1.9456,-2.4456,10.0209
717,U18,0.223,-1.1156,-1.6156,10.3332
718,U18,0.9224,-1.3456,-1.8456,10.9925
719,U18,0.1463,-0.7956,-1.2956,9.8164
720,U18,0.1685,-1.3556,-1.8556,10.5187
721,U18,-1.3044,-1.7656,-2.2656,9.3358
722,U18,1.8501,-1.1756,-1.6756,11.9103
723,U18,-0.7305,-1.0156,-1.5156,9.0696
724,U18,-0.7161,-1.1756,-1.6756,9.6841
725,U18,-1.2502,-0.8656,-1.3656,8.85
726,U18,0.8879,-1.8656,-2.3656,11.3781
727,U18,0.0691,-0.2656,-0.7656,9.5493
728,U18,-1.0665,-1.2356,-1.7356,8.9236
729,U18,-0.243,-1.1556,-1.6556,9.8071
730,U18,0.9564,-0.9956,-1.4956,11.1265
731,U18,0.6818,-1.5556,-2.0556,10.952
732,U18,0.0141,-2.0256,-2.5256,10.6643
733,U18,-0.2072,-1.1156,-1.6156,9.7229
734,U18,-0.4327,-2.1256,-2.6256,10.6274
735,U18,0.8172,-1.4856,-1.9856,10.7773
736,U18,-0.4409,-1.5356,-2.0356,10.0593
737,U19,0.1874,-1.5721,-2.0721,10.558
738,U19,0.0244,-1.8421,-2.3421,10.675
739,U19,0.476,-2.1021,-2.6021,11.3566
740,U19,0.5731,-1.6121,-2.1121,11.0836
741,U19,0.8272,-0.3421,-0.8421,9.6178
742,U19,0.2732,-1.0121,-1.5121,9.9037
743,U19,0.5538,0.3579,-0.1421,8.9143
744,U19,-0.4492,-1.1121,-1.6121,9.1714
745,U19,1.1817,-0.8721,-1.3721,10.6423
746,U19,1.6917,-1.5821,-2.0821,11.6922
747,U19,-0.7761,-0.8121,-1.3121,8.9345
748,U19,0.1493,-1.8421,-2.3421,10.2999
749,U19,0.0851,-1.5621,-2.0621,10.2757
750,U19,-0.7863,-0.4721,-0.9721,8.1143
751,U19,-1.1203,-1.0521,-1.5521,8.4503
752,U19,-0.0852,0.1779,-0.3221,8.5054
753,U19,-0.8697,-0.8721,-1.3721,8.7309
754,U19,0.5389,-1.2021,-1.7021,10.1895
755,U19,0.1626,-0.8121,-1.3121,9.6731
756,U19,-0.0084,-0.8921,-1.3921,9.6222
757,U19,-1.1311,-1.4221,-1.9221,9.0494
758,U19,0.699,-1.7621,-2.2621000000000002,10.8895
759,U19,-0.5526,-1.7021,-2.2021,9.888
760,U19,0.8395,-1.3621,-1.8621,10.7301
761,U19,-0.2956,-0.4821,-0.9821,9.2049
762,U19,-0.5661,-1.0121,-1.5121,8.9845
763,U19,-0.1713,-1.5921,-2.0921,9.9292
764,U19,-0.1745,-1.1921,-1.6921,9.746
765,U19,-0.295,-0.3621,-0.8621,8.6455
766,U19,1.0074,-1.2521,-1.7521,11.378
767,U19,0.2343,-0.8621,-1.3621,9.8448
768,U19,0.3966,-1.7221,-2.2221,10.4472
769,U19,-1.4354,-1.0821,-1.5821,7.8552
770,U19,-0.2262,-1.5221,-2.0221,9.5243
771,U19,-0.0131,-0.9321,-1.4321,9.6375
772,U19,0.3105,-1.8421,-2.3421,10.541
773,U19,0.1646,-0.8421,-1.3421,9.8652
774,U19,-0.1485,-1.0521,-1.5521,9.3821
775,U19,0.7047,-0.8121,-1.3121,10.4553
776,U19,0.6378,-0.5321,-1.0321,9.4684
777,U19,-0.9782,-1.3521,-1.8521,8.9224
778,U19,0.155,-1.1721,-1.6721,9.9056
779,U19,0.2671,-1.5021,-2.0021,10.4476
780,U19,-1.7026,-0.9121,-1.4121,7.9179
781,U19,-2.1183,-1.8421,-2.3421,8.2323
782,U20,1.8363,-1.1075,-1.6075,12.0274
783,U20,-0.5213,-1.2275,-1.7275,9.6297
784,U20,0.5665,-1.6875,-2.1875,11.5076
785,U20,-0.3213,-0.1675,-0.6675,8.9398
786,U20,-1.17,-0.3975,-0.8975,8.3811
787,U20,0.5086,-0.9275,-1.4275,10.1297
788,U20,1.2792,-0.8675,-1.3675,10.9703
789,U20,-0.3108,-0.4175,-0.9175,9.1103
790,U20,0.86,-0.1275,-0.6275,10.5511
791,U20,0.7562,-0.4375,-0.9375,10.5873
792,U20,-0.4976,-0.5575,-1.0575,9.4335
793,U20,-0.4552,-0.6075,-1.1075,8.8459
794,U20,0.8123,-0.6375,-1.1375,10.3634
795,U20,-0.4903,-0.7775,-1.2775,9.1908
796,U20,-0.2235,-0.5775,-1.0775,9.6976
797,U20,0.4658,0.3525,-0.1475,9.4369
798,U20,0.983,-1.1675,-1.6675,10.9641
799,U20,1.1906,-1.4075,-1.9075,11.3317
800,U20,-0.4604,-0.0275,-0.5275,8.6207
801,U20,-0.1515,-0.4375,-0.9375,9.5996
802,U20,0.5796,-0.4275,-0.9275,10.0707
803,U20,0.0062,-1.3675,-1.8675,10.7073
804,U20,-0.5371,-1.1475,-1.6475,9.3339
805,U20,0.1601,-0.5775,-1.0775,9.9011
806,U20,1.3846,1.0725,0.5725,9.2557
807,U20,-0.0672,-0.7975,-1.2975,10.1039
808,U20,0.0199,-0.2375,-0.7375,9.591
809,U20,-0.3436,0.4125,-0.0875,8.3174
810,U20,-0.3315,-0.0375,-0.5375,8.7796
811,U20,0.4304,-0.9275,-1.4275,10.0514
812,U20,-0.0153,-0.6475,-1.1475,9.6458
813,U20,-0.1949,-0.7875,-1.2875,9.4762
814,U20,0.5083,-0.8475,-1.3475,10.3094
815,U20,0.4026,-0.3375,-0.8375,10.1237
816,U20,-1.0657,-0.4375,-0.9375,8.1454
817,U20,0.1826,-0.7675,-1.2675,10.0237
818,U20,0.545,0.5325,0.0325,9.5261
819,U20,-0.6015,-0.6675,-1.1675,9.2896
820,U20,-0.4892,-0.0975,-0.5975,8.6918
821,U20,-0.6804,-0.9075,-1.4075,9.3706
822,U20,0.3138,-1.4675,-1.9675,10.9649
823,U20,0.3323,-1.4075,-1.9075,10.9734
824,U20,0.4027,-0.6675,-1.1675,10.1738
825,U20,-0.5405,-0.6775,-1.1775,9.3706
826,U20,0.0817,-0.9675,-1.4675,10.1828
827,U20,-1.6511,-0.4275,-0.9275,7.96
828,U20,-0.4891,-1.7475,-2.2475,10.582
829,U20,0.1773,-0.2375,-0.7375,9.6284
830,U20,0.7196,-0.8275,-1.3275,10.3906
831,U20,0.5874,-0.3575,-0.8575,10.2985
832,U20,-0.0815,-1.2675,-1.7675,10.3096
833,U20,-0.0104,-0.7775,-1.2775,9.7107
834,U20,-0.2807,-0.1775,-0.6775,9.0004
835,U20,-0.2879,-0.4375,-0.9375,9.5432
836,U21,-0.1246,-1.1663,-1.6663,9.7226
837,U21,0.0598,-1.6363,-2.1363,10.3469
838,U21,-0.8326,-2.6063,-3.1063,10.5446
839,U21,-0.2718,-2.2863,-2.7863,10.3253
840,U21,-0.5085,-2.2463,-2.7463,10.4887
841,U21,-0.8918,-1.3963,-1.8963,9.1953
842,U21,-0.3983,-2.6263,-3.1263,10.9688
843,U21,-0.3077,-1.2863,-1.7863,9.3994
844,U21,-1.9844,-1.9963,-2.4963,8.7628
845,U21,-0.3622,-2.3263,-2.8263,10.7549
846,U21,-0.4675,-1.1263,-1.6263,9.3796
847,U21,-0.968,-1.2063,-1.7063,8.8792
848,U21,1.3377,-1.2863,-1.7863,11.2049
849,U21,-0.0078,-2.2163,-2.7163,11.1093
850,U21,1.0776,-1.3763,-1.8763,11.0547
851,U21,-0.037,-2.1363,-2.6363,10.9201
852,U21,1.4416,-1.8563,-2.3563,12.0587
853,U21,0.2273,-2.4263,-2.9263,11.0744
854,U21,0.4246,-2.4663,-2.9663,11.3917
855,U21,-0.1575,-2.4063,-2.9063,10.7196
856,U21,0.0774,-2.2663,-2.7663,10.6845
857,U21,-1.6057,-2.2663,-2.7663,9.2214
858,U21,-0.3706,-2.1663,-2.6663,10.3865
859,U21,0.377,-2.0163,-2.5163,11.0141
860,U21,0.7355,-1.6563,-2.1563,10.6726
861,U21,0.1357,-2.4463,-2.9463,11.2729
862,U21,1.5819,-1.2463,-1.7463,11.5691
863,U21,0.344,-1.8763,-2.3763,10.6912
864,U21,1.1575,-1.7763,-2.2763,11.5347
865,U21,-0.997,-2.2763,-2.7763,10.0902
866,U21,1.1814,-1.7563,-2.2563,11.6885
867,U21,-0.6429,-2.2863,-2.7863,10.3343
868,U21,0.7895,-2.0063,-2.5063,11.5466
869,U21,-1.0056,-2.3263,-2.8263,10.0315
870,U21,-1.2807,-2.3163,-2.8163,9.8265
871,U21,1.4271,-1.4363,-1.9363,11.5342
872,U21,-0.1243,-2.2463,-2.7463,10.5728
873,U21,0.6027,-1.6763,-2.1763,10.9498
874,U21,-0.0746,-2.3263,-2.8263,10.9225
875,U21,-1.2714,-2.1563,-2.6563,9.4757
876,U21,0.4558,-1.7963,-2.2963,11.063
877,U21,-1.0653,-1.4863,-1.9863,8.8318
878,U21,-0.9906,-1.8063,-2.3063,9.3466
879,U21,-0.0698,-2.0863,-2.5863,10.4274
880,U21,-0.0087,-1.7163,-2.2163,10.0584
881,U21,0.2884,-1.6963,-2.1963,10.7056
882,U21,-0.1805,-1.4863,-1.9863,9.8766
883,U21,0.1119,-2.6863,-3.1863,11.529
884,U21,-0.2165,-1.6063,-2.1063,9.8206
885,U21,-0.5868,-1.0263,-1.5263,9.3904
886,U21,-0.0398,-1.0163,-1.5163,9.2974
887,U21,-0.9445,-1.1863,-1.6863,8.6126
888,U21,0.6135,-1.8063,-2.3063,10.9907
889,U21,0.2261,-1.0763,-1.5763,9.6933
890,U21,-0.3542,-1.2263,-1.7263,9.623
891,U22,-0.93,-1.3547,-1.8547,9.7179
892,U22,0.7625,-1.8347,-2.3347,11.5905
893,U22,0.0834,-1.4147,-1.9147,10.4013
894,U22,0.9092,-0.5247,-1.0247,10.5771
895,U22,1.1665,-0.8047,-1.3047,11.3944
896,U22,0.0775,-1.3647,-1.8647,10.8654
897,U22,0.1679,-1.0347,-1.5347,10.0359
898,U22,-0.007,-1.2947,-1.7947,10.4709
899,U22,0.8052,-1.7747,-2.2747,11.5031
900,U22,0.1482,-0.7947,-1.2947,10.3061
901,U22,1.0493,-0.8947,-1.3947,11.2873
902,U22,0.3482,-1.0747,-1.5747,10.2361
903,U22,-0.1835,-0.6447,-1.1447,9.6644
904,U22,0.4485,-1.3647,-1.8647,11.1365
905,U22,-0.0538,-1.6847,-2.1847,10.6741
906,U22,0.8552,-1.2647,-1.7647,11.4931
907,U22,-0.5088,-1.0447,-1.5447,9.6191
908,U22,-0.6727,-0.9447,-1.4447,9.7252
909,U22,-0.143,-1.6747,-2.1747,10.6449
910,U22,-2.646,-1.4747,-1.9747,8.1419
911,U22,1.0855,-0.6647,-1.1647,11.1834
912,U22,0.0899,-1.0847,-1.5847,10.3578
913,U22,0.2469,-1.5747,-2.0747,11.1449
914,U22,-0.1418,-1.4147,-1.9147,10.4361
915,U22,0.1396,-1.2747,-1.7747,10.4476
916,U22,1.0728,-1.2647,-1.7647,11.7907
917,U22,-0.7274,-1.6347,-2.1347,9.7205
918,U22,0.8689,-1.9147,-2.4147,11.8168
919,U22,-1.5408,-1.0747,-1.5747,8.8071
920,U22,0.8818,-1.7547,-2.2547,11.7697
921,U22,0.8233,-1.4947,-1.9947,11.2212
922,U22,-0.8254,-1.5947,-2.0947,10.0626
923,U22,-1.4156,-0.4247,-0.9247,8.1423
924,U22,0.2508,-0.4047,-0.9047,10.1587
925,U22,0.6209,-1.3847,-1.8847,11.3989
926,U22,0.0794,-1.6347,-2.1347,10.5673
927,U22,0.7791,-0.6647,-1.1647,10.497
928,U22,-0.539,-0.5147,-1.0147,9.4989
929,U22,0.3392,-1.2747,-1.7747,11.0272
930,U22,-0.8753,-1.6347,-2.1347,9.5726
931,U22,0.2231,-0.7247,-1.2247,10.371
932,U22,-1.2257,-1.5547,-2.0547,9.6822
933,U22,-0.4108,-1.2647,-1.7647,10.1272
934,U22,-0.2986,-2.0547,-2.5547,11.1993
935,U22,-0.9231,-0.6647,-1.1647,9.1748
936,U22,-1.0694,-1.3847,-1.8847,9.8686
937,U22,0.515,-1.5947,-2.0947,11.3029
938,U22,0.8514,-1.4547,-1.9547,11.6093
939,U22,-0.4717,-1.7947,-2.2947,10.6762
940,U22,1.1422,-1.0747,-1.5747,10.9501
941,U22,0.707,-1.4647,-1.9647,11.7649
942,U22,-0.8726,0.1453,-0.3547,8.3353
943,U22,0.005,-0.6047,-1.1047,9.9329
944,U22,-1.1453,-1.4547,-1.9547,9.3526
945,U23,1.2138,-1.3156,-1.8156,12.4191
946,U23,0.8706,-1.3356,-1.8356,11.8458
947,U23,0.5084,-1.3056,-1.8056,11.7436
948,U23,0.4535,-1.7756,-2.2756,12.0288
949,U23,-1.0938,-1.2056,-1.7056,10.1115
950,U23,1.1697,-1.1256,-1.6256,12.375
951,U23,-0.6866,-1.2256,-1.7256,10.2887
952,U23,1.8782,-1.3856,-1.8856,13.3534
953,U23,1.2065,-0.2556,-0.7556,11.1718
954,U23,-0.5272,-1.2156,-1.7156,10.528
955,U23,0.4861,-2.0756,-2.5756,12.6714
956,U23,0.7044,-0.6956,-1.1956,11.5497
957,U23,0.0882,-1.1056,-1.6056,11.3435
958,U23,0.2361,-0.0556,-0.5556,10.2214
959,U23,0.4826,-0.9456,-1.4456,11.3779
960,U23,0.0251,-1.0856,-1.5856,11.1303
961,U23,0.7454,-0.21560000000000001,-0.7156,10.7307
962,U23,1.1057,-2.1756,-2.6756,13.361
963,U23,0.0797,-1.1856,-1.6856,10.955
964,U23,-0.1821,-1.3256,-1.8256,10.9432
965,U23,-0.8669,-0.8456,-1.3456,9.7784
966,U23,0.524,-1.6556,-2.1556,11.8193
967,U23,-0.1903,-1.3856,-1.8856,11.245
968,U23,0.3504,-1.7556,-2.2556,12.2557
969,U23,0.2629,-0.8656,-1.3656,11.1182
970,U23,-1.5081,-0.5856,-1.0856,9.0872
971,U23,-0.1348,-0.8856,-1.3856,10.3705
972,U23,-0.4383,-1.0656,-1.5656,10.557
973,U23,-0.2481,-1.2656,-1.7656,10.7871
974,U23,-0.9816,-1.1156,-1.6156,10.4137
975,U23,0.2193,-2.0356,-2.5356,11.8445
976,U23,0.8252,-1.6956,-2.1956,11.9405
977,U23,0.0855,-1.9156,-2.4156,12.0708
978,U23,-0.47,-0.7856,-1.2856,10.3453
979,U23,-0.5474,-1.9756,-2.4756,11.0678
980,U23,-1.1577,-1.1856,-1.6856,9.6776
981,U23,-0.2932,-1.9156,-2.4156,11.4921
982,U23,-0.4163,-1.6756,-2.1756,11.049
983,U23,0.1495,-1.8656,-2.3656,11.8848
984,U23,-1.2901,-1.8356,-2.3356,10.1152
985,U23,0.8941,-1.0856,-1.5856,11.6194
986,U23,-1.6296,-1.5356,-2.0356,9.9457
987,U23,-0.0739,-2.2356,-2.7356,12.2314
988,U23,-0.4729,-1.8956,-2.3956,11.4024
989,U23,0.3698,-0.8356,-1.3356,11.5051
990,U23,-0.4868,-0.5856,-1.0856,10.1485
991,U23,-0.3743,-0.9656,-1.4656,10.3309
992,U23,-2.0852,-1.2656,-1.7656,9.0901
993,U23,0.3841,-0.0756,-0.5756,10.1193
994,U23,0.0923,-1.2856,-1.7856,11.0776
995,U23,0.8317,-0.6556,-1.1556,11.477
996,U23,-0.0915,-1.4856,-1.9856,11.1538
997,U23,0.9781,-1.0056,-1.5056,12.0434
998,U23,1.4273,-1.2856,-1.7856,12.4926
999,U23,-0.6171,-0.9956,-1.4956,10.0682
1000,U23,-0.5261,-1.5556,-2.0556,10.7792
1001,U23,1.2997,-1.0656,-1.5656,12.155
1002,U24,0.2871,-0.8946,-1.3946,9.8221
1003,U24,-1.2707,-0.9846,-1.4846,8.7242
1004,U24,0.7984,-1.9046,-2.4046,11.3634
1005,U24,0.0991,-1.6446,-2.1446,10.5541
1006,U24,-0.3911,-1.6746,-2.1746,10.3339
1007,U24,1.0581,-0.8746,-1.3746,10.903
1008,U24,-0.1703,-1.3346,-1.8346,10.0847
1009,U24,0.0419,-1.9646,-2.4646,10.9569
1010,U24,0.652,-2.0046,-2.5046,11.6669
1011,U24,0.5009,-1.8846,-2.3846,11.5358
1012,U24,1.2991,-2.1446,-2.6446,12.2441
1013,U24,0.0466,-1.0046,-1.5046,10.3316
1014,U24,-0.6027,-2.0846,-2.5846,10.0322
1015,U24,-1.9792,-1.2946,-1.7946,8.2358
1016,U24,0.4735,-1.1546,-1.6546,10.6584
1017,U24,0.3848,-1.1746,-1.6746,10.7198
1018,U24,1.2657,-1.4046,-1.9046,11.6607
1019,U24,0.4409,-0.5746,-1.0746,9.9159
1020,U24,-0.6209,-1.3546,-1.8546,9.9041
1021,U24,-0.6926,-1.0146,-1.5146,9.4424
1022,U24,-0.3102,-0.7746,-1.2746,9.4648
1023,U24,-1.2563,-1.3646,-1.8646,9.0387
1024,U24,1.2194,-1.6846,-2.1846,11.8344
1025,U24,0.2599,-1.2946,-1.7946,10.8549
1026,U24,-0.3841,-0.6746,-1.1746,9.1008
1027,U24,-1.4955,-0.3346,-0.8346,7.6995
1028,U24,0.9077,-1.2946,-1.7946,11.3026
1029,U24,-0.4263,-1.2746,-1.7746,9.8187
1030,U24,0.696,-2.0246,-2.5246,11.401
1031,U24,-0.2023,-1.4946,-1.9946,10.0726
1032,U25,0.6537,-0.696,-1.196,11.0979
1033,U25,0.4451,-1.546,-2.046,11.8793
1034,U25,-1.1196,-0.996,-1.496,9.3946
1035,U25,-0.8302,-1.166,-1.666,10.0341
1036,U25,1.0237,-1.106,-1.606,11.7979
1037,U25,-1.2274,-2.146,-2.646,10.7068
1038,U25,0.1676,-0.596,-1.096,10.4618
1039,U25,1.4787,-1.026,-1.526,12.2129
1040,U25,-0.6263,-1.426,-1.926,10.408
1041,U25,0.0174,-0.636,-1.136,10.5316
1042,U25,-0.7496,-0.566,-1.066,9.3746
1043,U25,0.2553,-0.056,-0.556,10.0995
1044,U25,-0.4929,-0.316,-0.816,9.5813
1045,U25,-0.2549,0.094,-0.406,9.6893
1046,U25,0.5869,-0.976,-1.476,10.9912
1047,U25,-0.6562,-0.736,-1.236,10.0881
1048,U25,-0.6383,-0.616,-1.116,9.7659
1049,U25,-0.5897,-1.066,-1.566,9.9845
1050,U25,1.545,-1.266,-1.766,12.2592
1051,U25,1.0881,-1.246,-1.746,11.9523
1052,U25,0.5181,-0.876,-1.376,10.8923
1053,U25,1.4873,0.134,-0.366,11.2115
1054,U25,-1.9479,0.134,-0.366,7.8963
1055,U25,-1.6656,-1.076,-1.576,9.2686
1056,U25,-0.6145,-0.716,-1.216,9.7797
1057,U25,-0.2688,-0.486,-0.986,9.5954
1058,U25,-0.6341,-0.566,-1.066,9.9801
1059,U25,-0.5482,-1.226,-1.726,10.4061
1060,U26,0.2451,-0.2157,-0.7157,9.8663
1061,U26,-0.3152,-0.5857,-1.0857,9.496
1062,U26,0.6655,-1.3757,-1.8757,10.9568
1063,U26,-1.6554,-1.2657,-1.7657,9.0958
1064,U26,0.1401,-0.6657,-1.1657,10.1913
1065,U26,0.8246,0.0443,-0.4557,9.9958
1066,U26,-0.3379,-1.2757,-1.7757,10.3833
1067,U26,0.4796,-1.2557,-1.7557,10.9708
1068,U26,-0.1653,-1.0557,-1.5557,10.226
1069,U26,1.0323,-1.9557,-2.4557,12.1136
1070,U26,-0.8733,-1.4157,-1.9157,9.5979
1071,U26,1.2816,-1.1257,-1.6257,11.5228
1072,U26,-0.5119,-0.8657,-1.3657,9.8794
1073,U26,-0.0892,-1.2957,-1.7957,10.2821
1074,U26,0.3207,-1.5357,-2.0357,10.8119
1075,U26,0.9239,-0.5057,-1.0057,10.9751
1076,U26,0.4527,-0.8757,-1.3757,10.5739
1077,U26,-0.8667,-0.6357,-1.1357,9.0846
1078,U26,0.4002,-0.6357,-1.1357,10.6915
1079,U26,-0.6365,-1.5757,-2.0757,10.2547
1080,U26,-0.1308,-0.0957,-0.5957,9.5504
1081,U26,-0.4917,-1.0957,-1.5957,9.6195
1082,U26,0.0979,-0.6657,-1.1657,9.9892
1083,U26,-0.5258,-1.0557,-1.5557,9.4455
1084,U26,-0.5778,-0.0357,-0.5357,8.9334
1085,U26,1.1212,-1.3957,-1.8957,11.8624
1086,U26,0.1161,0.0443,-0.4557,9.6673
1087,U26,-0.0942,-0.4057,-0.9057,9.307
1088,U26,-0.7071,-0.2857,-0.7857,8.4741
1089,U26,-0.5065,-0.9357,-1.4357,9.3647
1090,U27,-0.6475,-1.556,-2.056,9.8587
1091,U27,-0.1284,-1.616,-2.116,10.3077
1092,U27,-0.8726,-1.306,-1.806,9.1635
1093,U27,-0.0375,-0.836,-1.336,10.0386
1094,U27,0.2794,-1.656,-2.156,10.7755
1095,U27,1.7228,-0.766,-1.266,11.4089
1096,U27,0.8138,-1.936,-2.436,11.65
1097,U27,-0.1551,-2.336,-2.836,10.621
1098,U27,-0.5555,-1.736,-2.236,9.6406
1099,U27,-0.108,-0.876,-1.376,9.9082
1100,U27,0.2189,-1.346,-1.846,10.3551
1101,U27,1.2236,-0.376,-0.876,10.6897
1102,U27,0.7202,-1.306,-1.806,11.1363
1103,U27,0.8908,-1.226,-1.726,11.1069
1104,U27,-0.1898,-1.426,-1.926,10.0263
1105,U27,0.3304,-1.126,-1.626,10.5566
1106,U27,0.1018,-1.276,-1.776,10.6779
1107,U27,0.0893,-0.356,-0.856,9.3654
1108,U27,1.1093,-0.496,-0.996,10.6755
1109,U27,-0.4984,-1.496,-1.996,9.7978
1110,U27,0.7658,-1.406,-1.906,10.9919
1111,U27,0.8291,-1.066,-1.566,10.5853
1112,U27,0.7746,-1.596,-2.096,10.9607
1113,U27,0.3997,-1.346,-1.846,10.6159
1114,U27,0.5369,-0.786,-1.286,10.253
1115,U27,1.654,-0.706,-1.206,10.9902
1116,U27,-0.4764,-0.766,-1.266,8.9898
1117,U27,-1.8678,-0.576,-1.076,7.8983
1118,U27,-0.4522,-1.546,-2.046,9.9439
1119,U27,-1.1229,-1.226,-1.726,8.9732
1120,U28,-0.0623,0.4539,-0.0461,9.9703
1121,U28,0.8404,0.6139,0.1139,10.8329
1122,U28,0.1333,-0.7961,-1.2961,11.7758
1123,U28,-0.1787,0.8439,0.3439,10.0539
1124,U28,1.3522,1.1039,0.6039,10.8147
1125,U28,-1.499,1.2439,0.7439,7.9135
1126,U28,-0.8841,0.3739,-0.1261,9.1884
1127,U28,-0.4758,-0.1761,-0.6761,9.9367
1128,U28,1.5028,0.4739,-0.0261,11.5053
1129,U28,0.6964,-0.4561,-0.9561,12.0289
1130,U28,0.3228,0.2339,-0.2661,10.6054
1131,U28,-1.6956,0.5639,0.0639,8.577
1132,U28,0.2671,-0.6161,-1.1161,11.3596
1133,U28,1.0103,0.7139,0.2139,11.1128
1134,U28,0.7121,-0.3761,-0.8761,11.7646
1135,U28,-0.4875,-0.4861,-0.9861,10.635
1136,U28,-1.0622,-0.0361,-0.5361,9.9203
1137,U28,0.1052,0.7139,0.2139,9.7877
1138,U28,-0.7478,1.0639,0.5639,9.0148
1139,U28,0.3522,0.2239,-0.2761,10.5247
1140,U28,0.2831,0.0439,-0.4561,10.7857
1141,U28,0.0541,0.0839,-0.4161,10.5166
1142,U28,-0.3182,0.4739,-0.0261,9.9444
1143,U28,-1.1859,0.0939,-0.4061,9.6466
1144,U28,-0.3079,0.5339,0.0339,9.7246
1145,U28,-0.7962,0.5739,0.0739,9.2963
1146,U28,-0.4187,0.0339,-0.4661,10.5838
1147,U28,-0.9467,0.4339,-0.0661,9.1158
1148,U28,0.5205,0.9039,0.4039,10.463
1149,U28,-0.8258,0.8539,0.3539,8.9867
1150,U28,0.4649,-0.5361,-1.0361,11.7574
1151,U28,0.7721,0.1539,-0.3461,11.3746
1152,U28,0.7394,-0.2161,-0.7161,11.3719
1153,U28,-0.8834,-0.2561,-0.7561,10.1891
1154,U28,-1.0287,0.9239,0.4239,8.7838
1155,U28,-0.719,-0.3161,-0.8161,10.1235
1156,U28,-0.3389,1.1039,0.6039,9.5437
1157,U28,0.0258,0.3339,-0.1661,10.6183
1158,U28,0.357,0.6939,0.1939,10.3295
1159,U28,-0.3437,0.3339,-0.1661,9.7888
1160,U28,-0.9664,0.2339,-0.2661,9.5761
1161,U28,-0.0725,-0.0161,-0.5161,10.6
1162,U29,0.4577,-2.4099,-2.9099,11.8422
1163,U29,-0.0828,-1.4599,-1.9599,10.3617
1164,U29,0.4131,-1.6999,-2.1999,11.0977
1165,U29,0.4382,-1.0499,-1.5499,10.7927
1166,U29,0.5442,-2.5099,-3.0099,12.3587
1167,U29,0.3542,-1.6199,-2.1199,11.2387
1168,U29,0.2801,-0.5999,-1.0999,9.7546
1169,U29,-0.5234,-1.8499,-2.3499,10.0411
1170,U29,0.2989,-0.7499,-1.2499,10.0435
1171,U29,0.2821,-1.5399,-2.0399,10.5466
1172,U29,-0.8641,-0.6499,-1.1499,8.9704
1173,U29,-0.5982,-1.1399,-1.6399,9.1864
1174,U29,-0.2936,-1.3799,-1.8799,10.0309
1175,U29,-0.7745,-1.8899,-2.3899,10.07
1176,U29,-0.4754,-1.9299,-2.4299,10.4291
1177,U29,-0.9339,-1.2999,-1.7999,9.1306
1178,U29,1.0365,-2.0099,-2.5099,11.9811
1179,U29,-0.3121,-1.5399,-2.0399,10.2525
1180,U29,1.369,-2.1499,-2.6499,12.5635
1181,U29,-0.0754,-1.7099,-2.2099,10.5792
1182,U29,0.1398,-0.2899,-0.7899,9.4744
1183,U29,-0.6301,-0.3299,-0.8299,8.6245
1184,U29,0.4561,-1.6199,-2.1199,11.4606
1185,U29,0.3784,-1.0999,-1.5999,10.403
1186,U29,1.3181,-1.9899,-2.4899,12.2326
1187,U29,0.9583,-1.7699,-2.2699,11.2828
1188,U29,0.72,-0.8699,-1.3699,10.8845
1189,U29,1.2629,-0.4999,-0.9999,10.5875
1190,U29,0.2551,-2.0499,-2.5499,10.8797
1191,U29,-0.4557,-1.2399,-1.7399,9.8589
1192,U29,0.6619,-2.3699,-2.8699,12.0264
1193,U29,-0.8672,-1.3799,-1.8799,9.3373
1194,U29,0.3478,-1.6699,-2.1699,10.4823
1195,U29,-0.9221,-1.8899,-2.3899,10.0425
1196,U29,-0.7302,-2.0499,-2.5499,9.8943
1197,U29,0.2815,-2.1499,-2.6499,11.3161
1198,U29,-0.7007,-0.4899,-0.9899,8.6339
1199,U29,-1.3197,-0.3699,-0.8699,8.2549
1200,U29,-0.6404,-0.3299,-0.8299,8.6341
1201,U29,-0.5778,-0.8299,-1.3299,9.1068
1202,U29,-0.5546,-2.3099,-2.8099,10.9199
1203,U29,0.2383,-1.1399,-1.6399,10.4829
1204,U29,0.9927,-1.6999,-2.1999,11.7573
1205,U29,-0.1084,-0.9299,-1.4299,10.1062
1206,U29,0.6259,-0.8099,-1.3099,10.6205
1207,U29,0.2023,-1.4599,-1.9599,10.6868
1208,U29,0.9869,-1.7499,-2.2499,11.6615
1209,U29,-0.5494,-2.0499,-2.5499,10.4952
1210,U29,-0.0405,-1.9299,-2.4299,10.824
1211,U29,-0.831,-1.0899,-1.5899,9.5835
1212,U29,-0.2417,-1.7099,-2.2099,10.4929
1213,U29,0.4867,-0.8199,-1.3199,9.9112
1214,U29,1.0186,-1.1699,-1.6699,11.4331
1215,U29,-0.2267,-1.4199,-1.9199,10.0378
1216,U29,-1.0591,-0.9399,-1.4399,8.8855
1217,U29,1.0432,-1.5299,-2.0299,11.3877
1218,U29,-0.4855,-2.0099,-2.5099,10.359
1219,U29,-0.1606,-1.2799,-1.7799,9.9139
1220,U30,-0.6158,-0.3751,-0.8751,8.8058
1221,U30,0.1025,-0.1351,-0.6351,9.2041
1222,U30,-0.1073,-0.1751,-0.6751,8.8343
1223,U30,-1.257,-1.3151,-1.8151,8.9746
1224,U30,-0.9658,-1.6651,-2.1651,9.3258
1225,U30,-0.1928,-0.9251,-1.4251,9.3088
1226,U30,0.7481,-0.7351,-1.2351,10.2897
1227,U30,-0.5677,-1.0051,-1.5051,9.2539
1228,U30,1.9891,-0.9251,-1.4251,11.9107
1229,U30,0.9401,-1.4851,-1.9851,11.3017
1230,U30,1.0522,0.1549,-0.3451,9.7838
1231,U30,1.1257,-0.4651,-0.9651,10.0973
1232,U30,-2.4367,-0.8151,-1.3151,6.9849
1233,U30,0.7974,-1.3451,-1.8451,10.7691
1234,U30,0.0626,-0.8851,-1.3851,9.5042
1235,U30,1.6173,-0.6951,-1.1951,11.2989
1236,U30,0.0173,-1.2851,-1.7851,10.019
1237,U30,0.6549,-0.1251,-0.6251,10.0665
1238,U30,-0.6494,-0.1651,-0.6651,8.4823
1239,U30,-0.0648,-0.0251,-0.5251,8.7768
1240,U30,0.0417,-0.7151,-1.2151,9.4733
1241,U30,0.9571,0.0449,-0.4551,9.7487
1242,U30,0.3704,-0.6451,-1.1451,10.242
1243,U30,-0.5453,-0.1651,-0.6651,8.6864
1244,U30,-1.0069,-0.7351,-1.2351,8.4147
1245,U30,-1.2363,-0.4351,-0.9351,8.2753
1246,U30,1.7146,-1.0251,-1.5251,11.5462
1247,U30,0.0757,-0.7751,-1.2751,9.5573
1248,U30,0.2375,-0.1151,-0.6151,9.4291
1249,U30,0.1639,-1.0851,-1.5851,10.4055
1250,U30,0.1658,-0.8351,-1.3351,9.9975
1251,U30,-0.2709,-0.6551,-1.1551,9.4507
1252,U30,-0.9756,-1.7051,-2.2051,9.676
1253,U30,0.5836,-0.5751,-1.0751,10.1452
1254,U30,0.0324,-0.3551,-0.8551,9.304
1255,U30,-1.2332,-0.6251,-1.1251,8.1584
1256,U30,-1.0261,-0.2551,-0.7551,7.7955
1257,U30,-0.6318,-0.5551,-1.0551,8.8998
1258,U30,0.4234,-0.9951,-1.4951,10.275
1259,U30,-1.0325,-0.5551,-1.0551,8.4991
1260,U30,-0.0602,-0.6551,-1.1551,9.6214
1261,U30,0.5146,-1.1451,-1.6451,10.5663
1262,U30,-0.2352,-1.2851,-1.7851,10.0265
1263,U30,1.1248,-1.3051,-1.8051,10.9964
1264,U30,0.1218,-0.5351,-1.0351,9.4434
1265,U30,-0.0271,-0.4151,-0.9151,9.5746
1266,U30,-0.099,0.1349,-0.3651,8.5426
1267,U30,-1.1785,-1.5051,-2.0051,9.1731
1268,U30,-0.619,0.1149,-0.3851,8.1726
1269,U30,1.0743,-0.2951,-0.7951,10.4159
1270,U30,-1.3009,-1.7051,-2.2051,9.2707
1271,U30,-0.1887,-0.6351,-1.1351,9.5029
1272,U30,-1.0624,-0.3451,-0.8451,8.3792
1273,U30,0.2048,-1.0251,-1.5251,9.8964
1274,U30,0.3856,-0.7751,-1.2751,10.0272
1275,U30,0.5514,-0.2551,-0.7551,9.453
1276,U30,-1.9501,-0.5151,-1.0151,7.7216
1277,U30,-0.3271,-0.5451,-1.0451,9.3045
1278,U30,-0.2011,-1.4851,-1.9851,10.3205
1279,U31,0.1274,-0.9038,-1.4038,9.9394
1280,U31,0.6854,-0.6638,-1.1638,10.2974
1281,U31,-1.1326,-1.3938,-1.8938,8.9294
1282,U31,-0.2763,-1.8938,-2.3938,10.5357
1283,U31,0.418,-0.8038,-1.3038,10.2
1284,U31,1.2115,-0.7638,-1.2638,10.6335
1285,U31,1.0757,-0.0338,-0.5338,10.0677
1286,U31,0.7565,-0.3538,-0.8538,9.7785
1287,U31,-0.4905,-0.6038,-1.1038,8.8715
1288,U31,-0.9016,-0.8938,-1.3938,8.3904
1289,U31,-0.7751,-1.2638,-1.7638,9.2369
1290,U31,1.6892,-1.5338,-2.0338,11.8212
1291,U31,0.1387,-1.4138,-1.9138,10.2107
1292,U31,-0.1821,-1.4438,-1.9438,10.3999
1293,U31,-0.7785,-1.2938,-1.7938,9.3335
1294,U31,0.5416,-0.3238,-0.8238,9.3036
1295,U31,1.4567,-0.9738,-1.4738,11.3287
1296,U31,0.7996,-1.1538,-1.6538,10.8615
1297,U31,0.86,-1.4938,-1.9938,11.232
1298,U31,-0.2695,-1.2538,-1.7538,9.7825
1299,U31,-1.1022,-1.0138,-1.5138,8.3297
1300,U31,-0.0069,-0.7038,-1.2038,9.4651
1301,U31,-0.9524,-1.3738,-1.8738,9.3996
1302,U31,-0.6444,-0.9438,-1.4438,9.2676
1303,U31,0.1056,-1.4338,-1.9338,10.3076
1304,U31,0.138,-0.0038,-0.5038,9
1305,U31,-0.1166,-0.6638,-1.1638,9.3354
1306,U31,-0.7575,-1.9538,-2.4538,10.0645
1307,U31,0.5224,-0.0538,-0.5538,9.7044
1308,U31,-0.2546,-1.0038,-1.5038,9.7074
1309,U31,-0.3243,-1.0038,-1.5038,9.4577
1310,U31,0.4123,-0.8938,-1.3938,10.2843
1311,U31,-0.2434,-1.3238,-1.8238,9.9986
1312,U31,-0.1203,-0.5338,-1.0338,9.3217
1313,U31,0.1252,-1.0238,-1.5238,10.1172
1314,U31,0.633,-1.1838,-1.6838,10.825
1315,U31,-0.4519,-0.1738,-0.6738,8.5701
1316,U31,0.2776,-0.7238,-1.2238,9.5596
1317,U31,-0.5474,-1.1638,-1.6638,9.4946
1318,U31,0.6965,-1.1638,-1.6638,10.6585
1319,U31,-0.6183,-0.2738,-0.7738,8.6537
1320,U31,-0.1711,-1.3738,-1.8738,9.8809
1321,U31,-0.5028,-1.8338,-2.3338,10.3392
1322,U31,1.2454,-1.2938,-1.7938,11.0574
1323,U31,-0.2686,-0.4638,-0.9638,8.9234000000000009
1324,U31,0.8481,-0.8938,-1.3938,10.2401
1325,U31,-0.9521,-0.1738,-0.6738,8.0499
1326,U31,0.2192,-1.1738,-1.6738,10.2312
1327,U32,0.8152,-0.5615,-1.0615,10.606
1328,U32,-0.3836,-0.7115,-1.2115,9.3073
1329,U32,0.9851,-1.2115,-1.7115,11.566
1330,U32,1.2324,-1.2015,-1.7015,12.0833
1331,U32,1.4427,-1.4415,-1.9415,11.9236
1332,U32,-0.5739,-1.1815,-1.6815,9.677
1333,U32,-0.0869,-1.4815,-1.9815,10.3939
1334,U32,1.3709,-1.4915,-1.9915,12.3718
1335,U32,-0.3504,-1.3515,-1.8515,10.4405
1336,U32,-0.1487,-0.9115,-1.4115,10.0021
1337,U32,0.3363,-0.9115,-1.4115,10.6672
1338,U32,-1.1473,-1.5015,-2.0015,9.2836
1339,U32,-0.8204,-1.6515,-2.1515,10.4204
1340,U32,1.6071,-1.3315,-1.8315,12.4079
1341,U32,-1.0832,-0.8415,-1.3415,9.1876
1342,U32,-0.2172,-1.5215,-2.0215,10.3037
1343,U32,0.4494,-1.0215,-1.5215,10.0803
1344,U32,-0.6174,-0.9515,-1.4515,9.8134
1345,U32,1.173,-2.1215,-2.6215,12.5939
1346,U32,-0.1932,-2.1415,-2.6415,11.2976
1347,U32,0.5003,-0.5915,-1.0915,10.6312
1348,U32,0.1123,-1.4915,-1.9915,11.0332
1349,U32,0.0429,-1.6215,-2.1215,10.4537
1350,U32,-0.7513,-1.6415,-2.1415,9.9896
1351,U32,-0.267,-1.0315,-1.5315,9.7839
1352,U32,0.8948,-1.4315,-1.9315,11.1856
1353,U32,-0.4428,-1.1815,-1.6815,9.9281
1354,U32,0.3876,-1.1515,-1.6515,10.9584
1355,U32,0.6445,-1.5815,-2.0815,11.2554
1356,U32,-0.19,-1.6215,-2.1215,10.4608
1357,U32,-0.7746,-2.0415,-2.5415,10.4062
1358,U33,-0.8059,0.2473,-0.2527,10.1822
1359,U33,1.6428,0.5373,0.0373,12.7409
1360,U33,0.3289,0.7573,0.2573,11.1769
1361,U33,0.4481,0.7373,0.2373,11.0661
1362,U33,0.3262,0.5273,0.0273,11.0743
1363,U33,0.6141,0.1673,-0.3327,11.9422
1364,U33,0.8028,0.9773,0.4773,11.1608
1365,U33,-0.8189,0.2073,-0.2927,10.5292
1366,U33,0.8658,0.0873,-0.4127,12.0739
1367,U33,-0.0286,0.6173,0.1173,10.5295
1368,U33,-1.0812,-0.2327,-0.7327,10.5268
1369,U33,-0.7235,0.0873,-0.4127,10.6846
1370,U33,0.1271,1.3473,0.8473,10.2752
1371,U33,-1.0069,0.5573,0.0573,9.6012
1372,U33,0.648,0.4373,-0.0627,11.6561
1373,U33,-0.084,0.5773,0.0773,10.8741
1374,U33,-0.2971,1.1673,0.6673,9.9609
1375,U33,-0.6725,0.8973,0.3973,9.7856
1376,U33,-0.3261,-0.0527,-0.5527,10.832
1377,U33,1.1808,0.8573,0.3573,11.3789
1378,U33,0.7483,0.1073,-0.3927,11.8864
1379,U33,-0.3599,1.2473,0.7473,9.9382
1380,U33,-1.6601,-0.1127,-0.6127,10.208
1381,U33,-1.0787,0.3073,-0.1927,9.7394
1382,U33,-1.4326,0.6173,0.1173,9.6654
1383,U33,-1.4732,1.2973,0.7973,8.9648
1384,U33,0.3268,0.3073,-0.1927,11.1849
1385,U33,-0.6818,1.0573,0.5573,9.4962
1386,U33,-0.0518,-0.1727,-0.6727,11.2463
1387,U33,1.3496,0.4373,-0.0627,12.1376
1388,U33,0.3538,-0.0427,-0.5427,11.7819
1389,U33,-1.2056,0.2973,-0.2027,10.0524
1390,U33,0.7692,0.0473,-0.4527,12.0773
1391,U33,-1.2373,-0.1527,-0.6527,10.1107
1392,U33,0.6465,0.8973,0.3973,11.2846
1393,U33,-1.2054,0.2673,-0.2327,10.1726
1394,U33,0.726,2.1273,1.6273,9.824
1395,U33,-2.6765,0.3773,-0.1227,8.4216
1396,U33,-0.0872,0.2573,-0.2427,10.8509
1397,U33,0.6349,-0.1527,-0.6527,12.083
1398,U33,-0.0831,1.3873,0.8873,10.105
1399,U33,-1.5266,0.2673,-0.2327,9.4915
1400,U33,-0.2248,0.8373,0.3373,10.2833
1401,U33,-0.1842,1.5873,1.0873,9.8239
1402,U33,-0.4638,0.2273,-0.2727,10.6543
1403,U33,-0.7676,1.1773,0.6773,9.2305
1404,U33,-0.5785,0.8173,0.3173,10.1796
1405,U33,1.6136,1.1373,0.6373,11.7117
1406,U33,0.4038,1.1973,0.6973,10.7519
1407,U33,0.3293,0.4673,-0.0327,11.2874
1408,U33,-0.8825,0.6673,0.1673,9.6156
1409,U33,-0.5138,0.9973,0.4973,9.9743
1410,U33,0.3251,1.2173,0.7173,10.6832
1411,U33,1.1988,0.5873,0.0873,11.5569
1412,U33,1.2233,1.2873000000000001,0.7873,11.5213
1413,U33,0.1791,1.3273,0.8273,10.1171
1414,U34,0.1721,-1.4877,-1.9877,11.3246
1415,U34,0.4768,-0.5577,-1.0577,10.8793
1416,U34,0.1151,-1.3677,-1.8677,11.2876
1417,U34,-0.8899,-1.4677,-1.9677,10.3127
1418,U34,-0.7825,-2.0377,-2.5377,10.5701
1419,U34,0.1168,-1.8777,-2.3777,11.7294
1420,U34,0.5182,-0.9077,-1.4077,11.2408
1421,U34,0.6568,-1.8477,-2.3477,12.0094
1422,U34,-0.4004,-2.5577,-3.0577,11.4922
1423,U34,-1.9226,-1.2677,-1.7677,8.5999
1424,U34,-0.3664,-2.1177,-2.6177,11.1061
1425,U34,0.599,-1.0077,-1.5077,10.7716
1426,U34,-0.3252,-1.1877,-1.6877,10.1973
1427,U34,1.6777,-1.7977,-2.2977,13.0102
1428,U34,-0.2797,-1.6877,-2.1877,11.0928
1429,U34,-0.8639,-2.1777,-2.6777,10.7586
1430,U34,-1.8324,-1.2277,-1.7277,8.9101
1431,U34,0.6338,-1.1077,-1.6077,11.4163
1432,U34,0.3823,-1.9577,-2.4577,11.5748
1433,U34,0.0131,-1.5877,-2.0877,11.3156
1434,U34,-1.0897,-1.4077,-1.9077,9.9829
1435,U34,0.1141,-0.9077,-1.4077,10.5566
1436,U34,-0.5698,-0.6077,-1.1077,9.4027
1437,U34,1.8543,-1.4377,-1.9377,12.9269
1438,U34,-0.9077,-0.2577,-0.7577,8.9648
1439,U34,-0.269,-1.3877,-1.8877,10.3535
1440,U34,-1.269,-1.8577,-2.3577,9.8536
1441,U34,-0.2487,-1.4077,-1.9077,10.7839
1442,U34,0.0474,-1.8377,-2.3377,11.2399
1443,U34,0.8038,-1.1277,-1.6277,11.5763
1444,U34,-0.7902,-0.4177,-0.9177,9.3224
1445,U34,0.5196,-1.7277,-2.2277,12.0322
1446,U34,0.2058,-1.3477,-1.8477,11.0683
1447,U34,-0.6643,-2.0177,-2.5177,10.3782
1448,U34,1.1231,-1.7177,-2.2177,12.5356
1449,U34,0.81,-2.4777,-2.9777,13.0025
1450,U34,0.2506,-0.7977,-1.2977,10.8132
1451,U34,-1.1476,-0.9777,-1.4777,9.8049
1452,U34,-0.008,-2.1177,-2.6177,11.8045
1453,U34,-0.3889,-1.7777,-2.2777,10.4136
1454,U34,-0.6374,-1.0177,-1.5177,10.2551
1455,U34,1.3947,-1.9777,-2.4777,12.6573
1456,U34,-1.2215,-0.6677,-1.1677,8.761
1457,U34,-0.2148,-1.1477,-1.6477,10.4078
1458,U34,-0.1126,-1.1077,-1.6077,10.6699
1459,U34,-0.3402,-0.9077,-1.4077,10.2223
1460,U34,1.3413,-1.2977,-1.7977,12.2038
1461,U34,1.4013,-1.2677,-1.7677,12.0838
1462,U34,-0.0412,-0.5177,-1.0177,10.3813
1463,U34,-1.0067,-1.4277,-1.9277,10.1359
1464,U34,-0.533,-2.0377,-2.5377,10.8195
1465,U34,-1.1349,-1.9577,-2.4577,10.3977
1466,U34,-1.1349,-1.4077,-1.9077,9.8576
1467,U34,0.5094,-1.9277,-2.4277,12.082
1468,U34,0.1536,-1.9077,-2.4077,11.8161
1469,U34,1.1741,-2.1777,-2.6777,12.9567
1470,U34,0.9406,-2.2177,-2.7177,12.9432
1471,U35,0.1088,-1.4371,-1.9371,11.1702
1472,U35,-0.2282,-1.3771,-1.8771,10.9432
1473,U35,-0.9104,-1.5171,-2.0171,10.1311
1474,U35,1.4003,-1.3471,-1.8471,12.4917
1475,U35,0.6737,-0.8571,-1.3571,11.1451
1476,U35,-0.0444,-0.0571,-0.5571,9.957
1477,U35,-0.7315,-0.4871,-0.9871,9.2499
1478,U35,-1.2035,-0.7271,-1.2271,8.898
1479,U35,-0.7617,0.3629,-0.1371,8.7297
1480,U35,-0.3853,-0.0771,-0.5771,9.1862
1481,U35,-0.5773,-1.4271,-1.9271,10.6341
1482,U35,1.2505,-0.6871,-1.1871,11.5119
1483,U35,-0.4435,-0.8071,-1.3071,9.8579
1484,U35,-0.3948,-0.4471,-0.9471,9.3667
1485,U35,-0.9791,-1.7371,-2.2371,10.4523
1486,U35,-0.0438,-0.4671,-0.9671,10.2476
1487,U35,1.0986,-0.1271,-0.6271,10.96
1488,U35,1.16,-1.7971,-2.2971,12.9214
1489,U35,0.1526,-1.3171,-1.8171,10.574
1490,U35,-1.1205,-0.1171,-0.6171,8.5909
1491,U35,0.0665,-0.9171,-1.4171,10.7079
1492,U35,0.1952,-0.3471,-0.8471,9.8867
1493,U35,1.0366,-0.8271,-1.3271,11.588
1494,U35,0.3232,-1.1071,-1.6071,11.3347
1495,U35,0.7169,-0.3271,-0.8271,10.9583
1496,U35,-0.3162,-1.0471,-1.5471,10.6453
1497,U35,0.011,-0.7871,-1.2871,10.6225
1498,U35,0.577,-1.3371,-1.8371,11.5284
1499,U35,0.3502,-0.3671,-0.8671,10.4117
1500,U35,2.2509,-0.2671,-0.7671,12.1624
1501,U35,-0.7283,-0.7571,-1.2571,9.6331
1502,U35,0.5662,-1.0671,-1.5671,11.0577
1503,U35,-0.0605,-0.9871,-1.4871,10.551
1504,U35,-0.1694,-1.0071,-1.5071,10.272
1505,U35,-0.1362,-0.2171,-0.7171,10.0652
1506,U35,-0.2508,-0.8071,-1.3071,10.3106
1507,U35,0.2039,-0.9871,-1.4871,10.7354
1508,U35,0.9558,-0.6271,-1.1271,11.0673
1509,U35,-0.0931,-1.7571,-2.2571,11.1083
1510,U35,-0.5773,-0.1771,-0.6771,9.5241
1511,U35,0.5099,-0.4971,-0.9971,10.7513
1512,U35,-1.7281,-0.9971,-1.4971,8.9533
1513,U35,-0.9536,-0.8271,-1.3271,9.7178
1514,U35,1.5438,-0.1371,-0.6371,11.5453
1515,U35,-0.1405,-0.6671,-1.1671,10.4109
1516,U35,0.0451,-1.1071,-1.6071,11.0965
1517,U35,0.3026,-0.5871,-1.0871,10.6541
1518,U35,0.1208,-0.6871,-1.1871,10.5023
1519,U35,0.397,-0.4671,-0.9671,10.6884
1520,U35,0.2285,-0.6471,-1.1471,10.3699
1521,U35,-0.4993,-0.8971,-1.3971,9.7322
1522,U35,-1.0961,-0.5771,-1.0771,9.0353
1523,U35,0.4217,-1.3771,-1.8771,11.5931
1524,U35,0.7164,-1.0471,-1.5471,11.6378
1525,U35,-0.9486,-0.2671,-0.7671,9.3229
1526,U35,1.7699,-0.6971,-1.1971,12.0313
1527,U35,1.1509,-0.8671,-1.3671,11.5823
1528,U35,-1.0366,-1.2571,-1.7571,9.9548
1529,U35,0.6257,-1.1171,-1.6171,11.2872
1530,U35,1.001,-0.5671,-1.0671,11.4025
1531,U36,1.6541,-2.1301,-2.6301,12.3116
1532,U36,1.4959,-1.6601,-2.1601,11.3534
1533,U36,-0.6003,-1.4401,-1.9401,9.3871
1534,U36,0.7866,-1.5901,-2.0901,11.2041
1535,U36,0.3528,-2.0301,-2.5301,10.3603
1536,U36,-0.4986,-2.8301,-3.3301,10.5489
1537,U36,1.3553,-1.5001,-2.0001,11.3928
1538,U36,-0.8773,-1.9401,-2.4401,9.2802
1539,U36,-0.4182,-0.9701,-1.4701,9.2292
1540,U36,0.4544,-2.4901,-2.9901,11.2919
1541,U36,-0.1729,-1.2701,-1.7701,9.7646
1542,U36,1.3964,-1.7601,-2.2601,11.6638
1543,U36,-0.2192,-1.6001,-2.1001,9.8483
1544,U36,-0.539,-1.7801,-2.2801,9.3385
1545,U36,0.2461,-2.0801,-2.5801,10.8336
1546,U36,-0.0294,-2.2101,-2.7101,10.4281
1547,U36,-0.2999,-1.8601,-2.3601,10.0776
1548,U36,-0.5269,-2.1001,-2.6001,10.1706
1549,U36,0.3714,-1.3101,-1.8101,10.4489
1550,U36,1.8759,-1.7801,-2.2801,12.1334
1551,U36,0.7279,-2.1601,-2.6601,11.1753
1552,U36,-0.203,-2.0201,-2.5201,10.3745
1553,U36,0.0287,-1.7301,-2.2301,10.0362
1554,U36,0.8872,-1.5401,-2.0401,10.9047
1555,U36,1.1324,-1.7901,-2.2901,10.9999
1556,U36,-1.2212,-1.7001,-2.2001,8.5763
1557,U36,0.0728,-2.3301,-2.8301,10.8303
1558,U36,-1.3324,-2.0601,-2.5601,8.9251
1559,U36,0.0588,-1.9201,-2.4201,10.5263
1560,U36,-0.0818,-2.1901,-2.6901,10.2657
1561,U36,0.357,-2.2801,-2.7801,11.1245
1562,U36,0.9597,-3.1301,-3.6301,12.4372
1563,U36,-0.6472,-2.1001,-2.6001,9.5103
1564,U36,0.7429,-2.2901,-2.7901,11.2404
1565,U36,0.8149,-1.3401,-1.8401,10.5324
1566,U36,-0.4489,-0.8701,-1.3701,9.2486
1567,U36,-0.1716,-1.6901,-2.1901,9.7059
1568,U36,-0.3211,-1.9501,-2.4501,9.8264
1569,U36,0.1735,-0.9501,-1.4501,9.7909
1570,U36,-0.3236,-1.4601,-1.9601,9.2339
1571,U36,-0.2531,-2.8101,-3.3101,10.8844
1572,U37,0.3994,-0.8348,-1.3348,10.8004
1573,U37,1.1671,-1.2948,-1.7948,12.0581
1574,U37,0.6513,-1.4748000000000001,-1.9748000000000001,11.6123
1575,U37,0.5173,0.1652,-0.3348,10.1883
1576,U37,-0.9997,-0.9348,-1.4348,9.0913
1577,U37,0.2205,-0.3048,-0.8048,9.8515
1578,U37,0.1021,-1.6948,-2.1948,11.5531
1579,U37,0.4681,-0.4248,-0.9248,10.4191
1580,U37,-0.5994,-0.6348,-1.1348,9.2816
1581,U37,1.0781,0.5852,0.0852,10.4391
1582,U37,-0.2211,-0.1448,-0.6448,9.3299
1583,U37,-0.363,-1.1748,-1.6748,10.088
1584,U37,-1.0997,-1.2148,-1.7148,9.7913
1585,U37,-0.1048,-1.0848,-1.5848,10.6363
1586,U37,-0.7105,0.0852,-0.4148,8.6205
1587,U37,-0.2482,-1.2148,-1.7148,10.4428
1588,U37,-0.3176,0.2052,-0.2948,8.9934
1589,U37,0.0325,-1.2748,-1.7748,10.6335
1590,U37,-0.8648,-0.7048,-1.2048,9.2062
1591,U37,-0.5549,-0.7648,-1.2648,9.9861
1592,U37,-2.2164,-1.1648,-1.6648,8.5446
1593,U37,0.9055,-0.4848,-0.9848,10.7665
1594,U37,-0.1999,-0.4448,-0.9448,9.6811
1595,U37,-1.5441,-1.9148,-2.4148,10.1169
1596,U37,0.0603,-0.6848,-1.1848,10.6813
1597,U37,-0.2105,0.0852,-0.4148,9.4205
1598,U37,0.1046,-0.8748,-1.3748,10.2656
1599,U37,0.5335,-0.0148,-0.5148,10.1945
1600,U37,0.7399,-1.4748000000000001,-1.9748000000000001,11.6609
1601,U37,-0.3131,-1.0648,-1.5648,10.5579
1602,U37,-0.034,0.2252,-0.2748,9.167
1603,U37,-0.8367,0.0652,-0.4348,8.9043
1604,U37,-0.7777,-0.9948,-1.4948,9.7033
1605,U37,-0.2719,-0.7448,-1.2448,9.9591
1606,U37,-0.1704,-1.3148,-1.8148,10.8306
1607,U37,0.388,-1.0748,-1.5748,10.989
1608,U37,0.7804,0.4052,-0.0948,10.0514
1609,U37,-0.6873,-1.1448,-1.6448,9.8037
1610,U37,-0.6555,-0.1448,-0.6448,8.9355
1611,U37,0.232,-0.2948,-0.7948,10.513
1612,U37,0.9623,-1.1748,-1.6748,11.4133
1613,U37,0.2889,0.2652,-0.2348,9.6899
1614,U37,0.0483,-0.5748,-1.0748,10.1793
1615,U37,-0.4193,-0.8648,-1.3648,9.7717
1616,U37,1.5288,-0.9848,-1.4848,12.1598
1617,U37,0.6759,-0.1548,-0.6548,10.2469
1618,U37,-0.8464,-1.1248,-1.6248,10.1546
1619,U37,0.1635,-0.8748,-1.3748,10.7045
1620,U37,0.0797,-0.7048,-1.2048,10.2707
1621,U37,-0.2223,0.1452,-0.3548,9.2587
1622,U37,-1.7838,-0.2048,-0.7048,8.0772
1623,U37,0.0882,-1.2548,-1.7548,10.9592
1624,U37,0.7991,-0.0148,-0.5148,10.3201
1625,U37,-1.6534,-0.7648,-1.2648,8.7276
1626,U37,0.7915,-0.1048,-0.6048,10.3225
1627,U37,0.2674,-1.4348,-1.9348,11.3284
1628,U38,-0.9841,0.0844,-0.4156,7.4865
1629,U38,-0.2193,-1.2356,-1.7356,9.2612
1630,U38,0.2169,-1.3756,-1.8756,10.2074
1631,U38,-0.2744,-1.2956,-1.7956,9.6362
1632,U38,-0.1482,-0.9956,-1.4956,9.1723
1633,U38,0.0648,-0.4656,-0.9656,9.2553
1634,U38,-0.2865,-1.0356,-1.5356,9.394
1635,U38,-1.2214,-1.1056,-1.6056,8.4292
1636,U38,1.3221,-0.2256,-0.7256,10.1926
1637,U38,0.595,-2.0756,-2.5756,11.2355
1638,U38,-2.115,-1.4356,-1.9356,7.9255
1639,U38,0.3508,-0.4856,-0.9856,9.3913
1640,U38,0.7042,-0.7856,-1.2856,9.9547
1641,U38,0.7256,-0.7456,-1.2456,10.2561
1642,U38,-0.0893,-0.3256,-0.8256,8.8112
1643,U38,1.4652,-0.6256,-1.1256,10.5557
1644,U38,0.4379,-0.4356,-0.9356,9.7484
1645,U38,-0.2038,-0.9456,-1.4456,9.2868
1646,U38,-0.4373,-0.7856,-1.2856,9.1132
1647,U38,-0.509,-0.3456,-0.8456,8.4015
1648,U38,-0.4581,-0.7256,-1.2256,9.1624
1649,U38,-0.8001,-0.7256,-1.2256,8.7004
1650,U38,-1.2532,-0.4856,-0.9856,8.1273
1651,U38,0.4543,-0.5456,-1.0456,9.8048
1652,U38,0.8458,-1.8756,-2.3756,11.5863
1653,U38,1.7169,-1.6956,-2.1956,12.2275
1654,U38,0.3493,-1.0556,-1.5556,9.8398
1655,U38,1.132,-0.9956,-1.4956,10.5125
1656,U38,0.6071,-0.7456,-1.2456,9.9376
1657,U38,0.0497,-1.2756,-1.7756,9.9702
1658,U38,0.3587,-1.0756,-1.5756,9.7592
1659,U38,0.2652,-1.5156,-2.0156,10.3858
1660,U38,-1.254,0.3044,-0.1956,7.0465
1661,U38,-0.4521,-1.1756,-1.6756,8.9784
1662,U38,-1.2637,-0.5456,-1.0456,7.8468
1663,U38,0.7867,-2.0556,-2.5556,11.3972
1664,U38,0.0558,-1.2756,-1.7756,9.9363
1665,U38,-0.7251,-1.5756,-2.0756,9.0654
1666,U38,0.9805,-0.9156,-1.4156,10.141
1667,U38,-0.861,-1.3756,-1.8756,9.1295
1668,U38,1.0864,-0.5656,-1.0656,10.3069
1669,U38,0.1559,-1.7356,-2.2356,10.2264
1670,U38,1.6294,-1.7756,-2.2756,11.8999
1671,U39,-1.1129,-1.1278,-1.6278,9.9525
1672,U39,0.045,0.1122,-0.3878,10.0704
1673,U39,1.3988,-1.3578,-1.8578,12.9442
1674,U39,0.3304,0.3022,-0.1978,10.4358
1675,U39,0.4999,-0.5878,-1.0878,10.8353
1676,U39,0.1669,-0.7778,-1.2778,10.7023
1677,U39,0.5812,-0.7578,-1.2578,11.3865
1678,U39,0.0433,-1.6178,-2.1178,11.2787
1679,U39,-1.3438,-0.5278,-1.0278,9.2816
1680,U39,-0.1354,-0.1278,-0.6278,10.25
1681,U39,-0.1467,-0.6278,-1.1278,10.3286
1682,U39,0.0715,-0.7978,-1.2978,10.8169
1683,U39,0.0429,-0.8878,-1.3878,10.7883
1684,U39,-0.1831,0.4022,-0.0978,9.5323
1685,U39,-1.2953,-0.7878,-1.2878,9.7201
1686,U39,-1.0424,-1.1178,-1.6178,10.2229
1687,U39,0.5015,-1.1178,-1.6178,11.5269
1688,U39,-1.4011,-0.7678,-1.2678,9.3843
1689,U39,-1.4203,-1.3378,-1.8378,9.975
1690,U39,1.3419,-0.7078,-1.2078,12.0972
1691,U39,0.5372,-0.8878,-1.3878,11.5425
1692,U39,0.4921,-0.0378,-0.5378,10.4075
1693,U39,0.9325,-0.1878,-0.6878,11.2879
1694,U39,-0.7007,-0.6578,-1.1578,9.8346
1695,U39,0.7451,-0.4678,-0.9678,11.5205
1696,U39,1.2143,-1.0178,-1.5178,12.2096
1697,U39,-1.6418,-1.5378,-2.0378,9.6336
1698,U39,-1.8285,-0.7678,-1.2678,8.7768
1699,U39,1.6806,-0.5078,-1.0078,12.636
1700,U39,-0.5565,0.2822,-0.2178,9.2989
1701,U39,-1.3051,-0.8578,-1.3578,9.4302
1702,U39,1.7159,-0.1978,-0.6978,12.2113
1703,U39,0.7539,-0.6278,-1.1278,11.3892
1704,U39,0.0241,-0.8578,-1.3578,10.8995
1705,U39,-0.9709,0.4022,-0.0978,8.8644
1706,U39,0.6801,-1.3578,-1.8578,12.0655
1707,U39,-0.353,-0.6778,-1.1778,10.4923
1708,U39,-0.5058,-1.3778,-1.8778,10.7696
1709,U39,0.2283,-0.0678,-0.5678,10.5236
1710,U39,-0.4518,-0.5478,-1.0478,10.1435
1711,U39,0.919,-0.2278,-0.7278,11.3344
1712,U39,1.0647,0.2622,-0.2378,11.1101
1713,U39,0.0384,-0.9078,-1.4078,11.2337
1714,U39,0.6627,-0.7678,-1.2678,11.6081
1715,U39,0.3366,-0.3478,-0.8478,10.632
1716,U39,-0.2902,-1.1578,-1.6578,10.9552
1717,U39,0.6818,-0.7278,-1.2278,11.4471
1718,U39,-0.2578,0.0222,-0.4778,10.0675
1719,U39,0.038,-0.0478,-0.5478,10.3034
1720,U39,-0.244,-0.3278,-0.8278,10.0414
1721,U39,0.5395,-1.3178,-1.8178,11.6448
1722,U39,-0.2819,-0.8178,-1.3178,10.5334
1723,U39,0.0627,-1.4778,-1.9778,11.6281
1724,U39,0.2124,-0.9078,-1.4078,11.0678
1725,U39,1.5026,-0.6978,-1.1978,12.138
1726,U39,-0.4901,-0.3578,-0.8578,10.1653
1727,U40,-0.3638,-1.2743,-1.7743,9.2102
1728,U40,-0.6963,-0.8743,-1.3743,8.4378
1729,U40,-0.2592,-1.6443,-2.1443,9.2449
1730,U40,-0.7135,-1.5843,-2.0843,8.7405
1731,U40,0.5657,-2.0643,-2.5643,10.2998
1732,U40,-0.3776,-0.4443,-0.9443,8.4765
1733,U40,0.5489,-0.9743,-1.4743,9.5529
1734,U40,0.4902,-1.7343,-2.2343,10.0943
1735,U40,-0.3277,-1.7343,-2.2343,9.7763
1736,U40,0.1495,-0.9843,-1.4843,9.6135
1737,U40,-0.1684,-1.4543,-1.9543,9.5157
1738,U40,0.6618,-0.6843,-1.1843,9.8359
1739,U40,0.1758,-1.9443,-2.4443,10.3499
1740,U40,0.7063,-1.1943,-1.6943,10.1204
1741,U40,0.6521,-1.5143,-2.0143,10.6662
1742,U40,0.3748,-1.8243,-2.3243,10.4489
1743,U40,0.1725,-1.0243,-1.5243,9.5765
1744,U40,-0.3015,-1.0143,-1.5143,8.9625
1745,U40,1.2705,-1.7243,-2.2243,11.1146
1746,U40,-0.6831,-1.3143,-1.8143,9.0309
1747,U40,-0.9403,-1.2043,-1.7043,8.2738
1748,U40,-0.7486,-1.8543,-2.3543,9.2954
1749,U40,-0.2089,-2.1843,-2.6843,10.1252
1750,U40,-0.412,-1.2743,-1.7743,8.822
1751,U40,0.283,-1.0143,-1.5143,9.5471
1752,U40,-0.0529,-1.9743,-2.4743,10.1312
1753,U40,1.0529,-1.7743,-2.2743,11.0969
1754,U40,-0.8691,-2.0443,-2.5443,9.3749
1755,U40,-0.5998,-0.7643,-1.2643,8.3942
1756,U40,1.1312,-0.8943,-1.3943,9.9953
1757,U40,0.3854,-1.8543,-2.3543,10.2094
1758,U40,-0.9691,-2.2443,-2.7443,9.4549
1759,U40,-0.201,-1.7143,-2.2143,9.4531
1760,U40,-0.4033,-1.2443,-1.7443,8.8708
1761,U40,1.1836,-2.1843,-2.6843,11.3977
1762,U40,-0.5872,-1.2743,-1.7743,8.9468
1763,U40,0.9933,-1.5843,-2.0843,10.7874
1764,U40,-0.6552,-1.5143,-2.0143,8.6989
1765,U40,1.5561,-1.8643,-2.3643,11.4101
1766,U40,0.8001,-2.1243,-2.6243,11.0441
1767,U40,1.4639,-2.1443,-2.6443,11.4379
1768,U40,-0.5214,-2.0643,-2.5643,9.7126
1769,U40,-0.4177,-1.3943,-1.8943,9.0763
1770,U40,-1.2154,-1.2143,-1.7143,8.4287
1771,U40,0.6887,-1.4843,-1.9843,9.9127
1772,U40,-0.4326,-1.7743,-2.2743,9.3515
1773,U40,-2.3077,-0.9343,-1.4343,6.7964
1774,U40,-0.0714,-1.3343,-1.8343,9.6327
1775,U40,-0.2028,-1.9243,-2.4243,9.8213
1776,U40,1.4353,-1.5443,-2.0443,10.5493
1777,U40,0.5853,-1.2543,-1.7543,9.9093
1778,U40,1.0542,-2.0343,-2.5343,11.1482
