id,creat_basal,creat_6m,creat_12m
P348,3.63,3.83,3.92
P396,1.31,1.56,1.44
P125,1.78,1.6,1.46
P243,1.26,1.54,1.71
P347,3.35,3.39,3.64
P183,1.1,1.32,1.46
P127,1.54,1.53,1.6
P202,1.65,2.23,2.13
P224,2.87,2.78,2.64
P121,1.21,1.38,1.76
P395,2.77,2.44,2.86
P122,1.96,1.87,1.8
P390,0.91,0.95,1.08
P066,1.2,1.45,1.7
P095,1.68,2.03,2.16
P370,0.85,1.08,1.32
P338,1.15,1.27,1.4
P055,1.78,2.19,2.11
P191,2.09,2.57,2.67
P176,1.38,1.24,1.08
P397,2.24,2.13,2.33
P374,1.28,1.3,1.38
P077,1.15,0.86,0.98
P382,2.19,2.48,2.6
P070,1.94,1.84,2.31
P233,2.86,3.39,3.75
P042,2.64,2.52,2.6
P313,1.74,1.3,1.68
P146,1.39,1.67,1.82
P304,1.25,1.32,1.64
P030,1.42,1.47,1.58
P104,3.14,2.42,2.3
P056,0.7,0.74,0.62
P043,1.01,1.07,1.1
P339,1.07,1.03,1.33
P280,2.68,2.54,3.36
P284,2.6,2.6,2.55
P039,2.22,2.51,3.27
P153,1.19,1.25,1.24
P151,1.89,2.42,2.86
P355,1.12,1.16,1.13
P351,2.37,2.07,1.77
P028,1.33,1.05,1.11
P193,1.01,0.97,1.19
P283,1.49,1.54,1.65
P250,0.92,1.12,1.21
P358,1.81,1.88,2.03
P157,3.76,4.11,4.46
P267,1.27,1.54,2.09
P268,2,2.23,2.28
P068,1.7,1.55,1.76
P276,0.82,0.87,0.93
P096,1.78,1.72,1.85
P211,2.15,2.57,2.54
P138,1.06,1,1.24
P010,2.77,2.92,3.21
P419,1.85,2.05,1.93
P299,2.18,2.11,2.7
P378,4.17,4.7,4.73
P149,1.31,1.53,1.68
P072,0.91,1.09,1.07
P240,1.94,1.97,2.09
P277,3.14,3.2,3.43
P165,1.37,1.49,1.92
P310,1.05,1.19,1.71
P180,1.53,1.86,1.83
P319,2.33,2.57,2.79
P209,0.89,0.84,0.85
P301,5.01,4.91,5.14
P253,1.05,1.13,1.34
P018,1.86,2.11,2.14
P413,2.08,2.29,2.14
P296,1.44,1.92,1.9
P249,1.1,1.16,1.23
P369,2.4,2.49,3.24
P281,1.06,1.18,1.34
P398,1.06,1.05,0.9
P012,5.76,5.73,5.26
P001,1.09,1.3,1.38
P271,2.32,2.44,2.51
P201,1.92,1.82,2.2
P135,1.96,1.93,1.94
P019,0.7,0.7,0.78
P311,2.09,2.77,2.76
P305,3.64,3.96,3.79
P406,1.84,2.01,2.04
P085,1.8,1.77,1.95
P205,1.39,1.69,2.02
P307,1.26,1.21,1.31
P220,1.58,1.47,1.22
P245,1.68,1.52,1.4
P314,2.23,3.12,3.28
P244,2.19,2.26,2.3
P169,3.73,3.57,3.73
P008,2.27,2.09,2.21
P067,1.27,1.31,1.14
P060,1.19,1.37,1.48
P227,1.93,2.25,2.65
P094,1.6,1.38,1.29
P158,0.92,1.01,0.98
P353,2.25,2.56,2.74
P054,1.32,1.69,1.7
P083,1.67,1.69,1.64
P076,0.93,1.18,1.31
P360,1.35,1.59,1.92
P051,1.25,0.99,1.08
P113,2.34,2.21,1.87
P272,1.84,1.8,2.03
P161,1.83,1.91,2.31
P322,4.84,5.42,4.89
P092,2.76,3.33,3.32
P234,1.25,1.43,1.47
P415,1.87,1.97,1.8
P394,1.25,1.14,1.01
P167,1.67,2.25,2.62
P375,1.79,2.06,2.31
P185,0.8,0.75,0.77
P064,1.67,2.01,2.43
P259,1.51,1.42,1.39
P332,1.07,1.06,1.08
P289,0.82,0.82,0.89
P189,2.39,2.16,1.86
P155,1.37,1.32,1.11
P003,1.99,2.13,2.26
P285,1.42,1.72,1.64
P203,2.36,2.64,3.49
P367,3.25,3.36,3.04
P100,0.7,0.96,0.97
P359,2.7,2.22,2.12
P237,1.24,1.17,1.18
P380,1.57,1.61,1.98
P140,1.93,2.14,2.07
P082,1.58,1.68,1.65
P388,3.1,3.5,3.97
P328,1.93,1.86,1.82
P376,3.43,3.79,3.6
P363,0.75,0.79,0.91
P409,1.76,1.59,1.54
P345,1.59,1.75,2.05
P108,3,3.44,3.99
P352,1.71,1.65,1.62
P309,0.98,1.09,1.07
P325,0.86,0.99,0.9
P168,1.09,1.18,1.33
P154,1.23,1.54,1.98
P387,1.45,1.54,1.54
P195,1.21,1.27,1.47
P257,2.46,2.56,2.56
P221,1.31,1.34,1.39
P329,2.11,2.74,3.13
P411,1.77,1.76,1.97
P141,4,5.47,6.77
P009,3.45,3.19,3
P111,0.84,0.89,0.89
P178,1.21,1.12,1.44
P286,3.03,3.34,3.7
P023,2.17,2.73,2.9
P074,1.02,1.06,0.97
P022,0.91,0.87,1.05
P093,3.12,3.4,2.48
P021,1.9,2.3,2.78
P099,1.28,1.27,1.33
P031,1.37,1.63,1.48
P334,0.71,0.72,0.71
P256,2.52,2.73,3.26
P263,1.83,1.77,2.15
P163,1.15,1.41,1.43
P300,1.44,1.62,1.71
P384,0.98,0.91,0.95
P346,1.86,1.56,1.8
P212,1.17,1.02,0.78
P114,1.42,1.39,1.54
P048,3.37,3.5,3.19
P248,0.7,0.83,0.77
P349,2.44,2.66,3.08
P324,1.66,1.73,1.95
P024,2.1,2.13,2.37
P033,1.47,1.89,2.09
P261,3.66,3.85,3.51
P107,0.96,1.18,1.34
P294,0.91,0.95,1.29
P110,2.03,1.96,2.03
P231,1.85,2.38,2.92
P038,0.88,1.05,0.96
P071,0.8,0.75,0.85
P027,3.08,3.56,4.84
P194,2.4,2.95,2.59
P032,2.31,2.32,2.44
P058,1.25,1.51,1.77
P050,0.74,0.85,0.95
P302,2.07,2.2,1.99
P402,1.88,1.74,1.77
P266,1.46,1.49,1.46
P350,2.28,2.59,3.15
P036,2.37,2.3,2.17
P226,2.2,2.65,2.8
P006,1.44,1.09,1.13
P264,1.62,2.04,2.11
P404,1.69,1.49,1.24
P075,1.65,1.21,1.4
P035,0.74,0.9,0.88
P081,0.92,0.81,0.76
P229,1.39,1.59,1.81
P414,3.2,3.29,4.42
P098,1.87,1.77,1.93
P145,2.19,2.48,3
P366,3.03,2.75,3.14
P109,2.1,1.85,2.25
P407,1.48,1.48,1.45
P057,0.84,0.77,0.81
P255,2.08,2.25,2.08
P170,1.44,1.4,1.54
P133,2.3,2.3,2.07
P065,1.06,1.16,1.12
P317,2.57,2.34,2.34
P144,1.93,2.23,2.23
P087,2.15,1.94,2.74
P252,1.73,1.85,1.76
P078,3.73,3.66,3.59
P372,0.7,1,1.07
P295,0.81,0.95,0.9
P238,1.46,1.27,1.44
P103,1.75,1.79,1.98
P040,1.17,1.3,1.54
P007,1.01,0.92,0.74
P337,1.66,1.71,1.51
P190,2.17,2.13,2.26
P143,1.06,1.09,1.19
P341,2.81,3.59,3.95
P041,2.11,2.49,2.76
P084,2.23,2.62,2.91
P343,0.87,0.91,1.03
P320,1.37,1.55,1.54
P128,1.51,1.33,1.38
P062,2.11,2.32,2.79
P102,1.21,1.37,1.41
P403,1.15,1.25,1.71
P246,3.03,3.33,4.12
P364,1.79,1.6,1.77
P260,1.67,1.7,2.02
P298,1.39,1.5,1.59
P399,2.29,2.56,2.45
P308,1.37,1.36,1.07
P015,1.03,1.29,1.15
P214,0.7,0.76,0.72
P091,0.7,0.8,0.73
P192,1.85,1.76,1.48
P037,2.22,2.31,2.47
P293,4.49,4.45,4.1
P408,1.48,1.57,1.48
P147,1.86,2.49,2.47
P242,1.21,1,0.96
P331,1.13,1.24,1.14
P371,0.89,0.8,0.82
P262,1.05,1.42,1.49
P073,1.24,1.37,1.29
P025,1.38,1.22,1.39
P416,1.95,2.5,2.82
P335,0.99,1.14,1.34
P029,1.73,1.63,1.41
P315,1.55,1.32,1.44
P225,2.62,2.72,2.9
P336,1.51,1.36,1.2
P208,2.93,3.66,5.26
P282,1.69,1.71,1.79
P316,0.71,0.64,0.74
P086,1.68,2.26,2.11
P222,1.14,1.22,1.27
P014,1.69,1.85,1.38
P275,2.18,2.13,2.32
P333,2.08,2.37,2.43
P218,2.12,2.04,2.15
P213,0.96,0.99,0.96
P297,1.13,1.19,1
P052,2.44,2.35,2.41
P162,1.72,1.79,1.87
P172,0.7,0.76,0.72
P279,1.74,1.99,1.85
P340,1.18,1.25,1.45
P116,2.1,2.18,1.91
P016,2.93,2.8,3.18
P321,1.64,1.73,1.88
P197,1.56,1.28,1.32
P080,1.21,1.12,1.13
P389,1.46,1.62,1.85
P187,3.96,3.26,3.02
P278,3.83,3.91,4.56
P088,2.49,2.64,2.68
P097,2.94,3.51,3.61
P392,1.42,1.5,1.35
P219,1.18,1.26,1.45
P159,0.98,1.29,1.34
P034,1.63,1.76,1.98
P368,2.31,2.7,2.96
P365,0.8,0.94,0.86
P265,3.02,3.13,2.89
P217,2.88,2.98,3.26
P053,2.63,2.61,2.55
P177,2.31,2.13,2.55
P323,1.79,1.8,1.84
P342,1.52,1.27,1.33
P239,2.31,2.83,2.81
P247,1.45,1.7,1.99
P115,1.02,0.95,0.92
P273,2.45,2.95,2.7
P156,2.58,2.75,2.49
P306,1.41,1.31,1.16
P132,2.49,3.49,4.21
P120,1.66,1.93,2.44
P004,2.3,2.17,2.23
P357,1.08,1.04,1.03
P377,1.59,1.39,1.55
P199,1.24,1.29,1.48
P061,2.31,2.34,2.4
P312,0.92,1.18,1.11
P207,2.66,3.3,3.67
P288,3.24,3.1,3.32
P254,1.34,1.51,1.7
P393,1.59,1.38,1.36
P418,2.11,2.52,2.49
P137,1.64,1.85,2.65
P356,1.9,2.04,2.32
P344,4.6,5.42,5.19
P134,0.71,0.84,0.69
P400,1.73,1.84,1.9
P417,0.93,0.86,0.87
P117,1.95,1.8,1.64
P126,1.47,1.36,1.42
P005,2.83,3.36,3.7
P045,4.53,3.56,3.64
P251,1.85,1.82,1.95
P379,1.11,1.35,1.26
P160,2.76,2.96,3.17
P216,0.96,0.94,0.89
P047,1.89,2.03,1.91
P386,1.34,1.07,1.05
P112,1.17,1.35,1.39
P420,1.33,1.58,1.74
P049,0.84,0.78,0.82
P326,2.52,2.91,2.62
P101,1.18,1.13,1
P046,1.53,1.56,1.56
P152,2.27,2.45,2.3
P391,1.89,2.18,2.26
P210,3.23,3.16,3.54
P011,1.46,1.17,1.19
P290,0.7,0.72,0.75
P381,1.63,1.67,1.86
P401,1.07,1.48,1.6
P412,2.46,2.44,2.67
P182,1.67,2.17,2.59
P269,1.17,1.21,1
P196,1.24,1.06,1.1
P129,0.8,0.91,0.77
P130,1.39,1.5,1.56
P020,1.16,1.14,1.3
P142,0.81,0.95,1.06
P106,1.17,1.34,1.34
P287,0.95,1.12,1.05
P361,3.21,3.3,4.11
P318,2.46,2.65,2.86
P059,0.89,0.89,0.99
P373,4.37,4.41,5.28
P362,1.58,1.41,1.53
P405,1.47,1.33,1.5
P383,1.84,1.89,2.53
P200,1.32,1.4,1.4
P188,1.58,1.55,1.91
P090,1.79,1.62,1.59
P069,0.98,1.25,1.03
P175,1.5,1.36,1.29
P274,1.81,2.04,2.47
P124,1.3,1.49,1.54
P258,1.52,1.63,2.21
P139,3.26,3.93,4.2
P303,3.22,3.79,4.1
P204,3.22,4.61,5.76
P241,2.75,2.85,3.42
