id,farmaco
P139,Bicarbonato
P299,Estatina
P287,iSGLT2
P235,IECA/ARA-II
P193,Diurético
P100,IECA/ARA-II
P420,Estatina
P227,IECA/ARA-II
P008,Diurético
P260,IECA/ARA-II
P219,Diurético
P397,Estatina
P291,Estatina
P123,Bicarbonato
P310,IECA/ARA-II
P336,iSGLT2
P219,IECA/ARA-II
P009,IECA/ARA-II
P217,Estatina
P317,IECA/ARA-II
P358,IECA/ARA-II
P391,IECA/ARA-II
P107,IECA/ARA-II
P245,IECA/ARA-II
P281,Bicarbonato
P124,Estatina
P098,iSGLT2
P108,Estatina
P300,Diurético
P160,iSGLT2
P134,iSGLT2
P390,Bicarbonato
P256,Diurético
P407,IECA/ARA-II
P402,Bicarbonato
P126,iSGLT2
P353,Bicarbonato
P361,Estatina
P203,IECA/ARA-II
P117,IECA/ARA-II
P151,iSGLT2
P155,Bicarbonato
P097,Diurético
P308,Estatina
P200,Diurético
P337,iSGLT2
P397,IECA/ARA-II
P147,Diurético
P285,iSGLT2
P317,Diurético
P401,Diurético
P090,Estatina
P243,Diurético
P130,Bicarbonato
P349,Diurético
P409,Diurético
P346,Estatina
P392,Estatina
P137,Bicarbonato
P277,Diurético
P273,iSGLT2
P038,IECA/ARA-II
P219,Estatina
P067,Estatina
P006,iSGLT2
P374,Diurético
P315,Bicarbonato
P134,IECA/ARA-II
P024,iSGLT2
P065,Estatina
P419,IECA/ARA-II
P373,IECA/ARA-II
P070,IECA/ARA-II
P105,Estatina
P384,Estatina
P275,IECA/ARA-II
P341,iSGLT2
P328,Bicarbonato
P353,Estatina
P060,Estatina
P357,iSGLT2
P080,IECA/ARA-II
P153,iSGLT2
P187,IECA/ARA-II
P003,Estatina
P115,Estatina
P339,Bicarbonato
P125,Estatina
P118,Diurético
P405,IECA/ARA-II
P318,Estatina
P273,Estatina
P172,Bicarbonato
P232,iSGLT2
P101,Estatina
P158,IECA/ARA-II
P298,Estatina
P011,Estatina
P129,iSGLT2
P401,IECA/ARA-II
P205,Diurético
P025,IECA/ARA-II
P267,Estatina
P164,IECA/ARA-II
P418,IECA/ARA-II
P005,Bicarbonato
P165,IECA/ARA-II
P132,IECA/ARA-II
P019,Estatina
P053,IECA/ARA-II
P228,iSGLT2
P209,Estatina
P400,Diurético
P364,Diurético
P114,iSGLT2
P006,Estatina
P360,Diurético
P369,Estatina
P339,IECA/ARA-II
P122,IECA/ARA-II
P388,Estatina
P233,iSGLT2
P026,Estatina
P011,iSGLT2
P317,Estatina
P147,Bicarbonato
P250,Estatina
P278,Diurético
P068,Estatina
P214,Estatina
P026,Diurético
P240,Estatina
P307,Diurético
P111,IECA/ARA-II
P323,iSGLT2
P371,IECA/ARA-II
P329,Estatina
P167,IECA/ARA-II
P119,Estatina
P174,Estatina
P339,Diurético
P263,Diurético
P098,Diurético
P093,Estatina
P315,IECA/ARA-II
P182,iSGLT2
P008,iSGLT2
P281,Diurético
P074,iSGLT2
P152,Diurético
P029,Bicarbonato
P044,Bicarbonato
P337,Bicarbonato
P310,Bicarbonato
P327,Diurético
P403,IECA/ARA-II
P077,IECA/ARA-II
P405,iSGLT2
P393,IECA/ARA-II
P348,Bicarbonato
P290,Estatina
P092,IECA/ARA-II
P245,Diurético
P261,IECA/ARA-II
P256,IECA/ARA-II
P280,Diurético
P170,IECA/ARA-II
P158,iSGLT2
P417,IECA/ARA-II
P202,Bicarbonato
P210,IECA/ARA-II
P192,Bicarbonato
P400,IECA/ARA-II
P181,Estatina
P165,Diurético
P321,Bicarbonato
P370,iSGLT2
P142,iSGLT2
P058,Diurético
P073,Diurético
P187,iSGLT2
P222,IECA/ARA-II
P337,Estatina
P342,Estatina
P253,Diurético
P209,Diurético
P369,IECA/ARA-II
P133,Estatina
P193,Bicarbonato
P358,Estatina
P101,Bicarbonato
P234,Diurético
P030,Estatina
P135,Diurético
P026,IECA/ARA-II
P236,Estatina
P080,Diurético
P307,Estatina
P311,Estatina
P230,Estatina
P046,IECA/ARA-II
P029,IECA/ARA-II
P143,Bicarbonato
P032,iSGLT2
P124,IECA/ARA-II
P175,Diurético
P365,IECA/ARA-II
P150,Diurético
P072,Bicarbonato
P258,IECA/ARA-II
P188,iSGLT2
P263,Estatina
P182,Estatina
P308,Diurético
P141,IECA/ARA-II
P221,Estatina
P296,IECA/ARA-II
P015,IECA/ARA-II
P112,IECA/ARA-II
P175,Estatina
P416,IECA/ARA-II
P304,Estatina
P162,Estatina
P383,Estatina
P203,Estatina
P021,Estatina
P180,Diurético
P215,IECA/ARA-II
P386,Estatina
P196,iSGLT2
P172,Estatina
P326,iSGLT2
P173,IECA/ARA-II
P075,Estatina
P338,Bicarbonato
P191,Estatina
P324,IECA/ARA-II
P170,Diurético
P142,Estatina
P292,Estatina
P407,Diurético
P216,Diurético
P216,Estatina
P402,Estatina
P129,Bicarbonato
P018,Diurético
P148,Estatina
P332,Estatina
P154,IECA/ARA-II
P113,iSGLT2
P411,IECA/ARA-II
P328,IECA/ARA-II
P218,Estatina
P214,iSGLT2
P381,Diurético
P372,iSGLT2
P007,Estatina
P117,Diurético
P389,Diurético
P200,Estatina
P286,IECA/ARA-II
P200,IECA/ARA-II
P076,Bicarbonato
P080,iSGLT2
P355,Bicarbonato
P343,iSGLT2
P359,iSGLT2
P330,Estatina
P338,Diurético
P294,IECA/ARA-II
P175,IECA/ARA-II
P389,Estatina
P154,Estatina
P210,Estatina
P142,IECA/ARA-II
P364,IECA/ARA-II
P154,iSGLT2
P287,IECA/ARA-II
P239,Diurético
P388,Bicarbonato
P143,IECA/ARA-II
P380,IECA/ARA-II
P050,IECA/ARA-II
P255,IECA/ARA-II
P176,Diurético
P214,IECA/ARA-II
P280,IECA/ARA-II
P359,Estatina
P237,Diurético
P229,IECA/ARA-II
P004,iSGLT2
P329,iSGLT2
P010,Diurético
P046,iSGLT2
P048,Diurético
P066,IECA/ARA-II
P011,IECA/ARA-II
P077,iSGLT2
P276,IECA/ARA-II
P380,Estatina
P392,iSGLT2
P161,Estatina
P060,Diurético
P257,IECA/ARA-II
P271,IECA/ARA-II
P185,Estatina
P197,Diurético
P406,iSGLT2
P316,IECA/ARA-II
P411,iSGLT2
P218,Bicarbonato
P384,Bicarbonato
P220,iSGLT2
P382,IECA/ARA-II
P233,IECA/ARA-II
P043,IECA/ARA-II
P057,IECA/ARA-II
P375,IECA/ARA-II
P056,IECA/ARA-II
P128,Diurético
P196,Estatina
P223,Estatina
P342,Bicarbonato
P285,Estatina
P307,IECA/ARA-II
P412,iSGLT2
P283,iSGLT2
P071,iSGLT2
P380,Diurético
P085,iSGLT2
P188,Estatina
P159,Estatina
P052,IECA/ARA-II
P372,IECA/ARA-II
P334,IECA/ARA-II
P213,Estatina
P088,IECA/ARA-II
P168,Estatina
P122,Estatina
P241,IECA/ARA-II
P049,iSGLT2
P386,IECA/ARA-II
P305,Estatina
P033,iSGLT2
P235,iSGLT2
P331,iSGLT2
P235,Diurético
P274,Diurético
P074,Diurético
P212,IECA/ARA-II
P097,IECA/ARA-II
P223,Bicarbonato
P298,IECA/ARA-II
P120,Diurético
P177,Bicarbonato
P013,IECA/ARA-II
P038,iSGLT2
P393,Estatina
P377,Estatina
P070,Estatina
P395,IECA/ARA-II
P326,Diurético
P156,Diurético
P301,Bicarbonato
P269,Estatina
P111,Estatina
P049,IECA/ARA-II
P354,IECA/ARA-II
P069,IECA/ARA-II
P039,IECA/ARA-II
P108,iSGLT2
P082,Diurético
P149,Bicarbonato
P320,IECA/ARA-II
P254,Estatina
P270,Estatina
P407,Estatina
P028,IECA/ARA-II
P314,Estatina
P399,Estatina
P417,Bicarbonato
P350,Estatina
P002,IECA/ARA-II
P054,iSGLT2
P238,IECA/ARA-II
P284,IECA/ARA-II
P260,Bicarbonato
P348,Estatina
P419,Estatina
P156,iSGLT2
P190,IECA/ARA-II
P250,Diurético
P379,Bicarbonato
P282,Bicarbonato
P202,Diurético
P325,IECA/ARA-II
P281,Estatina
P328,Estatina
P060,IECA/ARA-II
P172,IECA/ARA-II
P014,Bicarbonato
P330,IECA/ARA-II
P160,Diurético
P163,iSGLT2
P299,Diurético
P191,Diurético
P059,Bicarbonato
P271,iSGLT2
P404,IECA/ARA-II
P127,IECA/ARA-II
P350,iSGLT2
P184,Diurético
P089,Estatina
P193,iSGLT2
P178,Bicarbonato
P393,Diurético
P222,Bicarbonato
P199,IECA/ARA-II
P170,Bicarbonato
P232,IECA/ARA-II
P155,iSGLT2
P126,Estatina
P310,Diurético
P229,Bicarbonato
P137,IECA/ARA-II
P250,IECA/ARA-II
P372,Estatina
P222,iSGLT2
P376,IECA/ARA-II
P262,Bicarbonato
P193,IECA/ARA-II
P045,Estatina
P150,Estatina
P401,Estatina
P152,Estatina
P241,iSGLT2
P052,iSGLT2
P092,iSGLT2
P302,IECA/ARA-II
P241,Diurético
P295,iSGLT2
P044,IECA/ARA-II
P234,IECA/ARA-II
P247,Estatina
P316,iSGLT2
P365,Estatina
P058,Estatina
P125,IECA/ARA-II
P107,iSGLT2
P105,IECA/ARA-II
P321,IECA/ARA-II
P355,Diurético
P361,Diurético
P248,Estatina
P385,IECA/ARA-II
P360,IECA/ARA-II
P293,IECA/ARA-II
P312,Bicarbonato
P161,iSGLT2
P283,IECA/ARA-II
P208,IECA/ARA-II
P119,IECA/ARA-II
P143,Estatina
P155,IECA/ARA-II
P338,Estatina
P204,IECA/ARA-II
P229,iSGLT2
P150,IECA/ARA-II
P313,IECA/ARA-II
P332,Diurético
P158,Bicarbonato
P274,Estatina
P347,Estatina
P221,IECA/ARA-II
P192,IECA/ARA-II
P087,Estatina
P297,Diurético
P345,Diurético
P311,Diurético
P387,Bicarbonato
P105,Bicarbonato
P315,Estatina
P106,Diurético
P061,Estatina
P136,Bicarbonato
P258,Diurético
P147,IECA/ARA-II
P067,IECA/ARA-II
P224,Diurético
P166,Bicarbonato
P140,Diurético
P260,iSGLT2
P115,IECA/ARA-II
P280,Estatina
P141,iSGLT2
P004,IECA/ARA-II
P384,iSGLT2
P014,IECA/ARA-II
P202,IECA/ARA-II
P359,Diurético
P189,IECA/ARA-II
P209,IECA/ARA-II
P262,IECA/ARA-II
P003,iSGLT2
P290,IECA/ARA-II
P265,iSGLT2
P191,iSGLT2
P247,Diurético
P205,IECA/ARA-II
P204,Estatina
P258,Estatina
P116,Estatina
P186,IECA/ARA-II
P352,IECA/ARA-II
P363,Estatina
