id,estudio,anio,n_trat,n_ctrl,ev_trat,ev_ctrl,log_rr,se_log_rr,md_tfg,se_md_tfg,seguimiento_meses,uacr_media,tfg_media,pct_dm,rob_aleatorizacion,rob_desviaciones,rob_datos_faltantes,rob_medicion,rob_seleccion,rob_global,theta_verdadero
1,ALBA (2008),2008,430,406,41,52,-0.2924831372408457,0.19585989793186573,0.6374019277494588,0.2214398978621951,28,718,63.9,59,Bajo,Bajo,Bajo,Bajo,Bajo,Bajo,-0.48520599363970957
2,BRIO (2008),2008,421,412,28,34,-0.2126388084298836,0.24346766701057732,0.855693690589708,0.22175980093805628,33,246,29.2,58,Bajo,Bajo,Bajo,Bajo,Bajo,Bajo,-0.4253416105516848
3,CEDRO (2009),2009,1941,1998,183,253,-0.2942131265569566,0.0915364599701246,1.127782643748716,0.10198409799133171,27,305,51.9,46,Bajo,Bajo,Algunas dudas,Bajo,Bajo,Algunas dudas,-0.38410231976547643
4,DELTA (2010),2010,1125,1213,121,152,-0.15196896844699392,0.11434716040484863,1.01674537985629,0.13245415002741592,32,238,37.4,32,Bajo,Bajo,Bajo,Bajo,Bajo,Bajo,-0.09909874663314161
5,EOLO (2011),2011,1322,1326,32,122,-1.3238509308037498,0.1934489308767539,0.9219386312064503,0.12437167379166492,46,938,40.7,37,Bajo,Algunas dudas,Bajo,Bajo,Bajo,Algunas dudas,-1.2560141662590874
6,FARO (2011),2011,831,764,118,129,-0.17277719382827197,0.11683379645073036,1.1431682974435031,0.16039215806790597,33,514,48.9,79,Bajo,Bajo,Bajo,Bajo,Bajo,Bajo,-0.3360654822263482
7,GAIA (2012),2012,577,524,18,39,-0.8547929543823938,0.2751950768556986,0.3035678076793405,0.19310347434440847,19,529,39.1,48,Bajo,Bajo,Bajo,Bajo,Bajo,Bajo,-0.40880394236603973
8,HELIO (2014),2014,781,851,34,84,-0.8100078600846025,0.19587199422329615,1.1268564790121796,0.15856953715733674,27,624,38.4,44,Algunas dudas,Bajo,Bajo,Bajo,Bajo,Algunas dudas,-0.5740488832590835
9,ITACA (2015),2015,120,109,14,29,-0.8059668175933995,0.2922886365360085,1.0125022711557552,0.4234126680459309,16,394,30,79,Bajo,Algunas dudas,Bajo,Algunas dudas,Alto,Alto,-0.49902051011109627
10,JUNO (2015),2015,709,707,32,83,-0.9464294096038227,0.19980592544185607,1.4051166578898309,0.17007825075433658,40,373,45.3,88,Bajo,Bajo,Bajo,Algunas dudas,Bajo,Algunas dudas,-0.8515115456809235
11,KAIROS (2016),2016,669,614,34,43,-0.3175238501824621,0.2210271967748998,0.39568811490864964,0.1788405768658342,17,149,40.4,61,Algunas dudas,Bajo,Bajo,Bajo,Bajo,Algunas dudas,-0.24146307898676544
12,LIRA (2016),2016,633,691,43,62,-0.27480246730409813,0.18964135146080013,1.346641476721917,0.17605691687265834,16,770,46.8,62,Bajo,Bajo,Bajo,Algunas dudas,Bajo,Algunas dudas,-0.4866589126828029
13,MIRA (2016),2016,450,466,134,108,0.24971396930038553,0.11085195329992821,0.6899476106249971,0.21149421855595532,35,120,42.5,49,Algunas dudas,Alto,Alto,Bajo,Bajo,Alto,0.23546100931217545
14,NOVA (2016),2016,383,356,22,43,-0.7322510098372242,0.24903883065420945,0.9395603068957117,0.235585095818939,32,162,63,98,Bajo,Algunas dudas,Bajo,Bajo,Bajo,Algunas dudas,-0.5617439805378415
15,ONDA (2016),2016,2709,2685,268,316,-0.17336951329596634,0.0783741700268491,1.2186383719860903,0.08714225655736461,23,242,43.1,50,Bajo,Bajo,Algunas dudas,Bajo,Bajo,Algunas dudas,-0.043639025232710155
16,PAMPA (2017),2017,984,1035,51,91,-0.5242513818553265,0.1684190499895412,0.8269952619618036,0.1424788541215992,20,163,52.2,88,Bajo,Bajo,Bajo,Bajo,Bajo,Bajo,-0.4537173831594862
17,QUASAR (2020),2020,644,649,55,83,-0.4007355973730088,0.1640208208143793,1.4710028096794638,0.17798522776599263,35,220,58.8,62,Bajo,Bajo,Bajo,Bajo,Bajo,Bajo,-0.35859030775866213
18,RIO (2020),2020,283,309,24,56,-0.74782155164487,0.22750183942902988,0.8729913518541221,0.26329243088074267,27,501,29,34,Bajo,Bajo,Algunas dudas,Bajo,Bajo,Algunas dudas,-0.5127631966922629
19,SOL (2022),2022,390,368,32,38,-0.22740540960839603,0.2268672146317914,0.8643932563651661,0.23255643876902654,13,233,43.3,82,Bajo,Algunas dudas,Bajo,Bajo,Bajo,Algunas dudas,-0.18029893815782488
20,TERRA (2023),2023,1137,1107,60,80,-0.31234146829353665,0.164830914733599,1.1529587442866474,0.13511618107363155,23,260,46.3,57,Bajo,Algunas dudas,Bajo,Bajo,Algunas dudas,Algunas dudas,-0.35141230565571807
