ID Paciente,Sexo ,Fecha Nac.,Fecha de ingreso,Edad,Peso (kg),Talla (cm),Creatinina,Unidad_creat,UACR mg/g,PAS,PAD,Diagnostico,DM,fecha_registro
P024,Femenino,10/10/1970,24/08/2022,51,65.5,169,2.1,mg/dL,7,177,79,ERC diabetica ,Sí,2024-07-03
P167,F,1948-07-13,11/08/2022,74,81.2,150,148,umol/L,69,140,84,Glomerulopatía,No,2024-07-26
P110,F,06/03/1948,2024-05-30,76,65,154,"2,03",mg/dL,126,999,71,Glomerulopatía,Sí,2024-07-24
P150,M,18/06/1982,28/03/2023,40,70.5,161,154,umol/L,473,133,90,Otro,No,2024-07-16
P018,m,17/06/1987,19/12/2022,35,74.9,151,1.86,mg/dL,255,160,82,Nefropatía diabética,Sí,2024-07-02
P392,Femenino,01/02/1973,2024-03-09,51,93.1,160,1.42,mg/dL,650,136,63,ERC diabética,Sí,2024-07-10
P230,F,09/06/1941,04/01/2023,81,74.3,172,1.98,mg/dL,360,139,88,ERC hipertensiva,No,2024-07-30
P420,f,15/08/1949,29/06/2023,73,67.8,171,118,umol/L,18,144,90,ERC diabética,Sí,2024-07-31
P088,M,1950-08-19,07/11/2023,73,88.6,168,"2,49",mg/dL,-1,107,78,Glomerulopatía,No,2024-07-06
P286,M,10/11/1965,18/02/2022,56,98.9,148,"3,03",mg/dL,73,155,81,ERC hipertensiva,No,2024-07-04
P354,F,17/03/1953,20/03/2022,69,72.1,167,"2,06",mg/dL,154,134,76,erc diabetica,Sí,2024-07-13
P375,masculino,19/06/1989,09/06/2023,33,69.3,165,1.79,mg/dL,73,124,82,ERC diabética,Sí,2024-07-19
P152,F,29/05/1969,13/06/2022,53,62.5,153,2.27,mg/dL,194,130,84,ERC diabética,Sí,2024-07-01
P405,F,14/07/1942,13/05/2024,81,66,167,1.47,mg/dL,137,121,74,ERC diabética,Sí,2024-07-16
P105,M,08/10/1950,03/12/2022,72,85.9,162,1.92,mg/dL,250,999,72,ERC hipertensiva,Sí,2024-07-15
P037,f,22/08/1977,19/10/2022,45,41.8,161,196,umol/L,67,135,79,Otro,No,2024-07-26
P236,f,07/04/1965,28/01/2023,57,56.9,189,3.62,mg/dL,1192,140,77,Otro,No,2024-07-28
P039,F,1962-06-29,17/10/2023,61,83.1,179,2.22,mg/dL,258,159,79,erc diabetica,Sí,2024-07-19
P315,masculino,1958-08-17,25/03/2022,63,74.8,145,137,umol/L,161,177,57,ERC hipertensiva,No,2024-07-14
P118,Masculino,1979-12-12,15/01/2023,143,79.9,164,1.48,mg/dL,23,165,77,Glomerulopatia ,No,2024-07-09
P417,Hombre,01/05/1941,2022-09-06,81,63.4,169,0.93,mg/dL,61,131,90,ERC diabética,Sí,2024-07-30
P302,M,1959-03-12,28/10/2023,64,84.6,173,2.07,mg/dL,49,166,69,glomerulopatia,No,2024-07-06
P380,M,06/07/1970,14/03/2023,52,72.8,156,139,umol/L,64,144,77,ERC diabética,Sí,2024-07-31
P273,f,09/04/1962,23/01/2023,60,74.6,167,2.45,mg/dL,-1,130,74,erc hipertensiva,No,2024-07-10
P271,FEMENINO,12/05/1947,20/09/2023,76,74.1,166,"2,32",mg/dL,83,164,78,ERC hipertensiva,No,2024-07-12
P168,F,20/11/1948,05/06/2024,75,75.4,169,96,umol/L,39,151,84,Otro,no,2024-07-22
P289,F,13/09/1943,16/04/2022,78,71.7,176,"0,82",mg/dL,127,130,79,ERC Hipertensiva ,Sí,2024-07-10
P064,m,06/12/1959,17/01/2024,64,57.9,156,1.67,mg/dL,104,999,78,Glomerulopatía,No,2024-07-01
P102,F,16/01/1945,30/05/2023,78,89.5,159,1.21,mg/dL,80,170,75,Otro,Sí,2024-07-29
P373,m,11/07/1970,13/06/2023,52,73.2,150,4.37,mg/dL,49,1400,92,Otro,No,2024-07-23
P140,M,12/03/1950,16/04/2022,72,66.4,161,1.93,mg/dL,142,153,76,Otro,No,2024-07-14
P386,masculino,11/11/1946,15/10/2023,76,76,158,1.34,mg/dL,190,134,74,Nefropatía diabética,Sí,2024-07-06
P355,masculino,18/05/1954,2023-08-24,169,75.6,147,1.12,mg/dL,216,123,80,ERC diabética,Sí,2024-07-19
P268,F,28/10/1962,10/11/2022,60,61.5,170,2,mg/dL,226,132,87,Otro,No,2024-07-30
P074,F ,1978-12-01,29/09/2023,44,46.5,167,1.02,mg/dL,193,129,85,erc diabetica,Sí,2024-07-08
P149,F,04/09/1988,08/12/2023,35,61.7,179,"1,31",mg/dL,38,128,85,ERC Hipertensiva ,No,2024-07-25
P052,f,09/10/1941,2022-06-24,80,69.5,172,ND,mg/dL,26,145,61,ERC diabética,Sí,2024-07-14
P202,F,26/11/1955,23/03/2024,68,96.2,163,1.65,mg/dL,98,132,71,Glomerulopatia ,No,2024-07-24
P080,Femenino,21/10/1984,01/03/2023,38,90.2,152,1.21,mg/dL,75,130,70,ERC diabética,Sí,2024-07-08
P142,F,14/08/1949,18/12/2022,73,50.7,160,0.81,mg/dL,-1,113,79,Glomerulopatía,No,2024-07-28
P045,FEMENINO,1987-12-07,15/07/2023,35,71.9,162,400,umol/L,107,157,85,ERC hipertensiva,No,2024-07-03
P353,Femenino,10/07/1961,15/08/2022,61,71.8,158,199,umol/L,83,158,75,Glomerulopatía,no,2024-07-11
P404,M,17/10/1976,2022-10-27,46,69.8,164,1.69,mg/dL,441,132,96,glomerulopatia,No,2024-07-08
P056,Femenino,18/08/1946,18/05/2023,76,70.1,157,62,umol/L,195,138,77,glomerulopatia,no,2024-07-17
P310,F,1961-10-27,2023-11-24,62,78,162,93,umol/L,41,130,80,erc diabetica,Sí,2024-07-11
P274,FEMENINO,19/08/1951,15/07/2022,70,64.4,173,160,umol/L,63,122,76,ERC diabetica ,Sí,2024-07-16
P058,M,31/08/1968,25/05/2024,55,59.8,155,1.25,mg/dL,1097,144,93,Glomerulopatía,No,2024-07-12
P296,F,04/08/1972,03/07/2022,49,90.6,155,1.44,mg/dL,-1,144,86,ERC hipertensiva,Sí,2024-07-29
P411,Masculino,1948-09-09,2022-12-01,74,50.7,168,"1,77",mg/dL,453,164,65,Glomerulopatía,No,2024-07-03
P255,FEMENINO,21/01/1968,14/09/2022,54,66.6,172,2.08,mg/dL,34,102,71,erc hipertensiva,No,2024-07-04
P040,M,26/10/1946,2022-08-02,75,70.9,160,1.17,mg/dL,171,158,101,ERC Hipertensiva ,Sí,2024-07-15
P241,F,18/11/1975,26/04/2024,48,75.3,170,243,umol/L,44,152,68,Glomerulopatía,No,2024-07-04
P252,F,15/02/1955,06/08/2023,68,77.3,152,ND,mg/dL,129,139,80,ERC hipertensiva,no,2024-07-15
 P217,m,17/03/1969,27/01/2023,53,44.3,161,"2,88",mg/dL,31,146,89,ERC diabética,Sí,2024-07-27
P318,FEMENINO,18/02/1964,16/04/2022,58,82.2,151,217,umol/L,252,140,NA,erc hipertensiva,Sí,2024-07-26
P026,F,14/12/1944,20/07/2023,78,64.3,151,1.48,mg/dL,908,174,65,Glomerulopatía,no,2024-07-01
P098,F,25/06/1982,2022-04-03,39,67.6,163,"1,87",mg/dL,702,144,72,ERC Hipertensiva ,No,2024-07-08
P395,F,1970-08-28,2023-01-11,52,76.2,148,245,umol/L,131,172,96,ERC hipertensiva,Sí,2024-07-08
 P358,M,10/11/1982,2022-04-04,39,44,167,1.81,mg/dL,356,145,89,erc hipertensiva,sí,2024-07-18
P312,F,1961-07-09,2023-06-17,61,60.1,157,0.92,mg/dL,10,125,80,Otro,No,2024-07-02
P244,masculino,15/08/1979,17/02/2023,43,73.7,152,"2,19",mg/dL,168,145,91,Nefropatía diabética,Sí,2024-07-14
P297,Femenino,29/03/1978,2022-08-12,44,64.8,171,"1,13",mg/dL,117,145,73,Otro,No,2024-07-20
P035,Femenino,09/07/1987,2023-04-12,35,72.5,163,65,umol/L,159,152,84,erc hipertensiva,No,2024-07-29
P313,Masculino,19/01/1975,19/05/2024,49,60.8,166,"1,74",mg/dL,170,136,71,ERC hipertensiva,No,2024-07-17
P343,F,16/08/1969,27/02/2024,54,76.7,151,0.87,mg/dL,186,129,77,Glomerulopatía,no,2024-07-31
P212,M,16/10/1956,06/03/2023,66,67.7,160,1.17,mg/dL,63,137,79,ERC diabetica ,Sí,2024-07-24
P401,M,09/03/1969,2023-04-24,54,80.7,163,1.07,mg/dL,78,123,65,ERC hipertensiva,Sí,2024-07-26
P260,Masculino,07/04/1953,29/04/2023,70,57.7,158,1.67,mg/dL,98,146,91,ERC diabética,Sí,2024-07-19
P138,masculino,05/08/1960,2023-02-05,62,84.8,156,94,umol/L,99,146,82,ERC diabética,Sí,2024-07-07
P235,F,10/10/1964,12/11/2023,59,82.9,172,118,umol/L,260,150,87,Nefropatía diabética,Sí,2024-07-20
P251,M,03/09/1976,16/04/2023,46,58.9,164,164,umol/L,83,152,60,Glomerulopatía,Sí,2024-07-13
P119,m,02/08/1970,21/08/2022,52,84.7,169,1.36,mg/dL,24,142,90,ERC diabética,Sí,2024-07-08
P229,F,19/12/1979,22/11/2022,42,56.6,160,ND,mg/dL,192,133,74,erc hipertensiva,No,2024-07-28
P362,Femenino,13/01/1981,13/03/2024,43,62.1,154,"1,58",mg/dL,83,109,97,Nefropatía diabética,Sí,2024-07-04
P335,F,21/02/1945,2022-09-25,77,69.3,166,88,umol/L,125,130,84,ERC hipertensiva,No,2024-07-13
P115,Femenino,17/06/1962,19/12/2023,61,67.4,158,1.02,mg/dL,266,140,92,ERC hipertensiva,No,2024-07-31
P072,masculino,09/12/1957,2022-08-27,64,66.2,178,0.91,mg/dL,74,162,82,ERC diabética,Sí,2024-07-19
 P301,F,1978-06-09,31/01/2024,45,69.5,148,5.01,mg/dL,647,160,83,Glomerulopatía,Sí,2024-07-05
P208,F,07/02/1979,09/06/2024,45,50,168,2.93,mg/dL,83,126,79,erc diabetica,Sí,2024-07-29
P316,F,06/01/1988,29/10/2023,35,52,150,63,umol/L,14,121,64,Glomerulopatía,No,2024-07-27
P114,f,26/09/1985,2024-04-15,38,76,161,126,umol/L,542,130,68,ERC diabética,Sí,2024-07-13
P116,FEMENINO,1971-11-19,21/07/2022,50,68.4,172,2.1,mg/dL,30,150,75,Nefropatía diabética,Sí,2024-07-06
P328,F ,28/09/1940,09/12/2023,83,88.9,154,"1,93",mg/dL,99,166,79,glomerulopatia,No,2024-07-15
P334,F ,1957-01-06,08/06/2022,65,79.2,163,63,umol/L,91,125,74,Glomerulopatía,no,2024-07-01
P384,M,02/12/1975,03/06/2022,46,87.3,166,0.98,mg/dL,192,91,83,Glomerulopatía,No,2024-07-26
P356,Hombre,1951-11-07,18/08/2023,71,77.3,148,1.9,mg/dL,46,127,104,Otro,No,2024-07-01
P331,Masculino,21/04/1965,2024-04-10,58,72.7,156,1.13,mg/dL,58,114,96,glomerulopatia,No,2024-07-14
 P081,M,24/08/1942,31/01/2023,80,48.4,183,81,umol/L,63,118,72,ERC diabética,Sí,2024-07-07
P089,Femenino,05/04/1957,19/09/2023,66,74.6,164,2.3,mg/dL,36,133,73,Otro,No,2024-07-25
P135,F,1970-08-18,28/02/2024,53,72.3,162,ND,mg/dL,11,150,70,ERC hipertensiva,No,2024-07-29
P201,Femenino,1976-02-09,19/06/2023,47,67.2,144,1.92,mg/dL,28,129,86,ERC diabética,Sí,2024-07-02
P008,M,1978-03-12,06/02/2023,44,55,179,2.27,mg/dL,116,160,59,erc hipertensiva,Sí,2024-07-06
 P002,f,16/11/1977,17/08/2022,44,61.3,161,0.85,mg/dL,71,166,85,Glomerulopatía,No,2024-07-03
P379,F,21/12/1945,17/06/2022,76,65.3,142,1.11,mg/dL,23,132,74,ERC hipertensiva,Sí,2024-07-14
P120,f,1955-12-19,12/07/2022,66,78.1,169,"1,66",mg/dL,147,170,99,Nefropatía diabética,Sí,2024-07-22
P107,F,10/06/1987,03/12/2022,35,68.5,170,0.96,mg/dL,318,134,80,ERC Hipertensiva ,No,2024-07-08
P178,masculino,01/07/1965,05/02/2024,58,72.5,160,1.21,mg/dL,80,125,90,ERC diabética,Sí,2024-07-09
P413,Femenino,21/09/1987,28/02/2022,34,84.3,156,2.08,mg/dL,175,124,72,erc diabetica,sí,2024-07-03
 P295,Masculino,06/12/1952,12/01/2022,69,71.3,160,0.81,mg/dL,490,104,93,ERC diabetica ,Sí,2024-07-06
P403,F,26/08/1981,2024-01-22,42,62.1,162,"1,15",mg/dL,16,127,68,ERC diabética,Sí,2024-07-25
 P419,F ,22/01/1942,13/01/2023,80,0,152,"1,85",mg/dL,72,166,69,ERC diabética,Sí,2024-07-22
P214,F,29/08/1957,2023-11-13,66,85.9,171,62,umol/L,85,999,81,ERC hipertensiva,No,2024-07-11
P187,masculino,24/05/1953,04/11/2022,69,78.4,168,3.96,mg/dL,258,145,91,Otro,No,2024-07-29
P192,F,07/07/1980,28/01/2024,43,71.9,169,1.85,mg/dL,660,138,88,ERC hipertensiva,Sí,2024-07-07
P221,f,1963-02-13,2022-05-29,59,91,155,116,umol/L,188,152,92,ERC diabética,Sí,2024-07-21
P183,M,04/03/1986,13/01/2023,36,59.3,170,"1,1",mg/dL,58,128,82,ERC hipertensiva,Sí,2024-07-27
P325,m,05/11/1952,16/02/2024,71,96.1,156,0.86,mg/dL,91,112,89,Glomerulopatia ,No,2024-07-21
P320,Masculino,12/05/1964,2023-09-30,59,81.3,164,"1,37",mg/dL,94,121,74,ERC hipertensiva,No,2024-07-07
P307,F,01/04/1985,23/02/2022,36,92.9,156,111,umol/L,155,144,86,ERC diabética,Sí,2024-07-08
P108,M,21/09/1977,11/12/2023,46,87.1,174,3,mg/dL,48,113,84,ERC diabética,Sí,2024-07-27
P139,F,28/10/1955,24/06/2022,66,66.1,157,3.26,mg/dL,196,168,69,Glomerulopatía,No,2024-07-29
P141,Masculino,21/10/1988,02/04/2023,34,90.1,155,4,mg/dL,106,129,75,ERC diabética,Sí,2024-07-07
P233,Masculino,13/10/1983,25/11/2023,40,85.5,172,253,umol/L,204,137,73,ERC diabética,Sí,2024-07-31
P022,Femenino,09/07/1964,24/11/2023,59,74.9,175,0.91,mg/dL,157,118,88,ERC hipertensiva,No,2024-07-04
P195,Femenino,1988-04-27,2022-05-30,34,63.3,165,"1,21",mg/dL,53,140,86,erc diabetica,Sí,2024-07-02
P283,F,1980-01-08,21/01/2022,42,74.1,164,1.49,mg/dL,124,140,78,Nefropatía diabética,Sí,2024-07-16
P155,Hombre,21/12/1949,2023-07-05,73,61.7,171,121,umol/L,81,156,84,ERC hipertensiva,No,2024-07-06
P200,M,24/01/1954,2023-04-08,69,92.7,177,1.32,mg/dL,42,150,91,ERC Hipertensiva ,No,2024-07-14
P218,M,26/03/1952,2022-05-31,70,83.5,154,"2,12",mg/dL,39,137,83,erc hipertensiva,no,2024-07-31
P060,Hombre,29/10/1959,14/12/2022,63,86.4,159,"1,19",mg/dL,186,143,72,ERC hipertensiva,No,2024-07-07
P350,F,25/05/1972,04/08/2022,50,91.9,161,202,umol/L,213,145,81,ERC Hipertensiva ,No,2024-07-29
P029,M,07/11/1988,19/04/2024,35,72.5,164,1.73,mg/dL,104,116,88,ERC diabética,Sí,2024-07-29
P175,Masculino,05/05/1963,06/08/2023,60,86.1,150,"1,5",mg/dL,11,134,85,ERC hipertensiva,No,2024-07-25
P191,F,04/05/1943,2023-09-17,80,72.3,169,185,umol/L,-1,184,84,ERC hipertensiva,no,2024-07-10
P099,M,29/02/1984,2023-12-12,39,76,163,1.28,mg/dL,471,120,79,ERC hipertensiva,No,2024-07-05
P007,Masculino,1972-11-01,2024-03-16,51,53.1,157,1.01,mg/dL,57,115,89,ERC diabética,Sí,2024-07-07
P321,M,1962-02-22,06/03/2024,62,64.5,160,"1,64",mg/dL,332,111,99,Glomerulopatía,No,2024-07-04
P367,m,28/05/1971,21/10/2022,51,64.1,171,"3,25",mg/dL,19,154,NA,Otro,No,2024-07-08
P359,Masculino,15/11/1973,2023-05-22,49,93.1,170,2.7,mg/dL,19,113,89,ERC diabética,Sí,2024-07-18
P258,masculino,29/12/1957,18/04/2023,65,71.5,160,1.52,mg/dL,45,108,70,ERC hipertensiva,No,2024-07-06
P256,FEMENINO,1975-02-15,28/08/2023,48,57.6,152,2.52,mg/dL,385,123,79,ERC hipertensiva,No,2024-07-21
P012,F,28/02/1982,29/03/2024,42,65.8,155,"5,76",mg/dL,261,108,84,ERC diabética,Sí,2024-07-12
P196,Masculino,09/09/1963,06/02/2022,58,55.8,159,110,umol/L,53,159,91,Glomerulopatía,No,2024-07-16
P343,F,16/08/1969,27/02/2024,54,76.7,151,0.87,mg/dL,186,130,77,Glomerulopatía,no,2024-08-15
P125,FEMENINO,11/08/1971,06/06/2022,50,77,167,"1,78",mg/dL,96,132,79,ERC diabética,Sí,2024-07-08
P106,F,08/01/1941,30/03/2024,83,57.1,165,"1,17",mg/dL,41,137,78,glomerulopatia,No,2024-07-26
P194,M,25/11/1970,02/08/2023,52,53.4,177,212,umol/L,231,149,81,Glomerulopatía,No,2024-07-27
P326,M,21/07/1972,2022-09-22,50,67.1,167,2.52,mg/dL,39,155,88,ERC diabética,Sí,2024-07-02
P381,F,10/03/1972,01/04/2023,51,79.2,170,"1,63",mg/dL,27,124,69,erc diabetica,Sí,2024-07-26
P046,Masculino,10/08/1976,2023-09-18,47,89,154,1.53,mg/dL,25,178,73,ERC diabética,Sí,2024-07-12
P061,F,1978-09-05,27/03/2022,43,74.3,167,"2,31",mg/dL,643,144,63,ERC diabética,Sí,2024-07-25
P051,F,20/05/1970,10/09/2022,52,57.9,163,1.25,mg/dL,38,130,96,ERC hipertensiva,Sí,2024-07-19
P346,f,04/10/1966,29/08/2022,55,79.2,150,164,umol/L,100,108,94,ERC hipertensiva,No,2024-07-14
P145,masculino,29/06/1967,06/12/2023,56,71.4,163,194,umol/L,35,132,96,Otro,No,2024-07-01
P159,M,24/06/1964,13/05/2023,58,76.9,164,"0,98",mg/dL,35,154,97,ERC Hipertensiva ,No,2024-07-14
P282,Hombre,1973-07-30,20/09/2022,49,44.8,173,1.69,mg/dL,38,111,77,Otro,no,2024-07-08
P033,F,03/01/1984,02/02/2023,39,49,165,1.47,mg/dL,47,138,92,ERC diabética,Sí,2024-07-22
P065,F,20/01/1976,17/12/2023,47,60.2,173,"1,06",mg/dL,92,153,75,Glomerulopatía,No,2024-07-31
P011,M,1975-06-21,09/12/2023,48,76.3,159,ND,mg/dL,268,137,71,ERC diabética,Sí,2024-07-17
P179,Hombre,1973-12-12,06/03/2022,48,84.8,169,1.24,mg/dL,44,144,67,ERC hipertensiva,Sí,2024-07-12
P348,Hombre,1977-09-18,2022-11-01,45,84.2,146,3.63,mg/dL,100,108,93,ERC hipertensiva,No,2024-07-08
P001,M,1973-07-21,27/10/2022,49,60.2,157,"1,09",mg/dL,200,133,98,Glomerulopatía,No,2024-07-01
P215,F,17/07/1977,06/09/2023,46,84.1,159,"1,58",mg/dL,40,104,75,ERC diabética,Sí,2024-07-09
 P293,m,1965-03-31,2022-05-13,57,90.9,160,4.49,mg/dL,18,154,96,Otro,No,2024-07-08
P322,M,13/09/1960,27/01/2024,63,72.3,161,4.84,mg/dL,19,162,90,ERC diabética,sí,2024-07-07
P277,F,1949-05-03,17/02/2023,73,75.1,171,3.14,mg/dL,-1,136,97,Glomerulopatía,Sí,2024-07-04
P264,F,27/02/1959,02/07/2023,64,84.2,172,1.62,mg/dL,86,132,78,Glomerulopatia ,Sí,2024-07-22
P043,Femenino,12/04/1948,10/01/2023,74,56.7,166,1.01,mg/dL,165,136,73,Otro,No,2024-07-18
P309,M,28/03/1975,03/10/2022,47,52,166,87,umol/L,94,141,91,Glomerulopatía,Sí,2024-07-18
P336,m,06/07/1945,16/02/2022,76,66.2,166,1.51,mg/dL,29,167,67,ERC hipertensiva,Sí,2024-07-23
P144,f,02/11/1962,23/09/2022,59,95.3,162,1.93,mg/dL,88,130,82,glomerulopatia,No,2024-07-24
 P249,F,22/10/1972,05/04/2022,49,93.7,155,1.1,mg/dL,44,133,77,Glomerulopatia ,No,2024-07-01
P409,M,05/06/1965,17/08/2023,58,83.2,166,1.76,mg/dL,102,128,73,ERC hipertensiva,Sí,2024-07-27
P090,masculino,08/01/1942,28/05/2023,81,59.3,159,1.79,mg/dL,183,160,85,ERC hipertensiva,No,2024-07-14
P085,Femenino,21/02/1983,2022-10-28,39,72.8,165,"1,8",mg/dL,118,163,98,ERC hipertensiva,No,2024-07-26
P206,M,1964-10-07,02/01/2024,59,68.5,173,2.01,mg/dL,126,148,62,Otro,Sí,2024-07-21
P095,f,14/10/1971,30/07/2022,50,80.1,160,1.68,mg/dL,88,133,77,ERC diabética,Sí,2024-07-17
P190,M,27/07/1943,2022-06-01,78,75.7,163,2.17,mg/dL,203,999,86,Otro,Sí,2024-07-27
P327,F,12/09/1959,22/09/2023,64,113.4,162,1.35,mg/dL,123,158,60,Otro,No,2024-07-08
P087,M,22/01/1964,2022-11-07,58,87.5,159,"2,15",mg/dL,39,149,76,Glomerulopatía,No,2024-07-24
P020,F,10/12/1966,20/05/2022,55,69.1,175,"1,16",mg/dL,101,111,88,ERC diabética,Sí,2024-07-07
P228,f,27/12/1981,23/09/2022,40,55.6,145,2.16,mg/dL,166,142,94,ERC diabética,Sí,2024-07-04
P281,F,21/03/1945,24/08/2023,78,80.1,160,1.06,mg/dL,44,116,97,Glomerulopatía,No,2024-07-25
P059,Masculino,1951-11-24,06/05/2022,70,82.8,168,0.89,mg/dL,112,142,83,ERC Hipertensiva ,No,2024-07-30
P226,F,01/05/1962,10/11/2023,61,74.8,159,2.2,mg/dL,422,138,75,Glomerulopatía,No,2024-07-20
P143,masculino,30/09/1941,11/03/2023,81,75.7,152,1.06,mg/dL,141,162,76,Glomerulopatía,No,2024-07-12
P013,masculino,03/07/1968,20/06/2023,54,55.6,171,1.47,mg/dL,41,90,91,glomerulopatia,No,2024-07-01
P207,F,03/09/1983,16/06/2022,38,84.3,159,"2,66",mg/dL,165,140,80,erc diabetica,Sí,2024-07-09
P153,Femenino,28/08/1941,04/02/2024,82,66.9,180,"1,19",mg/dL,303,183,83,ERC hipertensiva,Sí,2024-07-14
P182,F,24/10/1959,12/08/2023,63,65.6,160,1.67,mg/dL,201,168,82,ERC diabética,sí,2024-07-15
P171,F,13/04/1967,26/05/2024,57,84.4,162,0.76,mg/dL,117,182,80,Glomerulopatía,No,2024-07-20
P363,M,22/01/1947,16/01/2022,74,72.3,153,"0,75",mg/dL,74,130,67,Glomerulopatía,No,2024-07-18
P222,Femenino,17/03/1943,15/09/2022,79,60.1,167,1.14,mg/dL,-1,177,NA,ERC hipertensiva,No,2024-07-19
P397,M,15/01/1972,04/04/2023,51,66.5,174,198,umol/L,124,120,68,ERC hipertensiva,No,2024-07-21
P351,M,19/02/1984,01/01/2023,38,63.8,170,2.37,mg/dL,173,138,70,Glomerulopatía,No,2024-07-31
P308,m,09/08/1954,2023-03-14,68,71.9,155,1.37,mg/dL,30,146,75,ERC diabética,Sí,2024-07-23
P262,Masculino,21/11/1945,02/01/2022,76,76.6,156,1.05,mg/dL,488,117,73,ERC diabética,Sí,2024-07-27
P243,F ,1978-07-28,2022-04-01,43,88.6,173,1.26,mg/dL,68,130,91,ERC diabética,Sí,2024-07-06
P199,F,09/08/1978,05/07/2023,44,88.6,160,"1,24",mg/dL,88,138,103,ERC hipertensiva,No,2024-07-25
P137,F,14/07/1949,30/07/2023,74,71.3,159,1.64,mg/dL,251,158,72,Glomerulopatía,no,2024-07-04
P394,F,01/07/1958,05/08/2022,64,92.5,177,1.25,mg/dL,37,110,89,ERC hipertensiva,Sí,2024-07-29
P292,Masculino,31/12/1988,23/04/2024,35,52.5,160,"1,1",mg/dL,271,137,83,Otro,No,2024-07-15
P186,masculino,05/09/1971,13/08/2023,51,78,163,"2,32",mg/dL,253,104,77,ERC hipertensiva,No,2024-07-25
P123,Hombre,30/05/1973,07/05/2024,50,62.5,141,1.94,mg/dL,120,96,79,ERC diabética,Sí,2024-07-30
P220,M,20/04/1948,2023-11-02,75,73.6,166,1.58,mg/dL,393,148,78,erc hipertensiva,No,2024-07-14
P170,F,1950-08-03,2022-01-06,71,52.7,159,"1,44",mg/dL,108,167,82,Glomerulopatia ,No,2024-07-28
P023,F,02/09/1975,19/09/2022,47,53.3,171,"2,17",mg/dL,45,131,76,Nefropatía diabética,sí,2024-07-29
P086,Femenino,28/01/1961,2022-03-08,61,66.3,148,"1,68",mg/dL,109,118,68,ERC hipertensiva,Sí,2024-07-01
P083,M,01/06/1984,2023-02-09,38,64.3,165,"1,67",mg/dL,24,128,78,Glomerulopatía,no,2024-07-27
P250,Masculino,1941-06-30,2024-03-14,82,73.1,164,0.92,mg/dL,37,148,90,ERC hipertensiva,No,2024-07-08
P387,M,28/07/1982,2023-02-12,40,45.7,163,"1,45",mg/dL,221,129,83,ERC hipertensiva,No,2024-07-21
P176,Hombre,25/01/1964,20/11/2023,59,0,159,1.38,mg/dL,44,153,62,ERC diabética,Sí,2024-07-24
P242,F,14/07/1989,15/04/2022,32,82.7,184,107,umol/L,43,999,89,ERC Hipertensiva ,No,2024-07-02
P104,F,17/09/1964,15/12/2022,58,73.6,159,"3,14",mg/dL,33,154,78,ERC hipertensiva,Sí,2024-07-19
P091,f,13/12/1974,27/05/2024,49,48.2,161,0.7,mg/dL,75,132,76,Glomerulopatía,No,2024-07-08
P096,M,1975-10-25,2022-10-07,46,60.2,157,1.78,mg/dL,78,136,79,ERC Hipertensiva ,No,2024-07-17
P047,F,31/03/1959,05/12/2023,64,85.2,166,"1,89",mg/dL,349,141,69,ERC diabética,Sí,2024-07-20
P294,F,02/09/1976,25/04/2022,45,76.2,161,0.91,mg/dL,122,151,86,ERC diabética,sí,2024-07-03
P093,F,13/05/1973,13/08/2023,50,60.5,159,3.12,mg/dL,74,135,68,ERC diabética,Sí,2024-07-26
P193,F,17/04/1967,21/02/2023,55,94.8,164,1.01,mg/dL,72,91,62,Glomerulopatia ,No,2024-07-14
P100,Masculino,1984-01-18,22/04/2022,38,62.6,161,0.7,mg/dL,175,152,76,Otro,No,2024-07-14
P111,F,1950-08-25,07/11/2022,72,73.3,165,"0,84",mg/dL,141,157,NA,ERC diabética,sí,2024-07-23
P311,Femenino,1977-01-10,15/09/2023,46,70,154,2.09,mg/dL,179,113,82,Glomerulopatia ,No,2024-07-10
P151,F,03/12/1973,2023-08-19,49,79.8,176,1.89,mg/dL,847,999,85,ERC hipertensiva,No,2024-07-26
P062,Masculino,25/05/1940,04/03/2022,81,83.4,175,2.11,mg/dL,99,123,65,Nefropatía diabética,Sí,2024-07-03
P272,Femenino,29/11/1953,11/03/2024,70,66.8,167,"1,84",mg/dL,162,123,78,ERC diabética,Sí,2024-07-02
P126,Masculino,02/11/1955,18/05/2022,66,71.5,149,"1,47",mg/dL,710,157,96,ERC hipertensiva,Sí,2024-07-04
P306,Masculino,27/10/1952,03/03/2023,70,78.6,160,1.41,mg/dL,50,111,74,ERC hipertensiva,No,2024-07-22
P160,FEMENINO,30/08/1955,12/01/2023,67,48.4,156,2.76,mg/dL,99,108,100,ERC diabetica ,Sí,2024-07-25
P084,F ,01/02/1986,25/08/2022,36,62.4,169,2.23,mg/dL,122,143,63,ERC hipertensiva,Sí,2024-07-26
P122,FEMENINO,01/04/1952,15/09/2022,70,81.7,148,1.96,mg/dL,152,113,69,ERC diabética,Sí,2024-07-26
P164,Femenino,16/05/1972,28/06/2022,50,72.1,176,1.21,mg/dL,18,135,80,ERC hipertensiva,no,2024-07-28
P055,m,21/12/1982,26/10/2023,40,98.4,174,1.78,mg/dL,120,151,92,ERC hipertensiva,No,2024-07-31
P348,Hombre,1977-09-18,2022-11-01,45,84.2,146,3.63,mg/dL,100,108,93,ERC hipertensiva,No,2024-07-08
P016,F,1973-02-26,03/06/2024,51,71.9,174,2.93,mg/dL,378,129,77,ERC diabética,sí,2024-07-21
P112,masculino,1953-12-02,26/02/2024,70,45.5,163,1.17,mg/dL,45,139,76,ERC diabética,Sí,2024-07-12
P069,f,1968-10-17,26/09/2023,54,76.6,171,0.98,mg/dL,53,118,94,ERC diabetica ,Sí,2024-07-31
P073,Hombre,25/01/1945,16/08/2023,78,77.2,180,"1,24",mg/dL,249,116,76,ERC Hipertensiva ,No,2024-07-10
P130,F ,22/04/1965,18/10/2023,58,61.8,146,1.39,mg/dL,297,132,69,ERC diabética,sí,2024-07-11
P232,F ,24/03/1989,2024-05-21,35,61.6,145,1.31,mg/dL,711,163,78,Otro,No,2024-07-23
P237,Masculino,1989-04-19,13/02/2022,32,63.7,166,1.24,mg/dL,67,143,94,ERC diabética,Sí,2024-07-26
P013,masculino,03/07/1968,20/06/2023,54,55.6,171,1.47,mg/dL,41,90,91,glomerulopatia,No,2024-07-01
P369,m,09/02/1973,14/11/2022,49,72.4,160,2.4,mg/dL,179,140,89,ERC diabética,Sí,2024-07-30
P010,M,16/10/1958,2024-03-28,65,74.1,168,"2,77",mg/dL,74,128,82,Glomerulopatía,Sí,2024-07-15
P094,M,02/09/1986,16/08/2022,35,69.4,177,"1,6",mg/dL,93,133,87,ERC hipertensiva,No,2024-07-18
P117,Masculino,28/08/1978,21/02/2024,45,63.3,159,1.95,mg/dL,32,131,67,Glomerulopatía,Sí,2024-07-03
P269,f,06/03/1970,31/03/2024,54,55.4,157,"1,17",mg/dL,29,131,85,ERC diabética,Sí,2024-07-16
P038,f,12/09/1981,26/04/2023,41,89.9,166,0.88,mg/dL,147,133,70,Otro,No,2024-07-24
P398,M,07/11/1942,28/09/2022,79,67.2,150,1.06,mg/dL,1492,176,80,ERC diabética,sí,2024-07-31
P211,FEMENINO,11/07/1948,08/06/2024,75,54.5,165,2.15,mg/dL,215,127,84,ERC diabética,Sí,2024-07-05
P188,F,1969-08-06,27/09/2022,53,76.2,142,"1,58",mg/dL,43,144,70,Otro,Sí,2024-07-11
P113,M,17/03/1983,15/12/2022,39,62.4,172,207,umol/L,221,151,92,Glomerulopatía,No,2024-07-29
P240,Hombre,27/05/1947,01/05/2024,176,100,169,1.94,mg/dL,61,136,88,glomerulopatia,No,2024-07-01
P284,F,04/10/1985,2022-01-22,36,81.7,162,2.6,mg/dL,29,118,70,ERC diabética,Sí,2024-07-24
P027,F,1965-10-24,20/04/2022,56,78.2,176,3.08,mg/dL,163,181,78,Otro,No,2024-07-07
P131,f,1955-11-19,08/06/2024,68,77.1,175,1.33,mg/dL,240,109,96,erc diabetica,Sí,2024-07-20
P390,F,1953-10-01,12/03/2024,70,73.4,173,"0,91",mg/dL,175,155,72,ERC diabética,Sí,2024-07-06
P070,Masculino,25/12/1985,2024-02-10,38,77.3,159,1.94,mg/dL,92,113,84,ERC diabética,Sí,2024-07-13
P165,Hombre,31/12/1954,10/11/2022,67,60.7,172,1.37,mg/dL,129,159,78,Glomerulopatia ,No,2024-07-19
P337,M,14/02/1941,2023-11-19,82,66.7,164,1.66,mg/dL,258,168,72,ERC diabética,Sí,2024-07-19
P370,M,23/04/1956,2022-03-29,65,52.5,182,0.85,mg/dL,76,126,71,Glomerulopatía,No,2024-07-25
P204,Femenino,23/01/1954,2023-03-03,69,94.8,172,285,umol/L,111,111,83,ERC hipertensiva,No,2024-07-05
P205,masculino,21/02/1984,17/06/2023,39,65.5,168,1.39,mg/dL,454,155,88,glomerulopatia,No,2024-07-20
P238,Femenino,04/06/1965,17/07/2022,57,93.8,156,"1,46",mg/dL,39,156,88,ERC hipertensiva,Sí,2024-07-18
P210,f,28/04/1972,20/11/2022,50,89.9,161,"3,23",mg/dL,50,155,93,ERC diabética,Sí,2024-07-01
P366,F,22/11/1985,03/02/2024,38,71,157,3.03,mg/dL,221,120,79,ERC diabetica ,sí,2024-07-09
P385,M,30/03/1951,13/10/2022,71,78.4,169,1.61,mg/dL,108,131,75,Glomerulopatía,No,2024-07-04
 P173,f,25/02/1958,26/06/2023,65,49.8,170,1.11,mg/dL,25,138,67,ERC diabética,Sí,2024-07-19
P304,M,1956-06-09,05/07/2022,66,60.9,153,1.25,mg/dL,37,162,77,Glomerulopatía,No,2024-07-07
P376,M,1982-11-20,29/03/2024,41,81.5,145,3.43,mg/dL,491,152,74,ERC hipertensiva,Sí,2024-07-30
P285,M,04/05/1973,02/08/2023,50,53.8,156,126,umol/L,128,144,77,ERC hipertensiva,Sí,2024-07-05
P246,masculino,03/05/1986,17/05/2024,38,42.7,165,3.03,mg/dL,117,110,81,ERC diabética,Sí,2024-07-10
P172,M,19/10/1954,30/09/2023,68,62.7,159,"0,7",mg/dL,13,148,65,ERC diabética,Sí,2024-07-26
P148,m,06/08/1951,17/09/2022,71,70.5,151,0.87,mg/dL,42,154,77,ERC diabética,Sí,2024-07-19
P071,F,23/06/1965,13/12/2022,57,81,168,0.8,mg/dL,28,158,76,Glomerulopatía,No,2024-07-02
P078,Masculino,1941-03-20,14/01/2022,80,72.2,159,3.73,mg/dL,160,140,86,Glomerulopatía,Sí,2024-07-20
P265,m,23/04/1970,23/07/2023,53,49.5,155,3.02,mg/dL,766,148,90,Glomerulopatía,No,2024-07-30
P280,Hombre,15/03/1952,14/02/2022,69,69.5,158,2.68,mg/dL,92,151,82,Glomerulopatía,No,2024-07-31
P341,m,15/10/1989,07/11/2023,34,68.3,163,2.81,mg/dL,79,96,89,Otro,No,2024-07-21
P383,F,1972-06-27,02/09/2022,50,64.5,174,1.84,mg/dL,58,149,68,Nefropatía diabética,Sí,2024-07-24
P050,Hombre,08/08/1983,02/06/2022,38,63.2,163,0.74,mg/dL,55,126,83,Otro,No,2024-07-25
P075,Femenino,1978-11-09,13/01/2023,44,68.7,144,"1,65",mg/dL,112,140,73,ERC hipertensiva,No,2024-07-16
P197,F,20/02/1976,06/03/2023,47,73.1,148,"1,56",mg/dL,164,125,68,ERC hipertensiva,No,2024-07-28
P239,M,08/01/1978,07/08/2023,45,66.9,154,2.31,mg/dL,72,136,99,Otro,no,2024-07-19
P317,f,16/09/1960,18/11/2022,62,85.3,172,2.57,mg/dL,-1,154,72,erc hipertensiva,Sí,2024-07-15
P377,Hombre,27/07/1976,23/05/2022,45,72.2,159,1.59,mg/dL,601,128,73,ERC diabética,Sí,2024-07-31
 P301,F,1978-06-09,31/01/2024,45,69.5,148,5.01,mg/dL,647,160,83,Glomerulopatía,Sí,2024-07-05
P032,F ,24/09/1943,22/06/2023,79,68.7,147,204,umol/L,12,156,88,Glomerulopatía,No,2024-07-25
P278,M,01/07/1952,29/08/2022,70,59.8,188,3.83,mg/dL,184,141,92,Otro,No,2024-07-30
P124,F,05/09/1940,27/04/2023,82,68.5,154,1.3,mg/dL,458,148,86,ERC Hipertensiva ,No,2024-07-12
P374,M,1969-03-05,04/10/2023,54,77.5,171,"1,28",mg/dL,121,142,77,ERC diabética,sí,2024-07-25
P408,f,15/02/1963,04/01/2024,60,82.7,183,"1,48",mg/dL,164,124,99,ERC diabética,Sí,2024-07-18
P036,Masculino,04/11/1970,16/06/2024,53,68.1,172,2.37,mg/dL,18,135,92,ERC diabetica ,sí,2024-07-31
P082,Femenino,14/10/1949,2022-06-14,72,66.8,163,1.58,mg/dL,257,120,98,ERC diabética,Sí,2024-07-17
P266,f,11/09/1979,09/03/2023,43,68.9,174,1.46,mg/dL,159,132,83,Otro,No,2024-07-26
P371,FEMENINO,1982-11-22,21/08/2022,39,86.7,170,0.89,mg/dL,19,170,80,Glomerulopatía,No,2024-07-20
P097,Hombre,1945-04-11,22/05/2022,77,58.2,159,2.94,mg/dL,11,137,92,Glomerulopatía,No,2024-07-19
P396,Masculino,02/04/1957,21/09/2023,66,67.6,163,1.31,mg/dL,16,140,79,ERC hipertensiva,No,2024-07-16
P053,masculino,21/07/1941,24/03/2022,80,77.5,169,2.63,mg/dL,25,142,72,ERC hipertensiva,No,2024-07-17
P303,FEMENINO,01/05/1964,25/12/2023,59,50.9,154,3.22,mg/dL,38,119,92,glomerulopatia,No,2024-07-08
P357,FEMENINO,19/11/1979,16/01/2023,43,66,178,1.08,mg/dL,226,130,83,Otro,No,2024-07-05
P347,Masculino,1945-10-26,04/08/2023,77,79.3,170,"3,35",mg/dL,65,124,69,Glomerulopatía,No,2024-07-13
P209,Femenino,29/08/1977,2022-07-12,44,95.4,155,"0,89",mg/dL,10,127,89,ERC diabetica ,Sí,2024-07-28
P009,M,03/09/1971,2023-02-19,51,72.6,172,305,umol/L,7,118,80,ERC hipertensiva,No,2024-07-31
P185,Hombre,24/04/1961,2022-09-03,61,65.7,158,"0,8",mg/dL,153,178,95,ERC diabética,Sí,2024-07-24
P019,M,1945-12-29,24/04/2022,76,73.9,165,62,umol/L,187,147,68,Glomerulopatía,No,2024-07-27
P234,m,29/06/1952,10/06/2024,71,72.1,160,1.25,mg/dL,141,151,79,Glomerulopatía,No,2024-07-02
P156,F,13/01/1982,2023-03-03,41,76.5,172,228,umol/L,444,131,61,ERC diabética,Sí,2024-07-20
P264,F,27/02/1959,02/07/2023,64,84.2,172,1.62,mg/dL,86,132,78,Glomerulopatia ,Sí,2024-07-22
P169,F,15/04/1977,16/05/2023,46,64.3,153,3.73,mg/dL,178,162,77,Glomerulopatía,No,2024-07-01
P063,m,1955-05-18,2022-01-02,66,59.8,153,281,umol/L,178,200,71,ERC diabetica ,Sí,2024-07-08
P092,Hombre,18/11/1989,30/03/2023,33,74.8,153,"2,76",mg/dL,55,138,82,ERC diabética,Sí,2024-07-22
P291,M,28/01/1975,10/11/2022,47,76.2,168,1.47,mg/dL,76,134,75,Otro,No,2024-07-18
P416,masculino,03/07/1954,11/03/2024,69,72.9,153,1.95,mg/dL,138,146,94,ERC diabética,Sí,2024-07-16
P355,masculino,18/05/1954,2023-08-24,169,75.6,147,1.12,mg/dL,216,123,80,ERC diabética,Sí,2024-07-19
 P066,F,10/09/1953,2022-03-29,68,83.7,190,"1,2",mg/dL,74,170,65,ERC hipertensiva,Sí,2024-07-13
P109,F,01/09/1967,09/07/2023,55,87.4,181,2.1,mg/dL,66,139,89,erc hipertensiva,No,2024-07-22
P224,FEMENINO,01/07/1950,09/03/2024,73,70,153,254,umol/L,304,132,51,Nefropatía diabética,Sí,2024-07-07
P057,F,11/06/1966,31/10/2023,57,60.3,168,0.84,mg/dL,4135,149,109,Glomerulopatía,No,2024-07-18
P025,F,11/02/1974,01/07/2022,48,85.4,155,"1,38",mg/dL,9,147,76,Glomerulopatía,No,2024-07-25
P329,M,06/05/1952,10/04/2023,70,89.7,156,2.11,mg/dL,162,140,68,ERC diabética,Sí,2024-07-01
P254,F,13/02/1967,28/09/2023,56,56.9,173,1.34,mg/dL,45,113,75,ERC diabética,Sí,2024-07-09
P400,M,01/09/1971,18/07/2022,50,100.1,160,153,umol/L,497,142,61,Glomerulopatía,No,2024-07-06
P414,F,03/02/1962,07/12/2023,61,69.6,165,"3,2",mg/dL,52,146,86,ERC diabética,Sí,2024-07-25
P349,Femenino,16/06/1953,30/05/2022,68,56.9,174,2.44,mg/dL,122,185,89,ERC diabética,Sí,2024-07-05
 P005,F,1972-05-17,04/04/2022,49,72.8,155,2.83,mg/dL,24,140,86,Otro,no,2024-07-27
P393,f,14/09/1980,01/05/2023,42,73.9,169,1.59,mg/dL,86,145,71,ERC hipertensiva,Sí,2024-07-26
P181,Masculino,14/01/1951,09/12/2022,71,85.9,152,"1,25",mg/dL,19,125,71,ERC diabética,Sí,2024-07-29
P161,M,18/12/1955,03/03/2023,67,98,154,1.83,mg/dL,164,151,86,Otro,Sí,2024-07-15
P388,FEMENINO,30/01/1955,02/01/2022,66,81.8,147,3.1,mg/dL,89,127,95,ERC diabética,Sí,2024-07-05
P067,M,08/07/1953,2022-10-15,69,53.7,160,"1,27",mg/dL,29,999,89,ERC diabética,Sí,2024-07-21
P077,Femenino,21/02/1941,13/10/2023,82,75.7,157,"1,15",mg/dL,189,137,90,erc diabetica,Sí,2024-07-20
P402,F,14/04/1970,21/11/2023,53,92.7,155,166,umol/L,23,123,84,erc hipertensiva,No,2024-07-17
P180,Femenino,15/12/1981,25/09/2022,40,80.2,151,135,umol/L,22,127,65,erc diabetica,Sí,2024-07-19
P048,M,1981-08-24,08/02/2022,40,60.7,149,3.37,mg/dL,68,160,69,Nefropatía diabética,sí,2024-07-26
P407,Masculino,07/10/1980,25/04/2023,42,73.2,153,"1,48",mg/dL,5067,142,103,Glomerulopatía,no,2024-07-16
P300,f,04/05/1959,09/07/2022,63,66.4,161,1.44,mg/dL,147,146,91,Glomerulopatía,No,2024-07-23
P187,masculino,24/05/1953,04/11/2022,69,78.4,168,3.96,mg/dL,258,145,91,Otro,No,2024-07-29
P158,M,29/06/1947,23/01/2023,75,73.2,157,0.92,mg/dL,24,133,88,Glomerulopatía,No,2024-07-20
P299,Hombre,1986-04-10,08/07/2022,36,70.3,163,ND,mg/dL,119,105,78,erc hipertensiva,No,2024-07-17
P324,FEMENINO,10/12/1981,19/09/2023,41,65.3,171,1.66,mg/dL,114,165,75,Glomerulopatía,no,2024-07-28
P076,F,17/01/1965,19/04/2023,58,88.8,167,"0,93",mg/dL,29,116,68,Glomerulopatía,No,2024-07-16
P389,F,17/10/1963,2023-09-04,59,63.3,164,1.46,mg/dL,89,112,92,Otro,No,2024-07-20
P245,Masculino,11/08/1969,07/10/2022,53,84,157,1.68,mg/dL,340,164,84,Glomerulopatia ,No,2024-07-26
 P338,F,1964-02-14,08/10/2023,59,71.3,166,1.15,mg/dL,60,118,80,ERC diabética,Sí,2024-07-11
P339,F,25/03/1951,25/09/2022,71,71.7,161,95,umol/L,18,129,58,ERC hipertensiva,No,2024-07-10
P352,m,23/09/1949,04/04/2022,72,69.6,155,"1,71",mg/dL,69,100,85,Nefropatía diabética,Sí,2024-07-23
P021,m,19/11/1958,29/02/2024,65,71.3,149,168,umol/L,27,117,80,glomerulopatia,No,2024-07-31
P184,M,08/03/1978,09/07/2022,44,68.4,173,"2,15",mg/dL,37,121,75,erc diabetica,Sí,2024-07-03
P216,F ,09/12/1950,2022-08-21,71,66.8,160,0.96,mg/dL,98,121,64,Glomerulopatía,Sí,2024-07-28
P121,M,13/09/1984,21/01/2022,37,69.2,168,107,umol/L,61,127,83,erc hipertensiva,No,2024-07-23
P418,Femenino,08/03/1967,07/01/2023,55,64.2,163,2.11,mg/dL,53,1400,71,ERC diabética,Sí,2024-07-06
P313,Masculino,19/01/1975,19/05/2024,49,60.8,166,"1,74",mg/dL,170,136,71,ERC hipertensiva,No,2024-07-17
P287,Femenino,30/11/1954,2022-10-02,67,69.9,156,0.95,mg/dL,51,151,81,ERC diabética,Sí,2024-07-29
P345,Masculino,24/02/1961,04/12/2023,62,76.2,162,1.59,mg/dL,130,140,84,erc hipertensiva,No,2024-07-12
P103,F,06/04/1981,06/08/2022,41,64.4,151,155,umol/L,157,139,98,Otro,no,2024-07-22
P415,m,22/03/1980,22/03/2022,41,67.3,171,"1,87",mg/dL,16,150,96,ERC Hipertensiva ,No,2024-07-26
P154,Femenino,22/03/1984,09/11/2023,39,72.6,170,1.23,mg/dL,50,138,84,ERC hipertensiva,No,2024-07-12
P269,f,06/03/1970,31/03/2024,54,55.4,157,"1,17",mg/dL,29,130,85,ERC diabética,Sí,2024-08-15
P286,M,10/11/1965,18/02/2022,56,98.9,148,"3,03",mg/dL,73,130,81,ERC hipertensiva,No,2024-08-15
P101,FEMENINO,12/05/1975,02/01/2022,46,41.8,183,1.18,mg/dL,30,107,87,ERC diabética,Sí,2024-07-05
P412,F,14/12/1978,21/02/2024,45,92.6,171,"2,46",mg/dL,50,156,68,ERC diabetica ,Sí,2024-07-30
P004,Femenino,05/04/1951,13/03/2024,72,75.8,158,2.3,mg/dL,137,148,72,erc hipertensiva,No,2024-07-07
P147,Masculino,17/05/1973,2022-01-01,48,66.9,174,1.86,mg/dL,-1,175,56,erc hipertensiva,no,2024-07-27
P162,f,1949-10-21,11/11/2022,73,68.1,168,ND,mg/dL,-1,162,86,ERC diabética,Sí,2024-07-28
P223,Masculino,10/10/1950,2023-02-23,72,86.5,168,"2,3",mg/dL,90,134,88,Glomerulopatía,No,2024-07-25
P044,Hombre,26/05/1971,21/06/2022,51,61.2,177,0.87,mg/dL,16,134,80,erc hipertensiva,no,2024-07-02
P288,Femenino,01/01/1982,06/01/2024,42,95.5,151,"3,24",mg/dL,408,136,83,ERC diabética,Sí,2024-07-02
P177,Masculino,16/12/1954,07/04/2024,69,90.9,155,"2,31",mg/dL,222,145,87,ERC hipertensiva,no,2024-07-28
P257,F,09/11/1976,12/06/2022,45,53.7,167,2.46,mg/dL,24,159,85,Otro,No,2024-07-15
P166,F,14/06/1978,26/01/2023,44,83.8,157,1.89,mg/dL,106,166,84,ERC hipertensiva,No,2024-07-08
P134,F,1957-04-03,18/09/2022,65,78.3,154,"0,71",mg/dL,202,150,76,Glomerulopatía,no,2024-07-29
P129,Masculino,06/03/1985,03/01/2022,36,72.1,164,71,umol/L,235,147,80,ERC diabética,Sí,2024-07-01
P382,M,1951-03-29,19/10/2022,71,74,164,"2,19",mg/dL,211,161,72,ERC hipertensiva,No,2024-07-17
P176,Hombre,25/01/1964,20/11/2023,59,0,159,1.38,mg/dL,44,153,62,ERC diabética,Sí,2024-07-24
P179,Hombre,1973-12-12,06/03/2022,48,84.8,169,1.24,mg/dL,44,130,67,ERC hipertensiva,Sí,2024-08-15
 P279,Hombre,25/02/1967,24/11/2022,55,83.9,167,1.74,mg/dL,62,157,78,ERC diabética,sí,2024-07-14
P198,Hombre,18/08/1949,30/04/2024,74,83.3,158,1.14,mg/dL,46,181,69,Glomerulopatía,No,2024-07-09
P213,F ,27/06/1988,13/10/2022,34,66.5,175,85,umol/L,55,109,92,ERC diabética,Sí,2024-07-08
P267,Hombre,02/06/1969,2024-02-06,54,88.7,179,"1,27",mg/dL,66,154,69,erc hipertensiva,No,2024-07-04
P163,F,21/02/1969,16/01/2023,53,63.1,151,1.15,mg/dL,172,142,91,ERC diabética,Sí,2024-07-16
P107,F,10/06/1987,03/12/2022,35,68.5,170,0.96,mg/dL,318,134,80,ERC Hipertensiva ,No,2024-07-08
P276,M,17/04/1954,06/05/2022,68,49,158,72,umol/L,105,148,63,erc diabetica,Sí,2024-07-27
P028,f,23/08/1970,10/06/2023,52,76.7,168,1.33,mg/dL,105,134,82,ERC diabética,Sí,2024-07-17
P410,F,15/03/1949,23/05/2023,74,70.6,159,1.33,mg/dL,80,999,90,Otro,No,2024-07-19
P305,M,27/10/1976,19/01/2022,45,77.5,170,"3,64",mg/dL,21,130,90,Glomerulopatía,No,2024-07-01
P391,M,1981-09-01,19/10/2023,42,80.1,168,1.89,mg/dL,22,137,90,ERC diabética,sí,2024-07-30
P253,F,22/04/1959,07/06/2022,63,71.4,154,1.05,mg/dL,44,122,78,Nefropatía diabética,Sí,2024-07-22
P042,F,02/11/1963,10/07/2022,58,59.5,163,2.64,mg/dL,44,155,61,ERC diabetica ,sí,2024-07-28
P290,FEMENINO,20/12/1955,2023-10-23,67,69.4,168,0.7,mg/dL,19,113,100,ERC hipertensiva,No,2024-07-11
P344,Femenino,21/11/1948,18/09/2022,73,69,164,4.6,mg/dL,19,114,98,ERC Hipertensiva ,No,2024-07-21
P231,F,04/06/1949,05/07/2022,73,83.6,154,1.85,mg/dL,294,143,87,ERC diabética,Sí,2024-07-03
P261,FEMENINO,1987-04-29,06/10/2022,35,71,157,3.66,mg/dL,167,150,77,Glomerulopatía,No,2024-07-03
P034,m,22/08/1958,28/05/2022,63,69.5,165,"1,63",mg/dL,59,119,89,ERC hipertensiva,No,2024-07-04
 P333,Masculino,1967-05-12,08/06/2022,55,76.9,150,2.08,mg/dL,57,999,90,ERC hipertensiva,no,2024-07-23
P157,masculino,1950-05-16,2023-07-31,73,69.3,178,3.76,mg/dL,24,150,73,ERC hipertensiva,No,2024-07-03
P372,F,23/03/1970,16/01/2024,53,79.1,168,62,umol/L,185,122,85,Otro,Sí,2024-07-19
P342,M,29/06/1957,14/06/2024,66,66.4,153,1.52,mg/dL,155,126,61,Otro,No,2024-07-29
P323,FEMENINO,27/11/1989,15/05/2022,32,89.7,165,1.79,mg/dL,16,82,99,ERC diabética,sí,2024-07-28
P270,M,19/08/1960,24/07/2022,61,69.9,157,0.7,mg/dL,1707,134,86,ERC hipertensiva,No,2024-07-10
P203,f,14/07/1965,28/10/2022,57,83.6,159,"2,36",mg/dL,143,160,96,ERC diabética,Sí,2024-07-31
P399,f,05/11/1982,24/11/2023,41,81.8,160,"2,29",mg/dL,85,117,77,ERC diabética,sí,2024-07-29
P127,F,19/08/1961,19/09/2022,61,63.9,157,"1,54",mg/dL,41,999,83,ERC hipertensiva,No,2024-07-04
P378,F,17/04/1988,08/06/2024,36,61,178,4.17,mg/dL,123,147,83,ERC hipertensiva,No,2024-07-23
P054,F ,23/08/1984,29/01/2023,38,69.3,159,"1,32",mg/dL,400,120,100,Glomerulopatía,Sí,2024-07-12
P003,Femenino,11/12/1988,19/05/2024,35,107.4,168,1.99,mg/dL,123,98,84,ERC diabética,Sí,2024-07-29
P132,M,21/07/1953,15/12/2022,69,88.9,168,"2,49",mg/dL,23,148,99,ERC hipertensiva,No,2024-07-08
P248,Hombre,27/06/1961,27/11/2022,61,69.1,152,0.7,mg/dL,39,148,99,ERC hipertensiva,No,2024-07-15
P368,m,24/12/1968,2022-04-03,53,89.5,161,2.31,mg/dL,4,139,65,ERC diabética,Sí,2024-07-23
P133,F ,21/06/1949,19/04/2022,72,66.7,163,"2,3",mg/dL,450,130,86,erc hipertensiva,no,2024-07-11
P041,F,04/02/1989,14/06/2024,35,66.2,163,187,umol/L,95,145,108,ERC diabética,Sí,2024-07-05
P189,F,06/10/1972,28/07/2022,49,83.2,163,2.39,mg/dL,15,156,96,erc hipertensiva,no,2024-07-10
P364,M,20/07/1946,07/04/2022,75,85.6,157,1.79,mg/dL,115,107,64,ERC hipertensiva,No,2024-07-04
P330,masculino,03/03/1949,22/12/2022,73,57.9,161,153,umol/L,168,999,89,ERC diabética,Sí,2024-07-19
P174,m,12/03/1948,31/01/2022,73,75.1,172,0.99,mg/dL,30,134,92,ERC Hipertensiva ,No,2024-07-28
P017,M,17/09/1943,27/01/2023,79,83.7,148,1.7,mg/dL,56,127,84,erc hipertensiva,No,2024-07-24
P275,M,29/08/1960,27/01/2024,63,62.8,157,2.18,mg/dL,45,103,74,erc diabetica,Sí,2024-07-16
P146,f,15/03/1965,2023-02-24,57,85.2,163,1.39,mg/dL,78,134,73,ERC hipertensiva,no,2024-07-04
P314,M,27/09/1971,16/10/2022,51,81.2,163,2.23,mg/dL,465,128,93,ERC diabética,Sí,2024-07-25
P225,M,28/09/1976,06/01/2022,45,75.3,166,2.62,mg/dL,306,165,95,Glomerulopatía,No,2024-07-10
P030,M,02/02/1987,01/10/2023,36,53.3,149,1.42,mg/dL,112,131,71,ERC diabética,Sí,2024-07-02
P247,F,01/03/1940,08/09/2023,83,89.7,177,1.45,mg/dL,153,150,84,ERC Hipertensiva ,no,2024-07-19
P014,M,1958-08-12,24/05/2024,65,70.4,158,ND,mg/dL,465,164,83,erc hipertensiva,No,2024-07-30
P360,M,15/04/1970,2023-04-19,53,56.7,165,1.35,mg/dL,22,148,90,ERC diabética,Sí,2024-07-09
P128,Femenino,01/12/1977,12/05/2022,44,75.7,168,1.51,mg/dL,15,133,95,Glomerulopatía,No,2024-07-02
P263,F,12/05/1983,2023-10-26,40,55.5,160,1.83,mg/dL,172,100,76,Glomerulopatía,No,2024-07-25
P015,masculino,22/02/1975,11/05/2022,47,82.2,161,"1,03",mg/dL,82,104,89,Otro,Sí,2024-07-03
P079,F,1968-05-23,06/01/2023,54,97.8,167,1.67,mg/dL,71,131,86,ERC hipertensiva,No,2024-07-20
P361,M,1965-02-25,2023-11-04,58,54.7,160,3.21,mg/dL,274,151,105,ERC hipertensiva,Sí,2024-07-12
P406,F ,19/04/1960,04/12/2023,63,60.5,162,"1,84",mg/dL,234,152,77,ERC hipertensiva,Sí,2024-07-04
P340,Hombre,19/01/1959,07/02/2023,64,67.3,161,1.18,mg/dL,178,115,76,Otro,Sí,2024-07-08
P219,M,1942-07-30,19/09/2022,80,0,161,1.18,mg/dL,25,146,82,Otro,No,2024-07-26
P136,M,30/12/1976,07/01/2022,45,102.8,184,0.97,mg/dL,425,119,92,ERC diabética,Sí,2024-07-10
P006,F,18/05/1961,2023-12-19,62,78.5,161,1.44,mg/dL,66,162,70,Glomerulopatia ,no,2024-07-13
P227,F ,31/08/1957,21/05/2022,64,48.2,167,1.93,mg/dL,45,139,81,ERC diabética,Sí,2024-07-04
P298,M,30/05/1986,19/06/2024,38,84.7,153,1.39,mg/dL,16,1400,90,ERC diabética,Sí,2024-07-26
P332,F,1943-06-22,01/11/2023,80,83.6,165,"1,07",mg/dL,22,140,67,ERC diabética,Sí,2024-07-28
P259,Masculino,1965-04-10,2022-05-01,57,70.7,161,1.51,mg/dL,116,118,86,erc diabetica,Sí,2024-07-15
P068,F,27/06/1984,17/11/2022,38,57.7,153,150,umol/L,59,132,97,ERC diabética,Sí,2024-07-04
P031,f,28/09/1953,21/09/2022,68,53.1,152,121,umol/L,51,132,80,ERC hipertensiva,No,2024-07-22
P365,M,04/02/1964,2024-04-17,60,87.8,149,"0,8",mg/dL,115,145,80,Otro,No,2024-07-24
P049,M,01/05/1945,20/01/2023,77,78.7,177,0.84,mg/dL,29,140,83,ERC hipertensiva,No,2024-07-10
P091,f,13/12/1974,27/05/2024,49,48.2,161,0.7,mg/dL,75,132,76,Glomerulopatía,No,2024-07-08
P319,Hombre,19/12/1950,29/05/2024,73,92.4,166,206,umol/L,128,137,84,ERC diabética,Sí,2024-07-01
