id,sexo,fecha_nac,fecha_ingreso,edad,peso,talla,creat_mgdl,uacr,pas,pad,diagnostico,diabetes
P001,M,1973-07-21,2022-10-27,49,60.2,157,1.09,200,133,98,Glomerulopatía,No
P002,F,1977-11-16,2022-08-17,44,61.3,161,0.85,71,166,85,Glomerulopatía,No
P003,F,1988-12-11,2024-05-19,35,107.4,168,1.99,123,98,84,ERC diabética,Sí
P004,F,1951-04-05,2024-03-13,72,75.8,158,2.3,137,148,72,ERC hipertensiva,No
P005,F,1972-05-17,2022-04-04,49,72.8,155,2.83,24,140,86,Otro,No
P006,F,1961-05-18,2023-12-19,62,78.5,161,1.44,66,162,70,Glomerulopatía,No
P007,M,1972-11-01,2024-03-16,51,53.1,157,1.01,57,115,89,ERC diabética,Sí
P008,M,1978-03-12,2023-02-06,44,55,179,2.27,116,160,59,ERC hipertensiva,Sí
P009,M,1971-09-03,2023-02-19,51,72.6,172,3.45,7,118,80,ERC hipertensiva,No
P010,M,1958-10-16,2024-03-28,65,74.1,168,2.77,74,128,82,Glomerulopatía,Sí
P011,M,1975-06-21,2023-12-09,48,76.3,159,1.46,268,137,71,ERC diabética,Sí
P012,F,1982-02-28,2024-03-29,42,65.8,155,5.76,261,108,84,ERC diabética,Sí
P013,M,1968-07-03,2023-06-20,54,55.6,171,1.47,41,90,91,Glomerulopatía,No
P014,M,1958-08-12,2024-05-24,65,70.4,158,1.69,465,164,83,ERC hipertensiva,No
P015,M,1975-02-22,2022-05-11,47,82.2,161,1.03,82,104,89,Otro,Sí
P016,F,1973-02-26,2024-06-03,51,71.9,174,2.93,378,129,77,ERC diabética,Sí
P017,M,1943-09-17,2023-01-27,79,83.7,148,1.7,56,127,84,ERC hipertensiva,No
P018,M,1987-06-17,2022-12-19,35,74.9,151,1.86,255,160,82,ERC diabética,Sí
P019,M,1945-12-29,2022-04-24,76,73.9,165,0.7,187,147,68,Glomerulopatía,No
P020,F,1966-12-10,2022-05-20,55,69.1,175,1.16,101,111,88,ERC diabética,Sí
P021,M,1958-11-19,2024-02-29,65,71.3,149,1.9,27,117,80,Glomerulopatía,No
P022,F,1964-07-09,2023-11-24,59,74.9,175,0.91,157,118,88,ERC hipertensiva,No
P023,F,1975-09-02,2022-09-19,47,53.3,171,2.17,45,131,76,ERC diabética,Sí
P024,F,1970-10-10,2022-08-24,51,65.5,169,2.1,7,177,79,ERC diabética,Sí
P025,F,1974-02-11,2022-07-01,48,85.4,155,1.38,9,147,76,Glomerulopatía,No
P026,F,1944-12-14,2023-07-20,78,64.3,151,1.48,908,174,65,Glomerulopatía,No
P027,F,1965-10-24,2022-04-20,56,78.2,176,3.08,163,181,78,Otro,No
P028,F,1970-08-23,2023-06-10,52,76.7,168,1.33,105,134,82,ERC diabética,Sí
P029,M,1988-11-07,2024-04-19,35,72.5,164,1.73,104,116,88,ERC diabética,Sí
P030,M,1987-02-02,2023-10-01,36,53.3,149,1.42,112,131,71,ERC diabética,Sí
P031,F,1953-09-28,2022-09-21,68,53.1,152,1.37,51,132,80,ERC hipertensiva,No
P032,F,1943-09-24,2023-06-22,79,68.7,147,2.31,12,156,88,Glomerulopatía,No
P033,F,1984-01-03,2023-02-02,39,49,165,1.47,47,138,92,ERC diabética,Sí
P034,M,1958-08-22,2022-05-28,63,69.5,165,1.63,59,119,89,ERC hipertensiva,No
P035,F,1987-07-09,2023-04-12,35,72.5,163,0.74,159,152,84,ERC hipertensiva,No
P036,M,1970-11-04,2024-06-16,53,68.1,172,2.37,18,135,92,ERC diabética,Sí
P037,F,1977-08-22,2022-10-19,45,41.8,161,2.22,67,135,79,Otro,No
P038,F,1981-09-12,2023-04-26,41,89.9,166,0.88,147,133,70,Otro,No
P039,F,1962-06-29,2023-10-17,61,83.1,179,2.22,258,159,79,ERC diabética,Sí
P040,M,1946-10-26,2022-08-02,75,70.9,160,1.17,171,158,101,ERC hipertensiva,Sí
P041,F,1989-02-04,2024-06-14,35,66.2,163,2.11,95,145,108,ERC diabética,Sí
P042,F,1963-11-02,2022-07-10,58,59.5,163,2.64,44,155,61,ERC diabética,Sí
P043,F,1948-04-12,2023-01-10,74,56.7,166,1.01,165,136,73,Otro,No
P044,M,1971-05-26,2022-06-21,51,61.2,177,0.87,16,134,80,ERC hipertensiva,No
P045,F,1987-12-07,2023-07-15,35,71.9,162,4.53,107,157,85,ERC hipertensiva,No
P046,M,1976-08-10,2023-09-18,47,89,154,1.53,25,178,73,ERC diabética,Sí
P047,F,1959-03-31,2023-12-05,64,85.2,166,1.89,349,141,69,ERC diabética,Sí
P048,M,1981-08-24,2022-02-08,40,60.7,149,3.37,68,160,69,ERC diabética,Sí
P049,M,1945-05-01,2023-01-20,77,78.7,177,0.84,29,140,83,ERC hipertensiva,No
P050,M,1983-08-08,2022-06-02,38,63.2,163,0.74,55,126,83,Otro,No
P051,F,1970-05-20,2022-09-10,52,57.9,163,1.25,38,130,96,ERC hipertensiva,Sí
P052,F,1941-10-09,2022-06-24,80,69.5,172,2.44,26,145,61,ERC diabética,Sí
P053,M,1941-07-21,2022-03-24,80,77.5,169,2.63,25,142,72,ERC hipertensiva,No
P054,F,1984-08-23,2023-01-29,38,69.3,159,1.32,400,120,100,Glomerulopatía,Sí
P055,M,1982-12-21,2023-10-26,40,98.4,174,1.78,120,151,92,ERC hipertensiva,No
P056,F,1946-08-18,2023-05-18,76,70.1,157,0.7,195,138,77,Glomerulopatía,No
P057,F,1966-06-11,2023-10-31,57,60.3,168,0.84,4135,149,109,Glomerulopatía,No
P058,M,1968-08-31,2024-05-25,55,59.8,155,1.25,1097,144,93,Glomerulopatía,No
P059,M,1951-11-24,2022-05-06,70,82.8,168,0.89,112,142,83,ERC hipertensiva,No
P060,M,1959-10-29,2022-12-14,63,86.4,159,1.19,186,143,72,ERC hipertensiva,No
P061,F,1978-09-05,2022-03-27,43,74.3,167,2.31,643,144,63,ERC diabética,Sí
P062,M,1940-05-25,2022-03-04,81,83.4,175,2.11,99,123,65,ERC diabética,Sí
P063,M,1955-05-18,2022-01-02,66,59.8,153,3.18,178,200,71,ERC diabética,Sí
P064,M,1959-12-06,2024-01-17,64,57.9,156,1.67,104,136,78,Glomerulopatía,No
P065,F,1976-01-20,2023-12-17,47,60.2,173,1.06,92,153,75,Glomerulopatía,No
P066,F,1953-09-10,2022-03-29,68,83.7,190,1.2,74,170,65,ERC hipertensiva,Sí
P067,M,1953-07-08,2022-10-15,69,53.7,160,1.27,29,142,89,ERC diabética,Sí
P068,F,1984-06-27,2022-11-17,38,57.7,153,1.7,59,132,97,ERC diabética,Sí
P069,F,1968-10-17,2023-09-26,54,76.6,171,0.98,53,118,94,ERC diabética,Sí
P070,M,1985-12-25,2024-02-10,38,77.3,159,1.94,92,113,84,ERC diabética,Sí
P071,F,1965-06-23,2022-12-13,57,81,168,0.8,28,158,76,Glomerulopatía,No
P072,M,1957-12-09,2022-08-27,64,66.2,178,0.91,74,162,82,ERC diabética,Sí
P073,M,1945-01-25,2023-08-16,78,77.2,180,1.24,249,116,76,ERC hipertensiva,No
P074,F,1978-12-01,2023-09-29,44,46.5,167,1.02,193,129,85,ERC diabética,Sí
P075,F,1978-11-09,2023-01-13,44,68.7,144,1.65,112,140,73,ERC hipertensiva,No
P076,F,1965-01-17,2023-04-19,58,88.8,167,0.93,29,116,68,Glomerulopatía,No
P077,F,1941-02-21,2023-10-13,82,75.7,157,1.15,189,137,90,ERC diabética,Sí
P078,M,1941-03-20,2022-01-14,80,72.2,159,3.73,160,140,86,Glomerulopatía,Sí
P079,F,1968-05-23,2023-01-06,54,97.8,167,1.67,71,131,86,ERC hipertensiva,No
P080,F,1984-10-21,2023-03-01,38,90.2,152,1.21,75,130,70,ERC diabética,Sí
P081,M,1942-08-24,2023-01-31,80,48.4,183,0.92,63,118,72,ERC diabética,Sí
P082,F,1949-10-14,2022-06-14,72,66.8,163,1.58,257,120,98,ERC diabética,Sí
P083,M,1984-06-01,2023-02-09,38,64.3,165,1.67,24,128,78,Glomerulopatía,No
P084,F,1986-02-01,2022-08-25,36,62.4,169,2.23,122,143,63,ERC hipertensiva,Sí
P085,F,1983-02-21,2022-10-28,39,72.8,165,1.8,118,163,98,ERC hipertensiva,No
P086,F,1961-01-28,2022-03-08,61,66.3,148,1.68,109,118,68,ERC hipertensiva,Sí
P087,M,1964-01-22,2022-11-07,58,87.5,159,2.15,39,149,76,Glomerulopatía,No
P088,M,1950-08-19,2023-11-07,73,88.6,168,2.49,61,107,78,Glomerulopatía,No
P089,F,1957-04-05,2023-09-19,66,74.6,164,2.3,36,133,73,Otro,No
P090,M,1942-01-08,2023-05-28,81,59.3,159,1.79,183,160,85,ERC hipertensiva,No
P091,F,1974-12-13,2024-05-27,49,48.2,161,0.7,75,132,76,Glomerulopatía,No
P092,M,1989-11-18,2023-03-30,33,74.8,153,2.76,55,138,82,ERC diabética,Sí
P093,F,1973-05-13,2023-08-13,50,60.5,159,3.12,74,135,68,ERC diabética,Sí
P094,M,1986-09-02,2022-08-16,35,69.4,177,1.6,93,133,87,ERC hipertensiva,No
P095,F,1971-10-14,2022-07-30,50,80.1,160,1.68,88,133,77,ERC diabética,Sí
P096,M,1975-10-25,2022-10-07,46,60.2,157,1.78,78,136,79,ERC hipertensiva,No
P097,M,1945-04-11,2022-05-22,77,58.2,159,2.94,11,137,92,Glomerulopatía,No
P098,F,1982-06-25,2022-04-03,39,67.6,163,1.87,702,144,72,ERC hipertensiva,No
P099,M,1984-02-29,2023-12-12,39,76,163,1.28,471,120,79,ERC hipertensiva,No
P100,M,1984-01-18,2022-04-22,38,62.6,161,0.7,175,152,76,Otro,No
P101,F,1975-05-12,2022-01-02,46,41.8,183,1.18,30,107,87,ERC diabética,Sí
P102,F,1945-01-16,2023-05-30,78,89.5,159,1.21,80,170,75,Otro,Sí
P103,F,1981-04-06,2022-08-06,41,64.4,151,1.75,157,139,98,Otro,No
P104,F,1964-09-17,2022-12-15,58,73.6,159,3.14,33,154,78,ERC hipertensiva,Sí
P105,M,1950-10-08,2022-12-03,72,85.9,162,1.92,250,115,72,ERC hipertensiva,Sí
P106,F,1941-01-08,2024-03-30,83,57.1,165,1.17,41,137,78,Glomerulopatía,No
P107,F,1987-06-10,2022-12-03,35,68.5,170,0.96,318,134,80,ERC hipertensiva,No
P108,M,1977-09-21,2023-12-11,46,87.1,174,3,48,113,84,ERC diabética,Sí
P109,F,1967-09-01,2023-07-09,55,87.4,181,2.1,66,139,89,ERC hipertensiva,No
P110,F,1948-03-06,2024-05-30,76,65,154,2.03,126,143,71,Glomerulopatía,Sí
P111,F,1950-08-25,2022-11-07,72,73.3,165,0.84,141,157,94,ERC diabética,Sí
P112,M,1953-12-02,2024-02-26,70,45.5,163,1.17,45,139,76,ERC diabética,Sí
P113,M,1983-03-17,2022-12-15,39,62.4,172,2.34,221,151,92,Glomerulopatía,No
P114,F,1985-09-26,2024-04-15,38,76,161,1.42,542,130,68,ERC diabética,Sí
P115,F,1962-06-17,2023-12-19,61,67.4,158,1.02,266,140,92,ERC hipertensiva,No
P116,F,1971-11-19,2022-07-21,50,68.4,172,2.1,30,150,75,ERC diabética,Sí
P117,M,1978-08-28,2024-02-21,45,63.3,159,1.95,32,131,67,Glomerulopatía,Sí
P118,M,1979-12-12,2023-01-15,43,79.9,164,1.48,23,165,77,Glomerulopatía,No
P119,M,1970-08-02,2022-08-21,52,84.7,169,1.36,24,142,90,ERC diabética,Sí
P120,F,1955-12-19,2022-07-12,66,78.1,169,1.66,147,170,99,ERC diabética,Sí
P121,M,1984-09-13,2022-01-21,37,69.2,168,1.21,61,127,83,ERC hipertensiva,No
P122,F,1952-04-01,2022-09-15,70,81.7,148,1.96,152,113,69,ERC diabética,Sí
P123,M,1973-05-30,2024-05-07,50,62.5,141,1.94,120,96,79,ERC diabética,Sí
P124,F,1940-09-05,2023-04-27,82,68.5,154,1.3,458,148,86,ERC hipertensiva,No
P125,F,1971-08-11,2022-06-06,50,77,167,1.78,96,132,79,ERC diabética,Sí
P126,M,1955-11-02,2022-05-18,66,71.5,149,1.47,710,157,96,ERC hipertensiva,Sí
P127,F,1961-08-19,2022-09-19,61,63.9,157,1.54,41,145,83,ERC hipertensiva,No
P128,F,1977-12-01,2022-05-12,44,75.7,168,1.51,15,133,95,Glomerulopatía,No
P129,M,1985-03-06,2022-01-03,36,72.1,164,0.8,235,147,80,ERC diabética,Sí
P130,F,1965-04-22,2023-10-18,58,61.8,146,1.39,297,132,69,ERC diabética,Sí
P131,F,1955-11-19,2024-06-08,68,77.1,175,1.33,240,109,96,ERC diabética,Sí
P132,M,1953-07-21,2022-12-15,69,88.9,168,2.49,23,148,99,ERC hipertensiva,No
P133,F,1949-06-21,2022-04-19,72,66.7,163,2.3,450,130,86,ERC hipertensiva,No
P134,F,1957-04-03,2022-09-18,65,78.3,154,0.71,202,150,76,Glomerulopatía,No
P135,F,1970-08-18,2024-02-28,53,72.3,162,1.96,11,150,70,ERC hipertensiva,No
P136,M,1976-12-30,2022-01-07,45,102.8,184,0.97,425,119,92,ERC diabética,Sí
P137,F,1949-07-14,2023-07-30,74,71.3,159,1.64,251,158,72,Glomerulopatía,No
P138,M,1960-08-05,2023-02-05,62,84.8,156,1.06,99,146,82,ERC diabética,Sí
P139,F,1955-10-28,2022-06-24,66,66.1,157,3.26,196,168,69,Glomerulopatía,No
P140,M,1950-03-12,2022-04-16,72,66.4,161,1.93,142,153,76,Otro,No
P141,M,1988-10-21,2023-04-02,34,90.1,155,4,106,129,75,ERC diabética,Sí
P142,F,1949-08-14,2022-12-18,73,50.7,160,0.81,191,113,79,Glomerulopatía,No
P143,M,1941-09-30,2023-03-11,81,75.7,152,1.06,141,162,76,Glomerulopatía,No
P144,F,1962-11-02,2022-09-23,59,95.3,162,1.93,88,130,82,Glomerulopatía,No
P145,M,1967-06-29,2023-12-06,56,71.4,163,2.19,35,132,96,Otro,No
P146,F,1965-03-15,2023-02-24,57,85.2,163,1.39,78,134,73,ERC hipertensiva,No
P147,M,1973-05-17,2022-01-01,48,66.9,174,1.86,248,175,56,ERC hipertensiva,No
P148,M,1951-08-06,2022-09-17,71,70.5,151,0.87,42,154,77,ERC diabética,Sí
P149,F,1988-09-04,2023-12-08,35,61.7,179,1.31,38,128,85,ERC hipertensiva,No
P150,M,1982-06-18,2023-03-28,40,70.5,161,1.74,473,133,90,Otro,No
P151,F,1973-12-03,2023-08-19,49,79.8,176,1.89,847,125,85,ERC hipertensiva,No
P152,F,1969-05-29,2022-06-13,53,62.5,153,2.27,194,130,84,ERC diabética,Sí
P153,F,1941-08-28,2024-02-04,82,66.9,180,1.19,303,183,83,ERC hipertensiva,Sí
P154,F,1984-03-22,2023-11-09,39,72.6,170,1.23,50,138,84,ERC hipertensiva,No
P155,M,1949-12-21,2023-07-05,73,61.7,171,1.37,81,156,84,ERC hipertensiva,No
P156,F,1982-01-13,2023-03-03,41,76.5,172,2.58,444,131,61,ERC diabética,Sí
P157,M,1950-05-16,2023-07-31,73,69.3,178,3.76,24,150,73,ERC hipertensiva,No
P158,M,1947-06-29,2023-01-23,75,73.2,157,0.92,24,133,88,Glomerulopatía,No
P159,M,1964-06-24,2023-05-13,58,76.9,164,0.98,35,154,97,ERC hipertensiva,No
P160,F,1955-08-30,2023-01-12,67,48.4,156,2.76,99,108,100,ERC diabética,Sí
P161,M,1955-12-18,2023-03-03,67,98,154,1.83,164,151,86,Otro,Sí
P162,F,1949-10-21,2022-11-11,73,68.1,168,1.72,29,162,86,ERC diabética,Sí
P163,F,1969-02-21,2023-01-16,53,63.1,151,1.15,172,142,91,ERC diabética,Sí
P164,F,1972-05-16,2022-06-28,50,72.1,176,1.21,18,135,80,ERC hipertensiva,No
P165,M,1954-12-31,2022-11-10,67,60.7,172,1.37,129,159,78,Glomerulopatía,No
P166,F,1978-06-14,2023-01-26,44,83.8,157,1.89,106,166,84,ERC hipertensiva,No
P167,F,1948-07-13,2022-08-11,74,81.2,150,1.67,69,140,84,Glomerulopatía,No
P168,F,1948-11-20,2024-06-05,75,75.4,169,1.09,39,151,84,Otro,No
P169,F,1977-04-15,2023-05-16,46,64.3,153,3.73,178,162,77,Glomerulopatía,No
P170,F,1950-08-03,2022-01-06,71,52.7,159,1.44,108,167,82,Glomerulopatía,No
P171,F,1967-04-13,2024-05-26,57,84.4,162,0.76,117,182,80,Glomerulopatía,No
P172,M,1954-10-19,2023-09-30,68,62.7,159,0.7,13,148,65,ERC diabética,Sí
P173,F,1958-02-25,2023-06-26,65,49.8,170,1.11,25,138,67,ERC diabética,Sí
P174,M,1948-03-12,2022-01-31,73,75.1,172,0.99,30,134,92,ERC hipertensiva,No
P175,M,1963-05-05,2023-08-06,60,86.1,150,1.5,11,134,85,ERC hipertensiva,No
P176,M,1964-01-25,2023-11-20,59,70.5,159,1.38,44,153,62,ERC diabética,Sí
P177,M,1954-12-16,2024-04-07,69,90.9,155,2.31,222,145,87,ERC hipertensiva,No
P178,M,1965-07-01,2024-02-05,58,72.5,160,1.21,80,125,90,ERC diabética,Sí
P179,M,1973-12-12,2022-03-06,48,84.8,169,1.24,44,144,67,ERC hipertensiva,Sí
P180,F,1981-12-15,2022-09-25,40,80.2,151,1.53,22,127,65,ERC diabética,Sí
P181,M,1951-01-14,2022-12-09,71,85.9,152,1.25,19,125,71,ERC diabética,Sí
P182,F,1959-10-24,2023-08-12,63,65.6,160,1.67,201,168,82,ERC diabética,Sí
P183,M,1986-03-04,2023-01-13,36,59.3,170,1.1,58,128,82,ERC hipertensiva,Sí
P184,M,1978-03-08,2022-07-09,44,68.4,173,2.15,37,121,75,ERC diabética,Sí
P185,M,1961-04-24,2022-09-03,61,65.7,158,0.8,153,178,95,ERC diabética,Sí
P186,M,1971-09-05,2023-08-13,51,78,163,2.32,253,104,77,ERC hipertensiva,No
P187,M,1953-05-24,2022-11-04,69,78.4,168,3.96,258,145,91,Otro,No
P188,F,1969-08-06,2022-09-27,53,76.2,142,1.58,43,144,70,Otro,Sí
P189,F,1972-10-06,2022-07-28,49,83.2,163,2.39,15,156,96,ERC hipertensiva,No
P190,M,1943-07-27,2022-06-01,78,75.7,163,2.17,203,160,86,Otro,Sí
P191,F,1943-05-04,2023-09-17,80,72.3,169,2.09,14,184,84,ERC hipertensiva,No
P192,F,1980-07-07,2024-01-28,43,71.9,169,1.85,660,138,88,ERC hipertensiva,Sí
P193,F,1967-04-17,2023-02-21,55,94.8,164,1.01,72,91,62,Glomerulopatía,No
P194,M,1970-11-25,2023-08-02,52,53.4,177,2.4,231,149,81,Glomerulopatía,No
P195,F,1988-04-27,2022-05-30,34,63.3,165,1.21,53,140,86,ERC diabética,Sí
P196,M,1963-09-09,2022-02-06,58,55.8,159,1.24,53,159,91,Glomerulopatía,No
P197,F,1976-02-20,2023-03-06,47,73.1,148,1.56,164,125,68,ERC hipertensiva,No
P198,M,1949-08-18,2024-04-30,74,83.3,158,1.14,46,181,69,Glomerulopatía,No
P199,F,1978-08-09,2023-07-05,44,88.6,160,1.24,88,138,103,ERC hipertensiva,No
P200,M,1954-01-24,2023-04-08,69,92.7,177,1.32,42,150,91,ERC hipertensiva,No
P201,F,1976-02-09,2023-06-19,47,67.2,144,1.92,28,129,86,ERC diabética,Sí
P202,F,1955-11-26,2024-03-23,68,96.2,163,1.65,98,132,71,Glomerulopatía,No
P203,F,1965-07-14,2022-10-28,57,83.6,159,2.36,143,160,96,ERC diabética,Sí
P204,F,1954-01-23,2023-03-03,69,94.8,172,3.22,111,111,83,ERC hipertensiva,No
P205,M,1984-02-21,2023-06-17,39,65.5,168,1.39,454,155,88,Glomerulopatía,No
P206,M,1964-10-07,2024-01-02,59,68.5,173,2.01,126,148,62,Otro,Sí
P207,F,1983-09-03,2022-06-16,38,84.3,159,2.66,165,140,80,ERC diabética,Sí
P208,F,1979-02-07,2024-06-09,45,50,168,2.93,83,126,79,ERC diabética,Sí
P209,F,1977-08-29,2022-07-12,44,95.4,155,0.89,10,127,89,ERC diabética,Sí
P210,F,1972-04-28,2022-11-20,50,89.9,161,3.23,50,155,93,ERC diabética,Sí
P211,F,1948-07-11,2024-06-08,75,54.5,165,2.15,215,127,84,ERC diabética,Sí
P212,M,1956-10-16,2023-03-06,66,67.7,160,1.17,63,137,79,ERC diabética,Sí
P213,F,1988-06-27,2022-10-13,34,66.5,175,0.96,55,109,92,ERC diabética,Sí
P214,F,1957-08-29,2023-11-13,66,85.9,171,0.7,85,182,81,ERC hipertensiva,No
P215,F,1977-07-17,2023-09-06,46,84.1,159,1.58,40,104,75,ERC diabética,Sí
P216,F,1950-12-09,2022-08-21,71,66.8,160,0.96,98,121,64,Glomerulopatía,Sí
P217,M,1969-03-17,2023-01-27,53,44.3,161,2.88,31,146,89,ERC diabética,Sí
P218,M,1952-03-26,2022-05-31,70,83.5,154,2.12,39,137,83,ERC hipertensiva,No
P219,M,1942-07-30,2022-09-19,80,53.7,161,1.18,25,146,82,Otro,No
P220,M,1948-04-20,2023-11-02,75,73.6,166,1.58,393,148,78,ERC hipertensiva,No
P221,F,1963-02-13,2022-05-29,59,91,155,1.31,188,152,92,ERC diabética,Sí
P222,F,1943-03-17,2022-09-15,79,60.1,167,1.14,115,177,76,ERC hipertensiva,No
P223,M,1950-10-10,2023-02-23,72,86.5,168,2.3,90,134,88,Glomerulopatía,No
P224,F,1950-07-01,2024-03-09,73,70,153,2.87,304,132,51,ERC diabética,Sí
P225,M,1976-09-28,2022-01-06,45,75.3,166,2.62,306,165,95,Glomerulopatía,No
P226,F,1962-05-01,2023-11-10,61,74.8,159,2.2,422,138,75,Glomerulopatía,No
P227,F,1957-08-31,2022-05-21,64,48.2,167,1.93,45,139,81,ERC diabética,Sí
P228,F,1981-12-27,2022-09-23,40,55.6,145,2.16,166,142,94,ERC diabética,Sí
P229,F,1979-12-19,2022-11-22,42,56.6,160,1.39,192,133,74,ERC hipertensiva,No
P230,F,1941-06-09,2023-01-04,81,74.3,172,1.98,360,139,88,ERC hipertensiva,No
P231,F,1949-06-04,2022-07-05,73,83.6,154,1.85,294,143,87,ERC diabética,Sí
P232,F,1989-03-24,2024-05-21,35,61.6,145,1.31,711,163,78,Otro,No
P233,M,1983-10-13,2023-11-25,40,85.5,172,2.86,204,137,73,ERC diabética,Sí
P234,M,1952-06-29,2024-06-10,71,72.1,160,1.25,141,151,79,Glomerulopatía,No
P235,F,1964-10-10,2023-11-12,59,82.9,172,1.33,260,150,87,ERC diabética,Sí
P236,F,1965-04-07,2023-01-28,57,56.9,189,3.62,1192,140,77,Otro,No
P237,M,1989-04-19,2022-02-13,32,63.7,166,1.24,67,143,94,ERC diabética,Sí
P238,F,1965-06-04,2022-07-17,57,93.8,156,1.46,39,156,88,ERC hipertensiva,Sí
P239,M,1978-01-08,2023-08-07,45,66.9,154,2.31,72,136,99,Otro,No
P240,M,1947-05-27,2024-05-01,76,100,169,1.94,61,136,88,Glomerulopatía,No
P241,F,1975-11-18,2024-04-26,48,75.3,170,2.75,44,152,68,Glomerulopatía,No
P242,F,1989-07-14,2022-04-15,32,82.7,184,1.21,43,160,89,ERC hipertensiva,No
P243,F,1978-07-28,2022-04-01,43,88.6,173,1.26,68,130,91,ERC diabética,Sí
P244,M,1979-08-15,2023-02-17,43,73.7,152,2.19,168,145,91,ERC diabética,Sí
P245,M,1969-08-11,2022-10-07,53,84,157,1.68,340,164,84,Glomerulopatía,No
P246,M,1986-05-03,2024-05-17,38,42.7,165,3.03,117,110,81,ERC diabética,Sí
P247,F,1940-03-01,2023-09-08,83,89.7,177,1.45,153,150,84,ERC hipertensiva,No
P248,M,1961-06-27,2022-11-27,61,69.1,152,0.7,39,148,99,ERC hipertensiva,No
P249,F,1972-10-22,2022-04-05,49,93.7,155,1.1,44,133,77,Glomerulopatía,No
P250,M,1941-06-30,2024-03-14,82,73.1,164,0.92,37,148,90,ERC hipertensiva,No
P251,M,1976-09-03,2023-04-16,46,58.9,164,1.85,83,152,60,Glomerulopatía,Sí
P252,F,1955-02-15,2023-08-06,68,77.3,152,1.73,129,139,80,ERC hipertensiva,No
P253,F,1959-04-22,2022-06-07,63,71.4,154,1.05,44,122,78,ERC diabética,Sí
P254,F,1967-02-13,2023-09-28,56,56.9,173,1.34,45,113,75,ERC diabética,Sí
P255,F,1968-01-21,2022-09-14,54,66.6,172,2.08,34,102,71,ERC hipertensiva,No
P256,F,1975-02-15,2023-08-28,48,57.6,152,2.52,385,123,79,ERC hipertensiva,No
P257,F,1976-11-09,2022-06-12,45,53.7,167,2.46,24,159,85,Otro,No
P258,M,1957-12-29,2023-04-18,65,71.5,160,1.52,45,108,70,ERC hipertensiva,No
P259,M,1965-04-10,2022-05-01,57,70.7,161,1.51,116,118,86,ERC diabética,Sí
P260,M,1953-04-07,2023-04-29,70,57.7,158,1.67,98,146,91,ERC diabética,Sí
P261,F,1987-04-29,2022-10-06,35,71,157,3.66,167,150,77,Glomerulopatía,No
P262,M,1945-11-21,2022-01-02,76,76.6,156,1.05,488,117,73,ERC diabética,Sí
P263,F,1983-05-12,2023-10-26,40,55.5,160,1.83,172,100,76,Glomerulopatía,No
P264,F,1959-02-27,2023-07-02,64,84.2,172,1.62,86,132,78,Glomerulopatía,Sí
P265,M,1970-04-23,2023-07-23,53,49.5,155,3.02,766,148,90,Glomerulopatía,No
P266,F,1979-09-11,2023-03-09,43,68.9,174,1.46,159,132,83,Otro,No
P267,M,1969-06-02,2024-02-06,54,88.7,179,1.27,66,154,69,ERC hipertensiva,No
P268,F,1962-10-28,2022-11-10,60,61.5,170,2,226,132,87,Otro,No
P269,F,1970-03-06,2024-03-31,54,55.4,157,1.17,29,131,85,ERC diabética,Sí
P270,M,1960-08-19,2022-07-24,61,69.9,157,0.7,1707,134,86,ERC hipertensiva,No
P271,F,1947-05-12,2023-09-20,76,74.1,166,2.32,83,164,78,ERC hipertensiva,No
P272,F,1953-11-29,2024-03-11,70,66.8,167,1.84,162,123,78,ERC diabética,Sí
P273,F,1962-04-09,2023-01-23,60,74.6,167,2.45,16,130,74,ERC hipertensiva,No
P274,F,1951-08-19,2022-07-15,70,64.4,173,1.81,63,122,76,ERC diabética,Sí
P275,M,1960-08-29,2024-01-27,63,62.8,157,2.18,45,103,74,ERC diabética,Sí
P276,M,1954-04-17,2022-05-06,68,49,158,0.82,105,148,63,ERC diabética,Sí
P277,F,1949-05-03,2023-02-17,73,75.1,171,3.14,71,136,97,Glomerulopatía,Sí
P278,M,1952-07-01,2022-08-29,70,59.8,188,3.83,184,141,92,Otro,No
P279,M,1967-02-25,2022-11-24,55,83.9,167,1.74,62,157,78,ERC diabética,Sí
P280,M,1952-03-15,2022-02-14,69,69.5,158,2.68,92,151,82,Glomerulopatía,No
P281,F,1945-03-21,2023-08-24,78,80.1,160,1.06,44,116,97,Glomerulopatía,No
P282,M,1973-07-30,2022-09-20,49,44.8,173,1.69,38,111,77,Otro,No
P283,F,1980-01-08,2022-01-21,42,74.1,164,1.49,124,140,78,ERC diabética,Sí
P284,F,1985-10-04,2022-01-22,36,81.7,162,2.6,29,118,70,ERC diabética,Sí
P285,M,1973-05-04,2023-08-02,50,53.8,156,1.42,128,144,77,ERC hipertensiva,Sí
P286,M,1965-11-10,2022-02-18,56,98.9,148,3.03,73,155,81,ERC hipertensiva,No
P287,F,1954-11-30,2022-10-02,67,69.9,156,0.95,51,151,81,ERC diabética,Sí
P288,F,1982-01-01,2024-01-06,42,95.5,151,3.24,408,136,83,ERC diabética,Sí
P289,F,1943-09-13,2022-04-16,78,71.7,176,0.82,127,130,79,ERC hipertensiva,Sí
P290,F,1955-12-20,2023-10-23,67,69.4,168,0.7,19,113,100,ERC hipertensiva,No
P291,M,1975-01-28,2022-11-10,47,76.2,168,1.47,76,134,75,Otro,No
P292,M,1988-12-31,2024-04-23,35,52.5,160,1.1,271,137,83,Otro,No
P293,M,1965-03-31,2022-05-13,57,90.9,160,4.49,18,154,96,Otro,No
P294,F,1976-09-02,2022-04-25,45,76.2,161,0.91,122,151,86,ERC diabética,Sí
P295,M,1952-12-06,2022-01-12,69,71.3,160,0.81,490,104,93,ERC diabética,Sí
P296,F,1972-08-04,2022-07-03,49,90.6,155,1.44,139,144,86,ERC hipertensiva,Sí
P297,F,1978-03-29,2022-08-12,44,64.8,171,1.13,117,145,73,Otro,No
P298,M,1986-05-30,2024-06-19,38,84.7,153,1.39,16,121,90,ERC diabética,Sí
P299,M,1986-04-10,2022-07-08,36,70.3,163,2.18,119,105,78,ERC hipertensiva,No
P300,F,1959-05-04,2022-07-09,63,66.4,161,1.44,147,146,91,Glomerulopatía,No
P301,F,1978-06-09,2024-01-31,45,69.5,148,5.01,647,160,83,Glomerulopatía,Sí
P302,M,1959-03-12,2023-10-28,64,84.6,173,2.07,49,166,69,Glomerulopatía,No
P303,F,1964-05-01,2023-12-25,59,50.9,154,3.22,38,119,92,Glomerulopatía,No
P304,M,1956-06-09,2022-07-05,66,60.9,153,1.25,37,162,77,Glomerulopatía,No
P305,M,1976-10-27,2022-01-19,45,77.5,170,3.64,21,130,90,Glomerulopatía,No
P306,M,1952-10-27,2023-03-03,70,78.6,160,1.41,50,111,74,ERC hipertensiva,No
P307,F,1985-04-01,2022-02-23,36,92.9,156,1.26,155,144,86,ERC diabética,Sí
P308,M,1954-08-09,2023-03-14,68,71.9,155,1.37,30,146,75,ERC diabética,Sí
P309,M,1975-03-28,2022-10-03,47,52,166,0.98,94,141,91,Glomerulopatía,Sí
P310,F,1961-10-27,2023-11-24,62,78,162,1.05,41,130,80,ERC diabética,Sí
P311,F,1977-01-10,2023-09-15,46,70,154,2.09,179,113,82,Glomerulopatía,No
P312,F,1961-07-09,2023-06-17,61,60.1,157,0.92,10,125,80,Otro,No
P313,M,1975-01-19,2024-05-19,49,60.8,166,1.74,170,136,71,ERC hipertensiva,No
P314,M,1971-09-27,2022-10-16,51,81.2,163,2.23,465,128,93,ERC diabética,Sí
P315,M,1958-08-17,2022-03-25,63,74.8,145,1.55,161,177,57,ERC hipertensiva,No
P316,F,1988-01-06,2023-10-29,35,52,150,0.71,14,121,64,Glomerulopatía,No
P317,F,1960-09-16,2022-11-18,62,85.3,172,2.57,58,154,72,ERC hipertensiva,Sí
P318,F,1964-02-18,2022-04-16,58,82.2,151,2.46,252,140,89,ERC hipertensiva,Sí
P319,M,1950-12-19,2024-05-29,73,92.4,166,2.33,128,137,84,ERC diabética,Sí
P320,M,1964-05-12,2023-09-30,59,81.3,164,1.37,94,121,74,ERC hipertensiva,No
P321,M,1962-02-22,2024-03-06,62,64.5,160,1.64,332,111,99,Glomerulopatía,No
P322,M,1960-09-13,2024-01-27,63,72.3,161,4.84,19,162,90,ERC diabética,Sí
P323,F,1989-11-27,2022-05-15,32,89.7,165,1.79,16,82,99,ERC diabética,Sí
P324,F,1981-12-10,2023-09-19,41,65.3,171,1.66,114,165,75,Glomerulopatía,No
P325,M,1952-11-05,2024-02-16,71,96.1,156,0.86,91,112,89,Glomerulopatía,No
P326,M,1972-07-21,2022-09-22,50,67.1,167,2.52,39,155,88,ERC diabética,Sí
P327,F,1959-09-12,2023-09-22,64,113.4,162,1.35,123,158,60,Otro,No
P328,F,1940-09-28,2023-12-09,83,88.9,154,1.93,99,166,79,Glomerulopatía,No
P329,M,1952-05-06,2023-04-10,70,89.7,156,2.11,162,140,68,ERC diabética,Sí
P330,M,1949-03-03,2022-12-22,73,57.9,161,1.73,168,154,89,ERC diabética,Sí
P331,M,1965-04-21,2024-04-10,58,72.7,156,1.13,58,114,96,Glomerulopatía,No
P332,F,1943-06-22,2023-11-01,80,83.6,165,1.07,22,140,67,ERC diabética,Sí
P333,M,1967-05-12,2022-06-08,55,76.9,150,2.08,57,148,90,ERC hipertensiva,No
P334,F,1957-01-06,2022-06-08,65,79.2,163,0.71,91,125,74,Glomerulopatía,No
P335,F,1945-02-21,2022-09-25,77,69.3,166,0.99,125,130,84,ERC hipertensiva,No
P336,M,1945-07-06,2022-02-16,76,66.2,166,1.51,29,167,67,ERC hipertensiva,Sí
P337,M,1941-02-14,2023-11-19,82,66.7,164,1.66,258,168,72,ERC diabética,Sí
P338,F,1964-02-14,2023-10-08,59,71.3,166,1.15,60,118,80,ERC diabética,Sí
P339,F,1951-03-25,2022-09-25,71,71.7,161,1.07,18,129,58,ERC hipertensiva,No
P340,M,1959-01-19,2023-02-07,64,67.3,161,1.18,178,115,76,Otro,Sí
P341,M,1989-10-15,2023-11-07,34,68.3,163,2.81,79,96,89,Otro,No
P342,M,1957-06-29,2024-06-14,66,66.4,153,1.52,155,126,61,Otro,No
P343,F,1969-08-16,2024-02-27,54,76.7,151,0.87,186,129,77,Glomerulopatía,No
P344,F,1948-11-21,2022-09-18,73,69,164,4.6,19,114,98,ERC hipertensiva,No
P345,M,1961-02-24,2023-12-04,62,76.2,162,1.59,130,140,84,ERC hipertensiva,No
P346,F,1966-10-04,2022-08-29,55,79.2,150,1.86,100,108,94,ERC hipertensiva,No
P347,M,1945-10-26,2023-08-04,77,79.3,170,3.35,65,124,69,Glomerulopatía,No
P348,M,1977-09-18,2022-11-01,45,84.2,146,3.63,100,108,93,ERC hipertensiva,No
P349,F,1953-06-16,2022-05-30,68,56.9,174,2.44,122,185,89,ERC diabética,Sí
P350,F,1972-05-25,2022-08-04,50,91.9,161,2.28,213,145,81,ERC hipertensiva,No
P351,M,1984-02-19,2023-01-01,38,63.8,170,2.37,173,138,70,Glomerulopatía,No
P352,M,1949-09-23,2022-04-04,72,69.6,155,1.71,69,100,85,ERC diabética,Sí
P353,F,1961-07-10,2022-08-15,61,71.8,158,2.25,83,158,75,Glomerulopatía,No
P354,F,1953-03-17,2022-03-20,69,72.1,167,2.06,154,134,76,ERC diabética,Sí
P355,M,1954-05-18,2023-08-24,69,75.6,147,1.12,216,123,80,ERC diabética,Sí
P356,M,1951-11-07,2023-08-18,71,77.3,148,1.9,46,127,104,Otro,No
P357,F,1979-11-19,2023-01-16,43,66,178,1.08,226,130,83,Otro,No
P358,M,1982-11-10,2022-04-04,39,44,167,1.81,356,145,89,ERC hipertensiva,Sí
P359,M,1973-11-15,2023-05-22,49,93.1,170,2.7,19,113,89,ERC diabética,Sí
P360,M,1970-04-15,2023-04-19,53,56.7,165,1.35,22,148,90,ERC diabética,Sí
P361,M,1965-02-25,2023-11-04,58,54.7,160,3.21,274,151,105,ERC hipertensiva,Sí
P362,F,1981-01-13,2024-03-13,43,62.1,154,1.58,83,109,97,ERC diabética,Sí
P363,M,1947-01-22,2022-01-16,74,72.3,153,0.75,74,130,67,Glomerulopatía,No
P364,M,1946-07-20,2022-04-07,75,85.6,157,1.79,115,107,64,ERC hipertensiva,No
P365,M,1964-02-04,2024-04-17,60,87.8,149,0.8,115,145,80,Otro,No
P366,F,1985-11-22,2024-02-03,38,71,157,3.03,221,120,79,ERC diabética,Sí
P367,M,1971-05-28,2022-10-21,51,64.1,171,3.25,19,154,81,Otro,No
P368,M,1968-12-24,2022-04-03,53,89.5,161,2.31,4,139,65,ERC diabética,Sí
P369,M,1973-02-09,2022-11-14,49,72.4,160,2.4,179,140,89,ERC diabética,Sí
P370,M,1956-04-23,2022-03-29,65,52.5,182,0.85,76,126,71,Glomerulopatía,No
P371,F,1982-11-22,2022-08-21,39,86.7,170,0.89,19,170,80,Glomerulopatía,No
P372,F,1970-03-23,2024-01-16,53,79.1,168,0.7,185,122,85,Otro,Sí
P373,M,1970-07-11,2023-06-13,52,73.2,150,4.37,49,111,92,Otro,No
P374,M,1969-03-05,2023-10-04,54,77.5,171,1.28,121,142,77,ERC diabética,Sí
P375,M,1989-06-19,2023-06-09,33,69.3,165,1.79,73,124,82,ERC diabética,Sí
P376,M,1982-11-20,2024-03-29,41,81.5,145,3.43,491,152,74,ERC hipertensiva,Sí
P377,M,1976-07-27,2022-05-23,45,72.2,159,1.59,601,128,73,ERC diabética,Sí
P378,F,1988-04-17,2024-06-08,36,61,178,4.17,123,147,83,ERC hipertensiva,No
P379,F,1945-12-21,2022-06-17,76,65.3,142,1.11,23,132,74,ERC hipertensiva,Sí
P380,M,1970-07-06,2023-03-14,52,72.8,156,1.57,64,144,77,ERC diabética,Sí
P381,F,1972-03-10,2023-04-01,51,79.2,170,1.63,27,124,69,ERC diabética,Sí
P382,M,1951-03-29,2022-10-19,71,74,164,2.19,211,161,72,ERC hipertensiva,No
P383,F,1972-06-27,2022-09-02,50,64.5,174,1.84,58,149,68,ERC diabética,Sí
P384,M,1975-12-02,2022-06-03,46,87.3,166,0.98,192,91,83,Glomerulopatía,No
P385,M,1951-03-30,2022-10-13,71,78.4,169,1.61,108,131,75,Glomerulopatía,No
P386,M,1946-11-11,2023-10-15,76,76,158,1.34,190,134,74,ERC diabética,Sí
P387,M,1982-07-28,2023-02-12,40,45.7,163,1.45,221,129,83,ERC hipertensiva,No
P388,F,1955-01-30,2022-01-02,66,81.8,147,3.1,89,127,95,ERC diabética,Sí
P389,F,1963-10-17,2023-09-04,59,63.3,164,1.46,89,112,92,Otro,No
P390,F,1953-10-01,2024-03-12,70,73.4,173,0.91,175,155,72,ERC diabética,Sí
P391,M,1981-09-01,2023-10-19,42,80.1,168,1.89,22,137,90,ERC diabética,Sí
P392,F,1973-02-01,2024-03-09,51,93.1,160,1.42,650,136,63,ERC diabética,Sí
P393,F,1980-09-14,2023-05-01,42,73.9,169,1.59,86,145,71,ERC hipertensiva,Sí
P394,F,1958-07-01,2022-08-05,64,92.5,177,1.25,37,110,89,ERC hipertensiva,Sí
P395,F,1970-08-28,2023-01-11,52,76.2,148,2.77,131,172,96,ERC hipertensiva,Sí
P396,M,1957-04-02,2023-09-21,66,67.6,163,1.31,16,140,79,ERC hipertensiva,No
P397,M,1972-01-15,2023-04-04,51,66.5,174,2.24,124,120,68,ERC hipertensiva,No
P398,M,1942-11-07,2022-09-28,79,67.2,150,1.06,1492,176,80,ERC diabética,Sí
P399,F,1982-11-05,2023-11-24,41,81.8,160,2.29,85,117,77,ERC diabética,Sí
P400,M,1971-09-01,2022-07-18,50,100.1,160,1.73,497,142,61,Glomerulopatía,No
P401,M,1969-03-09,2023-04-24,54,80.7,163,1.07,78,123,65,ERC hipertensiva,Sí
P402,F,1970-04-14,2023-11-21,53,92.7,155,1.88,23,123,84,ERC hipertensiva,No
P403,F,1981-08-26,2024-01-22,42,62.1,162,1.15,16,127,68,ERC diabética,Sí
P404,M,1976-10-17,2022-10-27,46,69.8,164,1.69,441,132,96,Glomerulopatía,No
P405,F,1942-07-14,2024-05-13,81,66,167,1.47,137,121,74,ERC diabética,Sí
P406,F,1960-04-19,2023-12-04,63,60.5,162,1.84,234,152,77,ERC hipertensiva,Sí
P407,M,1980-10-07,2023-04-25,42,73.2,153,1.48,5067,142,103,Glomerulopatía,No
P408,F,1963-02-15,2024-01-04,60,82.7,183,1.48,164,124,99,ERC diabética,Sí
P409,M,1965-06-05,2023-08-17,58,83.2,166,1.76,102,128,73,ERC hipertensiva,Sí
P410,F,1949-03-15,2023-05-23,74,70.6,159,1.33,80,125,90,Otro,No
P411,M,1948-09-09,2022-12-01,74,50.7,168,1.77,453,164,65,Glomerulopatía,No
P412,F,1978-12-14,2024-02-21,45,92.6,171,2.46,50,156,68,ERC diabética,Sí
P413,F,1987-09-21,2022-02-28,34,84.3,156,2.08,175,124,72,ERC diabética,Sí
P414,F,1962-02-03,2023-12-07,61,69.6,165,3.2,52,146,86,ERC diabética,Sí
P415,M,1980-03-22,2022-03-22,41,67.3,171,1.87,16,150,96,ERC hipertensiva,No
P416,M,1954-07-03,2024-03-11,69,72.9,153,1.95,138,146,94,ERC diabética,Sí
P417,M,1941-05-01,2022-09-06,81,63.4,169,0.93,61,131,90,ERC diabética,Sí
P418,F,1967-03-08,2023-01-07,55,64.2,163,2.11,53,120,71,ERC diabética,Sí
P419,F,1942-01-22,2023-01-13,80,90,152,1.85,72,166,69,ERC diabética,Sí
P420,F,1949-08-15,2023-06-29,73,67.8,171,1.33,18,144,90,ERC diabética,Sí
