region,mes_num,fecha,anio,mes,casos,poblacion,politica,ola_covid
Intervenida,1,2017-01-01,2017,1,161,5000000,0,0
Intervenida,2,2017-02-01,2017,2,125,5002079,0,0
Intervenida,3,2017-03-01,2017,3,168,5004158,0,0
Intervenida,4,2017-04-01,2017,4,164,5006238,0,0
Intervenida,5,2017-05-01,2017,5,186,5008319,0,0
Intervenida,6,2017-06-01,2017,6,191,5010402,0,0
Intervenida,7,2017-07-01,2017,7,192,5012484,0,0
Intervenida,8,2017-08-01,2017,8,171,5014568,0,0
Intervenida,9,2017-09-01,2017,9,154,5016653,0,0
Intervenida,10,2017-10-01,2017,10,155,5018738,0,0
Intervenida,11,2017-11-01,2017,11,137,5020825,0,0
Intervenida,12,2017-12-01,2017,12,123,5022912,0,0
Intervenida,13,2018-01-01,2018,1,151,5025000,0,0
Intervenida,14,2018-02-01,2018,2,137,5027089,0,0
Intervenida,15,2018-03-01,2018,3,133,5029179,0,0
Intervenida,16,2018-04-01,2018,4,139,5031270,0,0
Intervenida,17,2018-05-01,2018,5,177,5033361,0,0
Intervenida,18,2018-06-01,2018,6,167,5035454,0,0
Intervenida,19,2018-07-01,2018,7,188,5037547,0,0
Intervenida,20,2018-08-01,2018,8,173,5039641,0,0
Intervenida,21,2018-09-01,2018,9,192,5041736,0,0
Intervenida,22,2018-10-01,2018,10,173,5043832,0,0
Intervenida,23,2018-11-01,2018,11,180,5045929,0,0
Intervenida,24,2018-12-01,2018,12,144,5048026,0,0
Intervenida,25,2019-01-01,2019,1,183,5050125,0,0
Intervenida,26,2019-02-01,2019,2,163,5052224,0,0
Intervenida,27,2019-03-01,2019,3,153,5054325,0,0
Intervenida,28,2019-04-01,2019,4,168,5056426,0,0
Intervenida,29,2019-05-01,2019,5,171,5058528,0,0
Intervenida,30,2019-06-01,2019,6,201,5060631,0,0
Intervenida,31,2019-07-01,2019,7,178,5062735,0,0
Intervenida,32,2019-08-01,2019,8,174,5064839,0,0
Intervenida,33,2019-09-01,2019,9,186,5066945,0,0
Intervenida,34,2019-10-01,2019,10,183,5069051,0,0
Intervenida,35,2019-11-01,2019,11,179,5071158,0,0
Intervenida,36,2019-12-01,2019,12,187,5073267,0,0
Intervenida,37,2020-01-01,2020,1,171,5075376,0,0
Intervenida,38,2020-02-01,2020,2,169,5077486,0,0
Intervenida,39,2020-03-01,2020,3,147,5079596,0,1
Intervenida,40,2020-04-01,2020,4,164,5081708,0,1
Intervenida,41,2020-05-01,2020,5,155,5083821,0,1
Intervenida,42,2020-06-01,2020,6,159,5085934,0,1
Intervenida,43,2020-07-01,2020,7,178,5088048,0,1
Intervenida,44,2020-08-01,2020,8,162,5090163,0,1
Intervenida,45,2020-09-01,2020,9,195,5092279,0,1
Intervenida,46,2020-10-01,2020,10,173,5094396,0,1
Intervenida,47,2020-11-01,2020,11,173,5096514,0,0
Intervenida,48,2020-12-01,2020,12,190,5098633,0,0
Intervenida,49,2021-01-01,2021,1,176,5100753,1,0
Intervenida,50,2021-02-01,2021,2,135,5102873,1,0
Intervenida,51,2021-03-01,2021,3,123,5104994,1,0
Intervenida,52,2021-04-01,2021,4,146,5107117,1,0
Intervenida,53,2021-05-01,2021,5,158,5109240,1,0
Intervenida,54,2021-06-01,2021,6,165,5111364,1,0
Intervenida,55,2021-07-01,2021,7,207,5113488,1,0
Intervenida,56,2021-08-01,2021,8,198,5115614,1,0
Intervenida,57,2021-09-01,2021,9,196,5117741,1,0
Intervenida,58,2021-10-01,2021,10,184,5119868,1,0
Intervenida,59,2021-11-01,2021,11,172,5121997,1,0
Intervenida,60,2021-12-01,2021,12,169,5124126,1,0
Intervenida,61,2022-01-01,2022,1,146,5126256,1,0
Intervenida,62,2022-02-01,2022,2,154,5128387,1,0
Intervenida,63,2022-03-01,2022,3,150,5130519,1,0
Intervenida,64,2022-04-01,2022,4,146,5132652,1,0
Intervenida,65,2022-05-01,2022,5,171,5134786,1,0
Intervenida,66,2022-06-01,2022,6,202,5136920,1,0
Intervenida,67,2022-07-01,2022,7,210,5139056,1,0
Intervenida,68,2022-08-01,2022,8,185,5141192,1,0
Intervenida,69,2022-09-01,2022,9,193,5143330,1,0
Intervenida,70,2022-10-01,2022,10,199,5145468,1,0
Intervenida,71,2022-11-01,2022,11,182,5147607,1,0
Intervenida,72,2022-12-01,2022,12,144,5149747,1,0
Intervenida,73,2023-01-01,2023,1,164,5151888,1,0
Intervenida,74,2023-02-01,2023,2,150,5154029,1,0
Intervenida,75,2023-03-01,2023,3,137,5156172,1,0
Intervenida,76,2023-04-01,2023,4,157,5158315,1,0
Intervenida,77,2023-05-01,2023,5,174,5160460,1,0
Intervenida,78,2023-06-01,2023,6,181,5162605,1,0
Intervenida,79,2023-07-01,2023,7,171,5164751,1,0
Intervenida,80,2023-08-01,2023,8,167,5166898,1,0
Intervenida,81,2023-09-01,2023,9,147,5169046,1,0
Intervenida,82,2023-10-01,2023,10,169,5171195,1,0
Intervenida,83,2023-11-01,2023,11,138,5173345,1,0
Intervenida,84,2023-12-01,2023,12,139,5175495,1,0
Intervenida,85,2024-01-01,2024,1,131,5177647,1,0
Intervenida,86,2024-02-01,2024,2,142,5179799,1,0
Intervenida,87,2024-03-01,2024,3,154,5181953,1,0
Intervenida,88,2024-04-01,2024,4,155,5184107,1,0
Intervenida,89,2024-05-01,2024,5,147,5186262,1,0
Intervenida,90,2024-06-01,2024,6,176,5188418,1,0
Intervenida,91,2024-07-01,2024,7,196,5190575,1,0
Intervenida,92,2024-08-01,2024,8,209,5192733,1,0
Intervenida,93,2024-09-01,2024,9,183,5194891,1,0
Intervenida,94,2024-10-01,2024,10,167,5197051,1,0
Intervenida,95,2024-11-01,2024,11,201,5199212,1,0
Intervenida,96,2024-12-01,2024,12,181,5201373,1,0
Control,1,2017-01-01,2017,1,104,4000000,0,0
Control,2,2017-02-01,2017,2,107,4000999,0,0
Control,3,2017-03-01,2017,3,116,4001998,0,0
Control,4,2017-04-01,2017,4,109,4002997,0,0
Control,5,2017-05-01,2017,5,110,4003996,0,0
Control,6,2017-06-01,2017,6,130,4004996,0,0
Control,7,2017-07-01,2017,7,123,4005996,0,0
Control,8,2017-08-01,2017,8,129,4006996,0,0
Control,9,2017-09-01,2017,9,133,4007996,0,0
Control,10,2017-10-01,2017,10,121,4008997,0,0
Control,11,2017-11-01,2017,11,112,4009998,0,0
Control,12,2017-12-01,2017,12,121,4010999,0,0
Control,13,2018-01-01,2018,1,116,4012000,0,0
Control,14,2018-02-01,2018,2,128,4013002,0,0
Control,15,2018-03-01,2018,3,133,4014003,0,0
Control,16,2018-04-01,2018,4,110,4015006,0,0
Control,17,2018-05-01,2018,5,126,4016008,0,0
Control,18,2018-06-01,2018,6,131,4017011,0,0
Control,19,2018-07-01,2018,7,124,4018013,0,0
Control,20,2018-08-01,2018,8,131,4019017,0,0
Control,21,2018-09-01,2018,9,111,4020020,0,0
Control,22,2018-10-01,2018,10,131,4021024,0,0
Control,23,2018-11-01,2018,11,117,4022027,0,0
Control,24,2018-12-01,2018,12,124,4023032,0,0
Control,25,2019-01-01,2019,1,108,4024036,0,0
Control,26,2019-02-01,2019,2,117,4025041,0,0
Control,27,2019-03-01,2019,3,100,4026046,0,0
Control,28,2019-04-01,2019,4,103,4027051,0,0
Control,29,2019-05-01,2019,5,116,4028056,0,0
Control,30,2019-06-01,2019,6,147,4029062,0,0
Control,31,2019-07-01,2019,7,124,4030068,0,0
Control,32,2019-08-01,2019,8,138,4031074,0,0
Control,33,2019-09-01,2019,9,148,4032080,0,0
Control,34,2019-10-01,2019,10,139,4033087,0,0
Control,35,2019-11-01,2019,11,119,4034094,0,0
Control,36,2019-12-01,2019,12,143,4035101,0,0
Control,37,2020-01-01,2020,1,122,4036108,0,0
Control,38,2020-02-01,2020,2,110,4037116,0,0
Control,39,2020-03-01,2020,3,91,4038124,0,1
Control,40,2020-04-01,2020,4,118,4039132,0,1
Control,41,2020-05-01,2020,5,133,4040140,0,1
Control,42,2020-06-01,2020,6,111,4041149,0,1
Control,43,2020-07-01,2020,7,151,4042158,0,1
Control,44,2020-08-01,2020,8,106,4043167,0,1
Control,45,2020-09-01,2020,9,127,4044176,0,1
Control,46,2020-10-01,2020,10,142,4045186,0,1
Control,47,2020-11-01,2020,11,137,4046196,0,0
Control,48,2020-12-01,2020,12,141,4047206,0,0
Control,49,2021-01-01,2021,1,112,4048216,0,0
Control,50,2021-02-01,2021,2,118,4049227,0,0
Control,51,2021-03-01,2021,3,115,4050238,0,0
Control,52,2021-04-01,2021,4,128,4051249,0,0
Control,53,2021-05-01,2021,5,120,4052261,0,0
Control,54,2021-06-01,2021,6,140,4053272,0,0
Control,55,2021-07-01,2021,7,150,4054284,0,0
Control,56,2021-08-01,2021,8,125,4055296,0,0
Control,57,2021-09-01,2021,9,154,4056309,0,0
Control,58,2021-10-01,2021,10,150,4057322,0,0
Control,59,2021-11-01,2021,11,138,4058334,0,0
Control,60,2021-12-01,2021,12,121,4059348,0,0
Control,61,2022-01-01,2022,1,108,4060361,0,0
Control,62,2022-02-01,2022,2,137,4061375,0,0
Control,63,2022-03-01,2022,3,146,4062389,0,0
Control,64,2022-04-01,2022,4,135,4063403,0,0
Control,65,2022-05-01,2022,5,164,4064417,0,0
Control,66,2022-06-01,2022,6,138,4065432,0,0
Control,67,2022-07-01,2022,7,156,4066447,0,0
Control,68,2022-08-01,2022,8,174,4067462,0,0
Control,69,2022-09-01,2022,9,175,4068478,0,0
Control,70,2022-10-01,2022,10,166,4069493,0,0
Control,71,2022-11-01,2022,11,145,4070509,0,0
Control,72,2022-12-01,2022,12,146,4071526,0,0
Control,73,2023-01-01,2023,1,140,4072542,0,0
Control,74,2023-02-01,2023,2,140,4073559,0,0
Control,75,2023-03-01,2023,3,140,4074576,0,0
Control,76,2023-04-01,2023,4,137,4075593,0,0
Control,77,2023-05-01,2023,5,180,4076611,0,0
Control,78,2023-06-01,2023,6,155,4077628,0,0
Control,79,2023-07-01,2023,7,156,4078646,0,0
Control,80,2023-08-01,2023,8,169,4079665,0,0
Control,81,2023-09-01,2023,9,153,4080683,0,0
Control,82,2023-10-01,2023,10,130,4081702,0,0
Control,83,2023-11-01,2023,11,162,4082721,0,0
Control,84,2023-12-01,2023,12,136,4083740,0,0
Control,85,2024-01-01,2024,1,136,4084760,0,0
Control,86,2024-02-01,2024,2,145,4085780,0,0
Control,87,2024-03-01,2024,3,174,4086800,0,0
Control,88,2024-04-01,2024,4,149,4087820,0,0
Control,89,2024-05-01,2024,5,150,4088840,0,0
Control,90,2024-06-01,2024,6,204,4089861,0,0
Control,91,2024-07-01,2024,7,175,4090882,0,0
Control,92,2024-08-01,2024,8,161,4091904,0,0
Control,93,2024-09-01,2024,9,179,4092925,0,0
Control,94,2024-10-01,2024,10,177,4093947,0,0
Control,95,2024-11-01,2024,11,142,4094969,0,0
Control,96,2024-12-01,2024,12,152,4095991,0,0
