region,mes_num,fecha,anio,mes,casos,poblacion,politica,ola_covid,mu_esperado,mu_contrafactual
Intervenida,1,2017-01-01,2017,1,161,5000000,0,0,135.72561270539396,135.72561270539396
Intervenida,2,2017-02-01,2017,2,125,5002079,0,0,138.16497847232458,138.16497847232458
Intervenida,3,2017-03-01,2017,3,168,5004158,0,0,143.95007650230133,143.95007650230133
Intervenida,4,2017-04-01,2017,4,164,5006238,0,0,152.00024253804992,152.00024253804992
Intervenida,5,2017-05-01,2017,5,186,5008319,0,0,160.5006049167019,160.5006049167019
Intervenida,6,2017-06-01,2017,6,191,5010402,0,0,167.22096364438025,167.22096364438025
Intervenida,7,2017-07-01,2017,7,192,5012484,0,0,170.22634323388277,170.22634323388277
Intervenida,8,2017-08-01,2017,8,171,5014568,0,0,168.70425274727396,168.70425274727396
Intervenida,9,2017-09-01,2017,9,154,5016653,0,0,163.3606543424651,163.3606543424651
Intervenida,10,2017-10-01,2017,10,155,5018738,0,0,156.08112269118487,156.08112269118487
Intervenida,11,2017-11-01,2017,11,137,5020825,0,0,149.12600869601,149.12600869601
Intervenida,12,2017-12-01,2017,12,123,5022912,0,0,144.40252125015678,144.40252125015678
Intervenida,13,2018-01-01,2018,1,151,5025000,0,0,143.11132667656554,143.11132667656554
Intervenida,14,2018-02-01,2018,2,137,5027089,0,0,145.6834227647608,145.6834227647608
Intervenida,15,2018-03-01,2018,3,133,5029179,0,0,151.78334341633033,151.78334341633033
Intervenida,16,2018-04-01,2018,4,139,5031270,0,0,160.27159084611793,160.27159084611793
Intervenida,17,2018-05-01,2018,5,177,5033361,0,0,169.23450108177065,169.23450108177065
Intervenida,18,2018-06-01,2018,6,167,5035454,0,0,176.3205443006596,176.3205443006596
Intervenida,19,2018-07-01,2018,7,188,5037547,0,0,179.48948717019613,179.48948717019613
Intervenida,20,2018-08-01,2018,8,173,5039641,0,0,177.884554815468,177.884554815468
Intervenida,21,2018-09-01,2018,9,192,5041736,0,0,172.2501617408861,172.2501617408861
Intervenida,22,2018-10-01,2018,10,173,5043832,0,0,164.57452256152646,164.57452256152646
Intervenida,23,2018-11-01,2018,11,180,5045929,0,0,157.2409215356208,157.2409215356208
Intervenida,24,2018-12-01,2018,12,144,5048026,0,0,152.26038539886298,152.26038539886298
Intervenida,25,2019-01-01,2019,1,183,5050125,0,0,150.89894541557462,150.89894541557462
Intervenida,26,2019-02-01,2019,2,163,5052224,0,0,153.61099246261642,153.61099246261642
Intervenida,27,2019-03-01,2019,3,153,5054325,0,0,160.04286635362405,160.04286635362405
Intervenida,28,2019-04-01,2019,4,168,5056426,0,0,168.9929995504054,168.9929995504054
Intervenida,29,2019-05-01,2019,5,171,5058528,0,0,178.44365864427078,178.44365864427078
Intervenida,30,2019-06-01,2019,6,201,5060631,0,0,185.91528279700205,185.91528279700205
Intervenida,31,2019-07-01,2019,7,178,5062735,0,0,189.25668829890893,189.25668829890893
Intervenida,32,2019-08-01,2019,8,174,5064839,0,0,187.56440363089249,187.56440363089249
Intervenida,33,2019-09-01,2019,9,186,5066945,0,0,181.623425619122,181.623425619122
Intervenida,34,2019-10-01,2019,10,183,5069051,0,0,173.53008800669673,173.53008800669673
Intervenida,35,2019-11-01,2019,11,179,5071158,0,0,165.79740240705542,165.79740240705542
Intervenida,36,2019-12-01,2019,12,187,5073267,0,0,160.54589150208025,160.54589150208025
Intervenida,37,2020-01-01,2020,1,171,5075376,0,0,159.11035093272875,159.11035093272875
Intervenida,38,2020-02-01,2020,2,169,5077486,0,0,161.9699944268674,161.9699944268674
Intervenida,39,2020-03-01,2020,3,147,5079596,0,1,145.2460371691121,145.2460371691121
Intervenida,40,2020-04-01,2020,4,164,5081708,0,1,153.36869705880656,153.36869705880656
Intervenida,41,2020-05-01,2020,5,155,5083821,0,1,161.94560801684318,161.94560801684318
Intervenida,42,2020-06-01,2020,6,159,5085934,0,1,168.7264243027896,168.7264243027896
Intervenida,43,2020-07-01,2020,7,178,5088048,0,1,171.75888151063126,171.75888151063126
Intervenida,44,2020-08-01,2020,8,162,5090163,0,1,170.2230737953371,170.2230737953371
Intervenida,45,2020-09-01,2020,9,195,5092279,0,1,164.83135374501225,164.83135374501225
Intervenida,46,2020-10-01,2020,10,173,5094396,0,1,157.48630367863953,157.48630367863953
Intervenida,47,2020-11-01,2020,11,173,5096514,0,0,174.81952538455252,174.81952538455252
Intervenida,48,2020-12-01,2020,12,190,5098633,0,0,169.2822272653732,169.2822272653732
Intervenida,49,2021-01-01,2021,1,176,5100753,1,0,151.80329297102648,167.76858465969576
Intervenida,50,2021-02-01,2021,2,135,5102873,1,0,153.76086267485013,170.78382163040266
Intervenida,51,2021-03-01,2021,3,123,5104994,1,0,159.39998272162478,177.9347051436728
Intervenida,52,2021-04-01,2021,4,146,5107117,1,0,167.47472406886064,187.88544439754457
Intervenida,53,2021-05-01,2021,5,158,5109240,1,0,175.95847801448528,198.39262997003095
Intervenida,54,2021-06-01,2021,6,165,5111364,1,0,182.41169961884125,206.69953524438057
Intervenida,55,2021-07-01,2021,7,207,5113488,1,0,184.76396326121653,210.41444557742102
Intervenida,56,2021-08-01,2021,8,198,5115614,1,0,182.19860954872004,208.5330106861727
Intervenida,57,2021-09-01,2021,9,196,5117741,1,0,175.54764936603036,201.9278615167202
Intervenida,58,2021-10-01,2021,10,184,5119868,1,0,166.8885190874473,192.929731888519
Intervenida,59,2021-11-01,2021,11,172,5121997,1,0,158.656546938609,184.33260906630315
Intervenida,60,2021-12-01,2021,12,169,5124126,1,0,152.86494439246692,178.4939692937563
Intervenida,61,2022-01-01,2022,1,146,5126256,1,0,150.74247990692385,176.89793889103967
Intervenida,62,2022-02-01,2022,2,154,5128387,1,0,152.6863818819709,180.07726811253602
Intervenida,63,2022-03-01,2022,3,150,5130519,1,0,158.28610795326364,187.61729165362246
Intervenida,64,2022-04-01,2022,4,146,5132652,1,0,166.30440370441886,198.10949171886318
Intervenida,65,2022-05-01,2022,5,171,5134786,1,0,174.72888593247941,209.1884560772945
Intervenida,66,2022-06-01,2022,6,202,5136920,1,0,181.13699077621948,217.94736749118746
Intervenida,67,2022-07-01,2022,7,210,5139056,1,0,183.4728658758755,221.86448924142542
Intervenida,68,2022-08-01,2022,8,185,5141192,1,0,180.92541621556185,219.88064606199967
Intervenida,69,2022-09-01,2022,9,193,5143330,1,0,174.32094492929275,212.91608294172525
Intervenida,70,2022-10-01,2022,10,199,5145468,1,0,165.72233529319183,203.42832039662483
Intervenida,71,2022-11-01,2022,11,182,5147607,1,0,157.54786677993312,194.36334663939132
Intervenida,72,2022-12-01,2022,12,144,5149747,1,0,151.79674598594212,188.20700143140562
Intervenida,73,2023-01-01,2023,1,164,5151888,1,0,149.689123144045,186.5241331718234
Intervenida,74,2023-02-01,2023,2,150,5154029,1,0,151.61942226334128,189.87644671626873
Intervenida,75,2023-03-01,2023,3,137,5156172,1,0,157.18002828263127,197.8267851572354
Intervenida,76,2023-04-01,2023,4,157,5158315,1,0,165.14227208599024,208.8899080500422
Intervenida,77,2023-05-01,2023,5,174,5160460,1,0,173.50789531139014,220.57176448866
Intervenida,78,2023-06-01,2023,6,181,5162605,1,0,179.87123235907995,229.80732009438904
Intervenida,79,2023-07-01,2023,7,171,5164751,1,0,182.19076071668601,233.93756744589936
Intervenida,80,2023-08-01,2023,8,167,5166898,1,0,179.66112372073223,231.84578492450092
Intervenida,81,2023-09-01,2023,9,147,5169046,1,0,173.10278084979433,224.5022045696098
Intervenida,82,2023-10-01,2023,10,169,5171195,1,0,164.56426863117923,214.4981652401915
Intervenida,83,2023-11-01,2023,11,138,5173345,1,0,156.4469324814933,204.9399199770207
Intervenida,84,2023-12-01,2023,12,139,5175495,1,0,150.73597976043234,198.44854116083422
Intervenida,85,2024-01-01,2024,1,131,5177647,1,0,148.64309361145325,196.67410855537827
Intervenida,86,2024-02-01,2024,2,142,5179799,1,0,150.5599123554917,200.20885440762999
Intervenida,87,2024-03-01,2024,3,154,5181953,1,0,156.08166968860445,208.59183374876312
Intervenida,88,2024-04-01,2024,4,155,5184107,1,0,163.98828312812284,220.2569855850898
Intervenida,89,2024-05-01,2024,5,147,5186262,1,0,172.29542456551957,232.57449635481342
Intervenida,90,2024-06-01,2024,6,176,5188418,1,0,178.61430417424125,242.3126309373346
Intervenida,91,2024-07-01,2024,7,196,5190575,1,0,180.91763323348067,246.66764473988178
Intervenida,92,2024-08-01,2024,8,209,5192733,1,0,178.4056821426577,244.4620470836112
Intervenida,93,2024-09-01,2024,9,183,5194891,1,0,171.89314337085335,236.7188202349835
Intervenida,94,2024-10-01,2024,10,167,5197051,1,0,163.4143060622829,226.17040758187767
Intervenida,95,2024-11-01,2024,11,201,5199212,1,0,155.35370070879463,216.09204632483434
Intervenida,96,2024-12-01,2024,12,181,5201373,1,0,149.68266260857368,209.24743902815405
Control,1,2017-01-01,2017,1,104,4000000,0,0,101.34179082002755,101.34179082002755
Control,2,2017-02-01,2017,2,107,4000999,0,0,103.14606079910791,103.14606079910791
Control,3,2017-03-01,2017,3,116,4001998,0,0,107.44705843512267,107.44705843512267
Control,4,2017-04-01,2017,4,109,4002997,0,0,113.43702541119325,113.43702541119325
Control,5,2017-05-01,2017,5,110,4003996,0,0,119.76091407352152,119.76091407352152
Control,6,2017-06-01,2017,6,130,4004996,0,0,124.75472782644917,124.75472782644917
Control,7,2017-07-01,2017,7,123,4005996,0,0,126.97582943245804,126.97582943245804
Control,8,2017-08-01,2017,8,129,4006996,0,0,125.8195684145133,125.8195684145133
Control,9,2017-09-01,2017,9,133,4007996,0,0,121.8140712312606,121.8140712312606
Control,10,2017-10-01,2017,10,121,4008997,0,0,116.36660500120803,116.36660500120803
Control,11,2017-11-01,2017,11,112,4009998,0,0,111.16273989056594,111.16273989056594
Control,12,2017-12-01,2017,12,121,4010999,0,0,107.62385321032924,107.62385321032924
Control,13,2018-01-01,2018,1,116,4012000,0,0,106.643807585663,106.643807585663
Control,14,2018-02-01,2018,2,128,4013002,0,0,108.542473744489,108.542473744489
Control,15,2018-03-01,2018,3,133,4014003,0,0,113.06846361370361,113.06846361370361
Control,16,2018-04-01,2018,4,110,4015006,0,0,119.3718429511692,119.3718429511692
Control,17,2018-05-01,2018,5,126,4016008,0,0,126.02658598744928,126.02658598744928
Control,18,2018-06-01,2018,6,131,4017011,0,0,131.2816669393244,131.2816669393244
Control,19,2018-07-01,2018,7,124,4018013,0,0,133.61893926262871,133.61893926262871
Control,20,2018-08-01,2018,8,131,4019017,0,0,132.4022180385626,132.4022180385626
Control,21,2018-09-01,2018,9,111,4020020,0,0,128.1871605709141,128.1871605709141
Control,22,2018-10-01,2018,10,131,4021024,0,0,122.45469278276485,122.45469278276485
Control,23,2018-11-01,2018,11,117,4022027,0,0,116.97854180265709,116.97854180265709
Control,24,2018-12-01,2018,12,124,4023032,0,0,113.25453605148405,113.25453605148405
Control,25,2019-01-01,2019,1,108,4024036,0,0,112.2232161514197,112.2232161514197
Control,26,2019-02-01,2019,2,117,4025041,0,0,114.22121687370586,114.22121687370586
Control,27,2019-03-01,2019,3,100,4026046,0,0,118.98402769590547,118.98402769590547
Control,28,2019-04-01,2019,4,103,4027051,0,0,125.61715843897707,125.61715843897707
Control,29,2019-05-01,2019,5,116,4028056,0,0,132.62006520600607,132.62006520600607
Control,30,2019-06-01,2019,6,147,4029062,0,0,138.150082020907,138.150082020907
Control,31,2019-07-01,2019,7,124,4030068,0,0,140.60967080957514,140.60967080957514
Control,32,2019-08-01,2019,8,138,4031074,0,0,139.32925766877582,139.32925766877582
Control,33,2019-09-01,2019,9,148,4032080,0,0,134.89367587484375,134.89367587484375
Control,34,2019-10-01,2019,10,139,4033087,0,0,128.861295584799,128.861295584799
Control,35,2019-11-01,2019,11,119,4034094,0,0,123.0986727649772,123.0986727649772
Control,36,2019-12-01,2019,12,143,4035101,0,0,119.17980297959353,119.17980297959353
Control,37,2020-01-01,2020,1,122,4036108,0,0,118.0945259878745,118.0945259878745
Control,38,2020-02-01,2020,2,110,4037116,0,0,120.19705794414332,120.19705794414332
Control,39,2020-03-01,2020,3,91,4038124,0,1,107.76842778263973,107.76842778263973
Control,40,2020-04-01,2020,4,118,4039132,0,1,113.77630997608759,113.77630997608759
Control,41,2020-05-01,2020,5,133,4040140,0,1,120.1191125444737,120.1191125444737
Control,42,2020-06-01,2020,6,111,4041149,0,1,125.12786169105013,125.12786169105013
Control,43,2020-07-01,2020,7,151,4042158,0,1,127.35560562805911,127.35560562805911
Control,44,2020-08-01,2020,8,106,4043167,0,1,126.19588546915845,126.19588546915845
Control,45,2020-09-01,2020,9,127,4044176,0,1,122.17840732454313,122.17840732454313
Control,46,2020-10-01,2020,10,142,4045186,0,1,116.71464712278816,116.71464712278816
Control,47,2020-11-01,2020,11,137,4046196,0,0,129.53896069169704,129.53896069169704
Control,48,2020-12-01,2020,12,141,4047206,0,0,125.41506246014006,125.41506246014006
Control,49,2021-01-01,2021,1,112,4048216,0,0,124.27300520837228,124.27300520837228
Control,50,2021-02-01,2021,2,118,4049227,0,0,126.48553685902266,126.48553685902266
Control,51,2021-03-01,2021,3,115,4050238,0,0,131.75974558878096,131.75974558878096
Control,52,2021-04-01,2021,4,128,4051249,0,0,139.10509670095706,139.10509670095706
Control,53,2021-05-01,2021,5,120,4052261,0,0,146.85996403391826,146.85996403391826
Control,54,2021-06-01,2021,6,140,4053272,0,0,152.98371942292857,152.98371942292857
Control,55,2021-07-01,2021,7,150,4054284,0,0,155.70740078041626,155.70740078041626
Control,56,2021-08-01,2021,8,125,4055296,0,0,154.28950369659543,154.28950369659543
Control,57,2021-09-01,2021,9,154,4056309,0,0,149.37769389911654,149.37769389911654
Control,58,2021-10-01,2021,10,150,4057322,0,0,142.69759349310687,142.69759349310687
Control,59,2021-11-01,2021,11,138,4058334,0,0,136.3161819573476,136.3161819573476
Control,60,2021-12-01,2021,12,121,4059348,0,0,131.97656109816472,131.97656109816472
Control,61,2022-01-01,2022,1,108,4060361,0,0,130.77475242164866,130.77475242164866
Control,62,2022-02-01,2022,2,137,4061375,0,0,133.10303879078975,133.10303879078975
Control,63,2022-03-01,2022,3,146,4062389,0,0,138.65318376209206,138.65318376209206
Control,64,2022-04-01,2022,4,135,4063403,0,0,146.38282953535753,146.38282953535753
Control,65,2022-05-01,2022,5,164,4064417,0,0,154.5433784281091,154.5433784281091
Control,66,2022-06-01,2022,6,138,4065432,0,0,160.98755453465088,160.98755453465088
Control,67,2022-07-01,2022,7,156,4066447,0,0,163.85373258632964,163.85373258632964
Control,68,2022-08-01,2022,8,174,4067462,0,0,162.3616522328788,162.3616522328788
Control,69,2022-09-01,2022,9,175,4068478,0,0,157.1928638984758,157.1928638984758
Control,70,2022-10-01,2022,10,166,4069493,0,0,150.16323441627387,150.16323441627387
Control,71,2022-11-01,2022,11,145,4070509,0,0,143.447994698905,143.447994698905
Control,72,2022-12-01,2022,12,146,4071526,0,0,138.88133139925887,138.88133139925887
Control,73,2023-01-01,2023,1,140,4072542,0,0,137.61664499152968,137.61664499152968
Control,74,2023-02-01,2023,2,140,4073559,0,0,140.0667415430671,140.0667415430671
Control,75,2023-03-01,2023,3,140,4074576,0,0,145.90725824537537,145.90725824537537
Control,76,2023-04-01,2023,4,137,4075593,0,0,154.04130300006292,154.04130300006292
Control,77,2023-05-01,2023,5,180,4076611,0,0,162.62883463430722,162.62883463430722
Control,78,2023-06-01,2023,6,155,4077628,0,0,169.41011604678684,169.41011604678684
Control,79,2023-07-01,2023,7,156,4078646,0,0,172.426245163046,172.426245163046
Control,80,2023-08-01,2023,8,169,4079665,0,0,170.85614203023695,170.85614203023695
Control,81,2023-09-01,2023,9,153,4080683,0,0,165.41688885590915,165.41688885590915
Control,82,2023-10-01,2023,10,130,4081702,0,0,158.0195198053975,158.0195198053975
Control,83,2023-11-01,2023,11,162,4082721,0,0,150.95294837156018,150.95294837156018
Control,84,2023-12-01,2023,12,136,4083740,0,0,146.14732744368155,146.14732744368155
Control,85,2024-01-01,2024,1,136,4084760,0,0,144.81650890552368,144.81650890552368
Control,86,2024-02-01,2024,2,145,4085780,0,0,147.39478841119148,147.39478841119148
Control,87,2024-03-01,2024,3,174,4086800,0,0,153.54086881017315,153.54086881017315
Control,88,2024-04-01,2024,4,149,4087820,0,0,162.10047042370346,162.10047042370346
Control,89,2024-05-01,2024,5,150,4088840,0,0,171.13724234597512,171.13724234597512
Control,90,2024-06-01,2024,6,204,4089861,0,0,178.27334789515135,178.27334789515135
Control,91,2024-07-01,2024,7,175,4090882,0,0,181.4472730527016,181.4472730527016
Control,92,2024-08-01,2024,8,161,4091904,0,0,179.795022471271,179.795022471271
Control,93,2024-09-01,2024,9,179,4092925,0,0,174.0711952357781,174.0711952357781
Control,94,2024-10-01,2024,10,177,4093947,0,0,166.2868071722532,166.2868071722532
Control,95,2024-11-01,2024,11,142,4094969,0,0,158.85052365441337,158.85052365441337
Control,96,2024-12-01,2024,12,152,4095991,0,0,153.79347950952118,153.79347950952118
